Facility ID,Facility Name,City/Town,State,County/Parish,Hospital overall rating,dfw,pct_9_10,surveys,death_rate,hf_readmit_rate
010001,SOUTHEAST HEALTH MEDICAL CENTER,DOTHAN,AL,HOUSTON,4,False,72.0,1392.0,4.4,19.9
010005,MARSHALL MEDICAL CENTERS,BOAZ,AL,MARSHALL,3,False,68.0,745.0,5.7,20.4
010006,NORTH ALABAMA MEDICAL CENTER,FLORENCE,AL,LAUDERDALE,2,False,61.0,1781.0,5.1,23.1
010007,MIZELL MEMORIAL HOSPITAL,OPP,AL,COVINGTON,1,False,,,6.7,21.7
010011,ST. VINCENT'S EAST,BIRMINGHAM,AL,JEFFERSON,3,False,70.0,1203.0,4.3,21.4
010012,DEKALB REGIONAL MEDICAL CENTER,FORT PAYNE,AL,DE KALB,2,False,62.0,239.0,5.0,22.2
010016,SHELBY BAPTIST MEDICAL CENTER,ALABASTER,AL,SHELBY,2,False,64.0,908.0,4.1,19.9
010019,HELEN KELLER HOSPITAL,SHEFFIELD,AL,COLBERT,2,False,76.0,425.0,5.2,20.6
010021,DALE MEDICAL CENTER,OZARK,AL,DALE,Not Available,False,,,6.3,20.6
010022,FLOYD CHEROKEE MEDICAL CENTER,CENTRE,AL,CHEROKEE,Not Available,False,,,4.4,
010023,BAPTIST MEDICAL CENTER SOUTH,MONTGOMERY,AL,MONTGOMERY,2,False,65.0,1566.0,4.5,21.8
010024,JACKSON HOSPITAL & CLINIC INC,MONTGOMERY,AL,MONTGOMERY,2,False,69.0,672.0,5.4,20.1
010029,THE EAST ALABAMA HEALTHCARE AUTHORITY,OPELIKA,AL,LEE,3,False,71.0,416.0,4.3,19.5
010033,UNIVERSITY OF ALABAMA HOSPITAL,BIRMINGHAM,AL,JEFFERSON,2,False,73.0,6764.0,3.4,21.0
010034,COMMUNITY HOSPITAL INC,TALLASSEE,AL,ELMORE,Not Available,False,,,4.3,20.8
010035,CULLMAN REGIONAL MEDICAL CENTER,CULLMAN,AL,CULLMAN,2,False,65.0,332.0,6.8,24.4
010036,ANDALUSIA HEALTH,ANDALUSIA,AL,COVINGTON,2,False,61.0,259.0,5.3,20.9
010039,HUNTSVILLE HOSPITAL,HUNTSVILLE,AL,MADISON,3,False,70.0,1328.0,4.3,20.8
010040,GADSDEN REGIONAL MEDICAL CENTER,GADSDEN,AL,ETOWAH,2,False,54.0,522.0,4.7,22.1
010044,MARION REGIONAL MEDICAL CENTER,HAMILTON,AL,MARION,3,False,,,4.1,22.2
010045,FAYETTE MEDICAL CENTER,FAYETTE,AL,FAYETTE,4,False,88.0,148.0,3.3,21.3
010046,RIVERVIEW REGIONAL MEDICAL CENTER,GADSDEN,AL,ETOWAH,3,False,67.0,442.0,4.4,22.8
010049,MEDICAL CENTER ENTERPRISE,ENTERPRISE,AL,COFFEE,4,False,66.0,340.0,4.6,20.5
010051,GREENE COUNTY HOSPITAL,EUTAW,AL,GREENE,Not Available,False,,,,
010052,LAKE MARTIN COMMUNITY HOSPITAL,DADEVILLE,AL,TALLAPOOSA,Not Available,False,81.0,100.0,5.3,20.5
010055,FLOWERS HOSPITAL,DOTHAN,AL,HOUSTON,2,False,66.0,984.0,4.8,21.9
010056,ST VINCENT'S BIRMINGHAM,BIRMINGHAM,AL,JEFFERSON,3,False,66.0,1657.0,3.6,22.8
010058,BIBB MEDICAL CENTER,CENTREVILLE,AL,BIBB,Not Available,False,,,5.7,
010061,HIGHLANDS MEDICAL CENTER,SCOTTSBORO,AL,JACKSON,3,False,71.0,221.0,5.0,21.7
010062,WIREGRASS MEDICAL CENTER,GENEVA,AL,GENEVA,Not Available,False,,,4.6,20.8
010065,RUSSELL MEDICAL CENTER,ALEXANDER CITY,AL,TALLAPOOSA,3,False,68.0,212.0,4.7,20.3
010073,CLAY COUNTY HOSPITAL,ASHLAND,AL,CLAY,Not Available,False,,,5.4,
010078,NORTHEAST ALABAMA REGIONAL MEDICAL CENTER,ANNISTON,AL,CALHOUN,1,False,57.0,701.0,4.9,21.1
010079,ATHENS LIMESTONE HOSPITAL,ATHENS,AL,LIMESTONE,2,False,75.0,474.0,5.6,20.6
010083,BALDWIN HEALTH,FOLEY,AL,BALDWIN,4,False,68.0,771.0,4.8,21.2
010085,DECATUR MORGAN HOSPITAL - DECATUR CAMPUS,DECATUR,AL,MORGAN,3,False,69.0,963.0,5.5,22.1
010086,NORTH MISSISSIPPI HEALTH SERVICES - SOUTH MARION,WINFIELD,AL,FAYETTE,4,False,,,5.0,21.1
010087,USA HEALTH UNIVERSITY HOSPITAL,MOBILE,AL,MOBILE,2,False,66.0,1169.0,4.6,19.0
010089,WALKER BAPTIST MEDICAL CENTER,JASPER,AL,WALKER,3,False,59.0,570.0,5.1,21.5
010090,"USA HEALTH HCA PROVIDENCE HOSPITAL, LLC",MOBILE,AL,MOBILE,3,False,62.0,1408.0,5.0,20.1
010091,GROVE HILL MEMORIAL HOSPITAL,GROVE HILL,AL,CLARKE,Not Available,False,,,4.6,
010092,DCH REGIONAL MEDICAL CENTER,TUSCALOOSA,AL,TUSCALOOSA,2,False,63.0,1351.0,4.0,22.5
010095,HALE COUNTY HOSPITAL,GREENSBORO,AL,HALE,Not Available,False,,,4.9,
010097,ELMORE COMMUNITY HOSPITAL,WETUMPKA,AL,ELMORE,Not Available,False,,,4.8,
010099,D W MCMILLAN MEMORIAL HOSPITAL,BREWTON,AL,ESCAMBIA,1,False,,,4.5,
010100,THOMAS HOSPITAL,FAIRHOPE,AL,BALDWIN,2,False,69.0,582.0,3.7,21.9
010101,CITIZENS BAPTIST MEDICAL CENTER,TALLADEGA,AL,TALLADEGA,1,False,75.0,149.0,4.7,21.0
010103,PRINCETON BAPTIST MEDICAL CENTER,BIRMINGHAM,AL,JEFFERSON,3,False,63.0,931.0,4.2,21.0
010104,GRANDVIEW MEDICAL CENTER,BIRMINGHAM,AL,JEFFERSON,3,False,72.0,2127.0,4.0,21.0
010108,PRATTVILLE BAPTIST HOSPITAL,PRATTVILLE,AL,AUTAUGA,3,False,73.0,459.0,4.2,21.4
010110,BULLOCK COUNTY HOSPITAL,UNION SPRINGS,AL,BULLOCK,Not Available,False,,,,
010112,WHITFIELD REGIONAL HOSPITAL,DEMOPOLIS,AL,MARENGO,2,False,62.0,116.0,5.1,22.0
010113,MOBILE INFIRMARY MEDICAL CENTER,MOBILE,AL,MOBILE,2,False,63.0,1009.0,3.9,20.3
010114,"MEDICAL WEST, AN AFFILIATE OF UAB HEALTH SYSTEM",BESSEMER,AL,JEFFERSON,3,False,73.0,919.0,4.1,21.3
010118,VAUGHAN REGIONAL MEDICAL CENTER PARKWAY CAMPUS,SELMA,AL,DALLAS,2,False,55.0,305.0,5.7,20.1
010125,LAKELAND COMMUNITY HOSPITAL,HALEYVILLE,AL,WINSTON,3,False,,,4.8,21.1
010126,TROY REGIONAL MEDICAL CENTER,TROY,AL,PIKE,4,False,75.0,149.0,5.7,19.9
010128,JACKSON MEDICAL CENTER,JACKSON,AL,CLARKE,Not Available,False,,,5.2,20.8
010129,NORTH BALDWIN INFIRMARY,BAY MINETTE,AL,BALDWIN,3,False,82.0,227.0,4.8,21.4
010130,ST VINCENT'S ST CLAIR,PELL CITY,AL,ST. CLAIR,3,False,74.0,393.0,4.2,23.4
010131,CRESTWOOD MEDICAL CENTER,HUNTSVILLE,AL,MADISON,3,False,62.0,859.0,4.3,22.0
010138,HILL HOSPITAL OF SUMTER COUNTY,YORK,AL,SUMTER,Not Available,False,,,,
010139,BAPTIST HEALTH BROOKWOOD HOSPITAL,BIRMINGHAM,AL,JEFFERSON,3,False,59.0,988.0,4.1,22.4
010144,SPRINGHILL MEDICAL CENTER,MOBILE,AL,MOBILE,3,False,68.0,1425.0,4.7,22.3
010148,EVERGREEN MEDICAL CENTER,EVERGREEN,AL,CONECUH,3,False,71.0,109.0,3.8,20.8
010149,BAPTIST MEDICAL CENTER EAST,MONTGOMERY,AL,MONTGOMERY,4,False,73.0,1158.0,3.8,21.8
010150,THE HEALTH CARE AUTHORITY OF THE CITY OF GREENVILLE- LV STABLER HOSPITAL,GREENVILLE,AL,BUTLER,Not Available,False,,,5.1,21.6
010157,NORTH ALABAMA SHOALS HOSPITAL,MUSCLE SHOALS,AL,COLBERT,Not Available,False,,,4.1,
010158,RUSSELLVILLE HOSPITAL,RUSSELLVILLE,AL,FRANKLIN,4,False,69.0,107.0,5.5,
010164,COOSA VALLEY MEDICAL CENTER,SYLACAUGA,AL,TALLADEGA,3,False,67.0,299.0,5.8,21.0
010168,JACK HUGHSTON MEMORIAL HOSPITAL,PHENIX CITY,AL,RUSSELL,4,False,86.0,594.0,3.7,
010169,ATMORE COMMUNITY HOSPITAL,ATMORE,AL,ESCAMBIA,3,False,,,5.3,21.3
010173,ST VINCENT'S CHILTON,CLANTON,AL,CHILTON,Not Available,False,87.0,103.0,3.9,21.5
020001,PROVIDENCE ALASKA MEDICAL CENTER,ANCHORAGE,AK,ANCHORAGE,3,False,74.0,393.0,3.2,19.5
020006,MAT-SU REGIONAL MEDICAL CENTER,PALMER,AK,MATANUSKA-SUSITNA,3,False,70.0,418.0,3.7,20.9
020008,BARTLETT REGIONAL HOSPITAL,JUNEAU,AK,JUNEAU,4,False,84.0,157.0,3.7,20.7
020012,FAIRBANKS MEMORIAL HOSPITAL,FAIRBANKS,AK,FAIRBANKS NORTH STAR,2,False,69.0,445.0,4.1,21.4
020017,ALASKA REGIONAL HOSPITAL,ANCHORAGE,AK,ANCHORAGE,1,False,68.0,675.0,4.5,20.5
020018,YUKON KUSKOKWIM DELTA REG HOSPITAL,BETHEL,AK,BETHEL,5,False,56.0,144.0,4.6,
020024,CENTRAL PENINSULA GENERAL HOSPITAL,SOLDOTNA,AK,KENAI PENINSULA,2,False,75.0,324.0,3.9,23.9
020026,ALASKA NATIVE MEDICAL CENTER,ANCHORAGE,AK,ANCHORAGE,2,False,59.0,364.0,3.6,22.3
030002,BANNER - UNIVERSITY MEDICAL CENTER PHOENIX,PHOENIX,AZ,MARICOPA,3,False,68.0,1209.0,3.2,20.6
030006,TUCSON MEDICAL CENTER,TUCSON,AZ,PIMA,2,False,64.0,3099.0,4.5,20.5
030007,VERDE VALLEY MEDICAL CENTER,COTTONWOOD,AZ,YAVAPAI,4,False,66.0,804.0,3.8,21.5
030010,ST. MARY'S HOSPITAL,TUCSON,AZ,PIMA,2,False,55.0,1173.0,3.9,22.1
030011,ST JOSEPH'S HOSPITAL,TUCSON,AZ,PIMA,3,False,51.0,957.0,4.0,20.4
030012,YAVAPAI REGIONAL MEDICAL CENTER,PRESCOTT,AZ,YAVAPAI,2,False,66.0,477.0,4.1,21.6
030013,YUMA REGIONAL MEDICAL CENTER,YUMA,AZ,YUMA,2,False,62.0,1342.0,4.8,21.8
030014,HONOR HEALTH JOHN C. LINCOLN MEDICAL CENTER,PHOENIX,AZ,MARICOPA,3,False,72.0,576.0,3.6,20.3
030016,BANNER CASA GRANDE MEDICAL CENTER,CASA GRANDE,AZ,PINAL,2,False,58.0,488.0,5.4,22.7
030022,VALLEYWISE HEALTH MEDICAL CENTER,PHOENIX,AZ,MARICOPA,1,False,74.0,783.0,3.6,20.9
030023,FLAGSTAFF MEDICAL CENTER,FLAGSTAFF,AZ,COCONINO,4,False,68.0,815.0,3.7,21.5
030024,ST JOSEPHS HOSPITAL AND MEDICAL CENTER,PHOENIX,AZ,MARICOPA,4,False,73.0,712.0,3.1,20.6
030030,ABRAZO CENTRAL CAMPUS,PHOENIX,AZ,MARICOPA,2,False,58.0,325.0,3.6,21.2
030036,CHANDLER REGIONAL MEDICAL CENTER,CHANDLER,AZ,MARICOPA,4,False,71.0,476.0,3.4,21.5
030037,HONORHEALTH TEMPE MEDICAL CENTER,PHOENIX,AZ,MARICOPA,Not Available,False,52.0,125.0,3.9,22.1
030038,HONORHEALTH SCOTTSDALE OSBORN MEDICAL CENTER,SCOTTSDALE,AZ,MARICOPA,3,False,76.0,431.0,3.6,20.0
030043,CANYON VISTA MEDICAL CENTER,SIERRA VISTA,AZ,COCHISE,2,False,61.0,790.0,4.4,20.5
030055,KINGMAN REGIONAL MEDICAL CENTER,KINGMAN,AZ,MOHAVE,3,False,58.0,507.0,3.7,20.5
030061,BANNER BOSWELL MEDICAL CENTER,SUN CITY,AZ,MARICOPA,3,False,58.0,884.0,3.8,21.2
030062,SUMMIT HEALTHCARE REGIONAL MEDICAL CENTER,SHOW LOW,AZ,NAVAJO,4,False,61.0,569.0,4.8,19.7
030064,BANNER - UNIVERSITY MEDICAL CENTER TUCSON CAMPUS,TUCSON,AZ,PIMA,3,False,67.0,1281.0,3.2,20.0
030065,BANNER DESERT MEDICAL CENTER,MESA,AZ,MARICOPA,2,False,57.0,1116.0,3.8,20.2
030069,HAVASU REGIONAL MEDICAL CENTER,LAKE HAVASU CITY,AZ,MOHAVE,3,False,56.0,1258.0,4.4,21.6
030071,FORT DEFIANCE INDIAN HOSPITAL,FT. DEFIANCE,AZ,APACHE,Not Available,False,73.0,154.0,3.8,
030073,TUBA CITY REGIONAL HEALTH CARE CORPORATION,TUBA CITY,AZ,COCONINO,Not Available,False,63.0,215.0,3.8,
030074,SELLS HOSPITAL,SELLS,AZ,PIMA,Not Available,False,,,,
030078,PHOENIX INDIAN MEDICAL CENTER,PHOENIX,AZ,MARICOPA,Not Available,False,72.0,192.0,3.9,
030083,ABRAZO SCOTTSDALE CAMPUS,PHOENIX,AZ,MARICOPA,3,False,60.0,557.0,4.0,21.3
030084,CHINLE COMPREHENSIVE HEALTH CARE FACILITY,CHINLE,AZ,APACHE,Not Available,False,,,3.9,22.2
030085,NORTHWEST MEDICAL CENTER,TUCSON,AZ,PIMA,2,False,50.0,1181.0,4.1,21.0
030087,HONORHEALTH SCOTTSDALE SHEA MEDICAL CENTER,SCOTTSDALE,AZ,MARICOPA,3,False,71.0,560.0,3.4,19.9
030088,BANNER BAYWOOD MEDICAL CENTER,MESA,AZ,MARICOPA,2,False,61.0,695.0,3.8,22.2
030089,BANNER THUNDERBIRD MEDICAL CENTER,GLENDALE,AZ,MARICOPA,4,False,57.0,1165.0,3.0,19.8
030092,HONORHEALTH DEER VALLEY MEDICAL CENTER,PHOENIX,AZ,MARICOPA,3,False,72.0,558.0,3.4,20.6
030093,BANNER DEL E. WEBB MEDICAL CENTER,SUN CITY WEST,AZ,MARICOPA,3,False,59.0,865.0,3.7,20.2
030094,ABRAZO ARROWHEAD HOSPITAL,GLENDALE,AZ,MARICOPA,2,False,58.0,1617.0,3.2,20.5
030101,WESTERN ARIZONA REGIONAL MEDICAL CENTER,BULLHEAD CITY,AZ,MOHAVE,2,False,56.0,735.0,4.6,21.3
030103,MAYO CLINIC HOSPITAL,PHOENIX,AZ,MARICOPA,5,False,91.0,1947.0,2.3,19.8
030105,BANNER HEART HOSPITAL,MESA,AZ,MARICOPA,2,False,71.0,913.0,2.8,19.9
030107,ARIZONA SPINE AND JOINT HOSPITAL,MESA,AZ,MARICOPA,Not Available,False,77.0,150.0,3.7,
030108,THE CORE INSTITUTE SPECIALTY HOSP,PHOENIX,AZ,MARICOPA,Not Available,False,73.0,245.0,3.7,
030110,ABRAZO WEST CAMPUS,GOODYEAR,AZ,MARICOPA,2,False,49.0,1040.0,4.1,21.0
030111,BANNER-UNIVERSITY MEDICAL CENTER SOUTH CAMPUS,TUCSON,AZ,PIMA,4,False,61.0,455.0,3.8,19.9
030112,ARIZONA ORTHOPEDIC AND SURGICAL SPECIALTY HOSPITAL,PHOENIX,AZ,MARICOPA,Not Available,False,78.0,390.0,3.6,
030113,WHITERIVER PHS INDIAN HOSPITAL,WHITERIVER,AZ,NAVAJO,Not Available,False,65.0,159.0,3.9,
030114,ORO VALLEY HOSPITAL,ORO VALLEY,AZ,PIMA,3,False,61.0,680.0,3.7,19.9
030115,BANNER ESTRELLA MEDICAL CENTER,PHOENIX,AZ,MARICOPA,3,False,67.0,882.0,3.3,20.4
030117,VALLEY VIEW MEDICAL CENTER,FORT MOHAVE,AZ,MOHAVE,2,False,68.0,411.0,4.7,21.1
030119,MERCY GILBERT MEDICAL CENTER,GILBERT,AZ,MARICOPA,5,False,75.0,553.0,3.8,22.3
030121,HONORHEALTH FOUR PEAKS MEDICAL CENTER,MESA,AZ,MARICOPA,2,False,60.0,688.0,4.2,21.9
030122,BANNER GATEWAY MEDICAL CENTER,GILBERT,AZ,MARICOPA,3,False,69.0,792.0,3.9,20.8
030123,HONORHEALTH SCOTTSDALE THOMPSON PEAK MED CTR,SCOTTSDALE,AZ,MARICOPA,5,False,81.0,395.0,3.1,19.4
030130,BANNER IRONWOOD MEDICAL CENTER,QUEEN CREEK,AZ,PINAL,3,False,71.0,467.0,3.3,20.4
030134,BANNER GOLDFIELD MEDICAL CENTER,APACHE JUNCTION,AZ,PINAL,5,False,69.0,129.0,3.4,21.8
030136,DIGNITY HEALTH - ARIZONA GENERAL HOSPITAL,LAVEEN,AZ,MARICOPA,Not Available,False,,,3.5,
030138,CITY OF HOPE CANCER CENTER PHOENIX,GOODYEAR,AZ,MARICOPA,4,False,82.0,239.0,3.6,
030139,DIGNITY HEALTH ARIZONA GENERAL HOSPITAL,MESA,AZ,MARICOPA,5,False,78.0,596.0,3.5,20.2
030146,HONORHEALTH SONORAN CROSSING MEDICAL CENTER,PHOENIX,AZ,MARICOPA,4,False,86.0,462.0,3.1,21.2
030147,BANNER OCOTILLO MEDICAL CENTER,CHANDLER,AZ,MARICOPA,3,False,74.0,416.0,3.7,20.4
030148,NORTHWEST MEDICAL CENTER SAHUARITA,SAHUARITA,AZ,PIMA,3,False,67.0,897.0,4.0,21.2
030152,EXCEPTIONAL COMMUNITY HOSPITAL - MARICOPA,MARICOPA,AZ,PINAL,Not Available,False,,,4.4,
030153,EAST VALLEY ER & HOSPITAL,GILBERT,AZ,MARICOPA,Not Available,False,,,,
030154,EXCEPTIONAL COMMUNITY HOSPITAL YUMA,YUMA,AZ,YUMA,Not Available,False,,,3.7,
030155,EXCEPTIONAL COMMUNITY HOSPITAL BULLHEAD CITY,BULLHEAD CITY,AZ,MOHAVE,Not Available,False,,,3.8,
030195,KAYENTA ALTERNATIVE RURAL HOSPITAL,KAYENTA,AZ,NAVAJO,Not Available,False,,,,
030196,EXCEPTIONAL COMMUNITY HOSPITAL PRESCOTT,PRESCOTT,AZ,YAVAPAI,Not Available,False,,,,
040001,SILOAM SPRINGS REGIONAL HOSPITAL,SILOAM SPRINGS,AR,BENTON,3,False,67.0,202.0,4.4,21.7
040002,JOHNSON REGIONAL MEDICAL CENTER,CLARKSVILLE,AR,JOHNSON,4,False,72.0,224.0,5.6,21.2
040004,WASHINGTON REGIONAL MEDICAL CENTER,FAYETTEVILLE,AR,WASHINGTON,4,False,70.0,569.0,3.8,19.2
040007,CHI-ST VINCENT INFIRMARY,LITTLE ROCK,AR,PULASKI,3,False,64.0,588.0,4.0,20.6
040010,MERCY HOSPITAL NORTHWEST ARKANSAS,ROGERS,AR,BENTON,5,False,77.0,475.0,3.2,21.1
040011,CHAMBERS MEMORIAL HOSPITAL,DANVILLE,AR,YELL,4,False,78.0,179.0,4.1,21.8
040014,WHITE COUNTY MEDICAL CENTER,SEARCY,AR,WHITE,2,False,64.0,637.0,4.3,23.3
040016,University of Arkansas Medical Sciences,LITTLE ROCK,AR,PULASKI,2,False,71.0,1489.0,3.3,21.4
040017,NORTH ARKANSAS REGIONAL MEDICAL CENTER,HARRISON,AR,BOONE,2,False,63.0,291.0,4.9,21.3
040018,BAPTIST HEALTH - VAN BUREN,VAN BUREN,AR,CRAWFORD,Not Available,False,,,,
040019,FORREST CITY MEDICAL CENTER,FORREST CITY,AR,ST. FRANCIS,Not Available,False,69.0,107.0,4.9,20.8
040020,ST BERNARDS MEDICAL CENTER,JONESBORO,AR,CRAIGHEAD,1,False,74.0,398.0,5.0,22.4
040022,NORTHWEST MEDICAL CENTER-SPRINGDALE,SPRINGDALE,AR,WASHINGTON,3,False,64.0,1176.0,4.1,22.1
040026,CHI ST. VINCENT HOSPITAL HOT SPRINGS,HOT SPRINGS,AR,GARLAND,3,False,69.0,585.0,4.7,21.3
040027,BAXTER HEALTH,MOUNTAIN HOME,AR,BAXTER,2,False,71.0,516.0,4.9,21.7
040029,"CONWAY REGIONAL MEDICAL CENTER, INC",CONWAY,AR,FAULKNER,2,False,72.0,1469.0,4.3,21.4
040036,BAPTIST HEALTH MEDICAL CENTER NORTH LITTLE ROCK,NORTH LITTLE ROCK,AR,PULASKI,1,False,56.0,647.0,4.4,21.8
040039,ARKANSAS METHODIST MEDICAL CENTER,PARAGOULD,AR,GREENE,2,False,63.0,355.0,5.2,21.7
040041,ST MARYS REGIONAL MEDICAL CENTER,RUSSELLVILLE,AR,POPE,4,False,61.0,668.0,5.5,20.8
040050,OUACHITA COUNTY MEDICAL CENTER,CAMDEN,AR,OUACHITA,2,False,,,6.2,21.1
040051,BAPTIST HEALTH MEDICAL CENTER-DREW COUNTY,MONTICELLO,AR,DREW,2,False,62.0,187.0,4.0,23.3
040055,BAPTIST HEALTH - FORT SMITH,FORT SMITH,AR,SEBASTIAN,2,False,64.0,546.0,4.5,21.7
040062,MERCY HOSPITAL FORT SMITH,FORT SMITH,AR,SEBASTIAN,3,False,70.0,459.0,3.3,22.5
040069,GREAT RIVER MEDICAL CENTER,BLYTHEVILLE,AR,MISSISSIPPI,2,False,,,6.0,
040071,JEFFERSON REGIONAL MEDICAL CENTER,PINE BLUFF,AR,JEFFERSON,1,False,61.0,812.0,6.4,23.7
040072,BAPTIST HEALTH MEDICAL CENTER-STUTTGART,STUTTGART,AR,ARKANSAS,3,False,,,5.5,20.9
040076,BAPTIST HEALTH MEDICAL CENTER-HOT SPRINGS COUNTY,MALVERN,AR,HOT SPRING,Not Available,False,,,3.9,
040078,NATIONAL PARK MEDICAL CENTER,HOT SPRINGS,AR,GARLAND,2,False,60.0,705.0,5.4,21.2
040084,SALINE MEMORIAL HOSPITAL,BENTON,AR,SALINE,3,False,71.0,511.0,5.3,22.3
040088,SOUTH ARKANSAS REGIONAL HOSPITAL LLC,EL DORADO,AR,UNION,3,False,66.0,293.0,6.2,21.7
040114,BAPTIST HEALTH MEDICAL CENTER-LITTLE ROCK,LITTLE ROCK,AR,PULASKI,3,False,63.0,922.0,4.4,20.1
040118,"BAPTIST MEMORIAL HOSPITAL JONESBORO, INC.",JONESBORO,AR,CRAIGHEAD,3,False,78.0,893.0,3.3,21.3
040119,WHITE RIVER MEDICAL CENTER,BATESVILLE,AR,INDEPENDENCE,3,False,61.0,361.0,4.4,21.7
040132,LEVI HOSPITAL,HOT SPRINGS,AR,GARLAND,Not Available,False,,,,
040134,"ARKANSAS HEART HOSPITAL, LLC",LITTLE ROCK,AR,PULASKI,3,False,87.0,397.0,4.1,20.3
040137,ST VINCENT MEDICAL CENTER/NORTH,SHERWOOD,AR,PULASKI,4,False,75.0,553.0,4.7,22.3
040147,ARKANSAS SURGICAL HOSPITAL,NO LITTLE ROCK,AR,PULASKI,Not Available,False,85.0,430.0,3.7,
040153,SOUTHWEST REGIONAL MEDICAL CENTER LLC,HOPE,AR,HEMPSTEAD,Not Available,False,,,4.3,21.5
040154,BAPTIST HEALTH MEDICAL CENTER- CONWAY,CONWAY,AR,FAULKNER,2,False,77.0,543.0,4.6,22.0
040156,"BAPTIST MEMORIAL HOSPITAL-CRITTENDEN, INC",WEST MEMPHIS,AR,CRITTENDEN,Not Available,False,,,3.8,21.4
040161,ARKANSAS HEART HOSPITAL-ENCORE,BRYANT,AR,SALINE,2,False,85.0,196.0,4.9,21.3
040164,UNITY HEALTH - JACKSONVILLE,JACKSONVILLE,AR,PULASKI,Not Available,False,,,4.0,
050002,ST ROSE HOSPITAL,HAYWARD,CA,ALAMEDA,1,False,60.0,389.0,4.2,20.3
050006,PROVIDENCE ST JOSEPH HOSPITAL,EUREKA,CA,HUMBOLDT,4,False,60.0,432.0,2.9,20.1
050007,PENINSULA MEDICAL CENTER,BURLINGAME,CA,SAN MATEO,5,False,75.0,523.0,2.9,19.0
050008,CALIFORNIA PACIFIC MEDICAL CTR-DAVIES CAMPUS HOSP,SAN FRANCISCO,CA,SAN FRANCISCO,3,False,70.0,602.0,3.8,22.1
050009,PROVIDENCE QUEEN OF THE VALLEY MEDICAL CENTER,NAPA,CA,NAPA,4,False,69.0,449.0,3.7,20.1
050013,ADVENTIST HEALTH ST HELENA,SAINT HELENA,CA,NAPA,4,False,75.0,573.0,3.5,20.1
050014,SUTTER AMADOR HOSPITAL,JACKSON,CA,AMADOR,4,False,79.0,385.0,3.4,19.7
050017,MERCY GENERAL HOSPITAL,SACRAMENTO,CA,SACRAMENTO,3,False,79.0,477.0,3.2,22.3
050022,RIVERSIDE COMMUNITY HOSPITAL,RIVERSIDE,CA,RIVERSIDE,2,False,63.0,596.0,3.1,22.1
050024,PARADISE VALLEY HOSPITAL,NATIONAL CITY,CA,SAN DIEGO,3,False,63.0,427.0,4.0,23.4
050025,UC SAN DIEGO HEALTH HILLCREST - HILLCREST MED CTR,SAN DIEGO,CA,SAN DIEGO,5,False,73.0,3680.0,2.1,19.3
050026,GROSSMONT HOSPITAL,LA MESA,CA,SAN DIEGO,4,False,70.0,3466.0,3.4,22.8
050028,MAD RIVER COMMUNITY HOSPITAL,ARCATA,CA,HUMBOLDT,1,False,69.0,133.0,4.9,21.7
050030,OROVILLE HOSPITAL,OROVILLE,CA,BUTTE,1,False,35.0,769.0,3.8,26.7
050036,BAKERSFIELD MEMORIAL HOSPITAL,BAKERSFIELD,CA,KERN,3,False,73.0,479.0,4.4,21.3
050038,SANTA CLARA VALLEY MEDICAL CENTER,SAN JOSE,CA,SANTA CLARA,2,False,67.0,4032.0,3.0,22.1
050039,ENLOE HEALTH,CHICO,CA,BUTTE,3,False,69.0,1476.0,3.1,20.7
050040,LAC/OLIVE VIEW-UCLA MEDICAL CENTER,SYLMAR,CA,LOS ANGELES,2,False,72.0,500.0,4.0,21.3
050042,ST ELIZABETH COMMUNITY HOSPITAL,RED BLUFF,CA,TEHAMA,4,False,71.0,342.0,3.8,21.8
050043,ALTA BATES SUMMIT MEDICAL CENTER,OAKLAND,CA,ALAMEDA,5,False,75.0,535.0,2.6,19.6
050045,EL CENTRO REGIONAL MEDICAL CENTER,EL CENTRO,CA,IMPERIAL,1,False,55.0,273.0,5.5,21.0
050047,CALIFORNIA PACIFIC MEDICAL CENTER- VAN NESS CAMPUS,SAN FRANCISCO,CA,SAN FRANCISCO,3,False,75.0,478.0,3.1,22.3
050054,SAN GORGONIO MEMORIAL HOSPITAL,BANNING,CA,RIVERSIDE,3,False,71.0,256.0,4.8,20.6
050055,CALIFORNIA PACIFIC MEDICAL CENTER - MISSION BERNAL,SAN FRANCISCO,CA,SAN FRANCISCO,4,False,74.0,406.0,3.2,22.0
050056,ANTELOPE VALLEY HOSPITAL,LANCASTER,CA,LOS ANGELES,1,False,49.0,338.0,5.9,21.0
050057,KAWEAH HEALTH MEDICAL CENTER,VISALIA,CA,TULARE,3,False,68.0,435.0,3.6,22.2
050058,GLENDALE MEM HOSPITAL & HLTH CENTER,GLENDALE,CA,LOS ANGELES,4,False,70.0,565.0,3.2,20.1
050060,COMMUNITY REGIONAL MEDICAL CENTER,FRESNO,CA,FRESNO,1,False,66.0,421.0,3.2,22.0
050063,HOLLYWOOD PRESBYTERIAN MEDICAL CENTER,LOS ANGELES,CA,LOS ANGELES,3,False,58.0,1225.0,3.9,21.9
050067,OAK VALLEY HOSPITAL DISTRICT,OAKDALE,CA,STANISLAUS,1,False,,,4.1,
050069,PROVIDENCE ST. JOSEPH HOSPITAL,ORANGE,CA,ORANGE,4,False,66.0,450.0,3.4,19.8
050070,KAISER FOUNDATION HOSPITAL - SOUTH SAN FRANCISCO,SOUTH SAN FRANCISCO,CA,SAN MATEO,4,False,73.0,553.0,3.7,22.4
050071,KAISER FOUNDATION HOSPITAL-SANTA CLARA,SANTA CLARA,CA,SANTA CLARA,2,False,70.0,572.0,3.8,20.7
050072,KAISER FOUNDATION HOSPITAL - WALNUT CREEK,WALNUT CREEK,CA,CONTRA COSTA,3,False,64.0,633.0,4.2,22.9
050073,KAISER FOUNDATION HOSPITAL AND REHAB CENTER,VALLEJO,CA,SOLANO,2,False,73.0,1137.0,4.5,22.4
050075,KAISER FOUNDATION HOSPITAL - OAKLAND/RICHMOND,OAKLAND,CA,ALAMEDA,2,False,69.0,2982.0,4.1,24.2
050076,KAISER FOUNDATION HOSPITAL - SAN FRANCISCO,SAN FRANCISCO,CA,SAN FRANCISCO,4,False,69.0,2553.0,3.1,21.8
050077,SCRIPPS MERCY HOSPITAL,SAN DIEGO,CA,SAN DIEGO,4,False,68.0,3127.0,2.6,21.9
050078,PROVIDENCE LITTLE CO OF MARY MED CTR SAN PEDRO,SAN PEDRO,CA,LOS ANGELES,4,False,75.0,414.0,3.3,21.2
050082,ST JOHNS REGIONAL MEDICAL CENTER,OXNARD,CA,VENTURA,4,False,70.0,1151.0,3.2,21.8
050084,ST JOSEPH'S MEDICAL CENTER OF STOCKTON,STOCKTON,CA,SAN JOAQUIN,3,False,64.0,541.0,3.8,21.9
050089,COMMUNITY HOSPITAL OF SAN BERNARDINO,SAN BERNARDINO,CA,SAN BERNARDINO,3,False,69.0,353.0,3.5,23.0
050090,SONOMA VALLEY HOSPITAL,SONOMA,CA,SONOMA,2,False,74.0,164.0,5.6,21.1
050091,COMMUNITY HOSPITAL OF HUNTINGTON PARK,HUNTINGTON PARK,CA,LOS ANGELES,1,False,57.0,238.0,4.5,24.9
050093,SAINT AGNES MEDICAL CENTER,FRESNO,CA,FRESNO,2,False,71.0,812.0,3.7,22.6
050099,SAN ANTONIO REGIONAL HOSPITAL,UPLAND,CA,SAN BERNARDINO,3,False,64.0,1938.0,5.0,20.2
050100,SHARP MEMORIAL HOSPITAL,SAN DIEGO,CA,SAN DIEGO,4,False,78.0,5623.0,2.9,21.5
050101,SUTTER SOLANO MEDICAL CENTER,VALLEJO,CA,SOLANO,3,False,64.0,355.0,3.6,22.4
050102,PARKVIEW COMMUNITY HOSPITAL MEDICAL CENTER,RIVERSIDE,CA,RIVERSIDE,3,False,69.0,391.0,4.6,21.3
050103,ADVENTIST HEALTH WHITE MEMORIAL,LOS ANGELES,CA,LOS ANGELES,3,False,62.0,1008.0,4.1,21.6
050104,SAINT FRANCIS MEDICAL CENTER,LYNWOOD,CA,LOS ANGELES,3,False,65.0,575.0,3.6,21.2
050107,MARIAN REGIONAL MEDICAL CENTER,SANTA MARIA,CA,SANTA BARBARA,3,False,67.0,666.0,3.5,21.6
050108,"SUTTER MEDICAL CENTER, SACRAMENTO",SACRAMENTO,CA,SACRAMENTO,4,False,79.0,700.0,3.0,19.9
050110,LOMPOC VALLEY MEDICAL CENTER,LOMPOC,CA,SANTA BARBARA,1,False,46.0,182.0,5.1,21.8
050112,SANTA MONICA - UCLA MED CTR & ORTHOPAEDIC HOSPITAL,SANTA MONICA,CA,LOS ANGELES,5,False,73.0,639.0,2.8,21.5
050113,SAN MATEO MEDICAL CENTER,SAN MATEO,CA,SAN MATEO,Not Available,False,70.0,208.0,3.6,21.8
050115,PALOMAR HEALTH DOWNTOWN CAMPUS,ESCONDIDO,CA,SAN DIEGO,3,False,66.0,2384.0,3.9,22.6
050116,NORTHRIDGE HOSPITAL MEDICAL CENTER,NORTHRIDGE,CA,LOS ANGELES,4,False,67.0,621.0,3.7,20.6
050118,DOCTORS HOSPITAL OF MANTECA,MANTECA,CA,SAN JOAQUIN,2,False,56.0,339.0,3.5,21.4
050121,ADVENTIST HEALTH HANFORD,HANFORD,CA,KINGS,3,False,66.0,947.0,4.1,21.9
050122,DAMERON HOSPITAL,STOCKTON,CA,SAN JOAQUIN,2,False,55.0,385.0,4.6,20.8
050124,USC VERDUGO HILLS HOSPITAL,GLENDALE,CA,LOS ANGELES,4,False,64.0,413.0,3.7,21.6
050126,VALLEY PRESBYTERIAN HOSPITAL,VAN NUYS,CA,LOS ANGELES,1,False,62.0,397.0,4.4,21.7
050127,WOODLAND MEMORIAL HOSPITAL,WOODLAND,CA,YOLO,5,False,72.0,302.0,3.8,20.7
050128,TRI-CITY MEDICAL CENTER,OCEANSIDE,CA,SAN DIEGO,1,False,53.0,403.0,4.4,21.7
050129,ST BERNARDINE MEDICAL CENTER,SAN BERNARDINO,CA,SAN BERNARDINO,2,False,69.0,539.0,4.4,21.0
050131,NOVATO COMMUNITY HOSPITAL,NOVATO,CA,MARIN,5,False,82.0,334.0,3.8,19.6
050132,SAN GABRIEL VALLEY MEDICAL CENTER,SAN GABRIEL,CA,LOS ANGELES,4,False,66.0,489.0,3.9,21.8
050133,ADVENTIST HEALTH AND RIDEOUT,MARYSVILLE,CA,YUBA,2,False,57.0,559.0,4.1,22.0
050135,SOUTHERN CALIFORNIA HOSPITAL AT HOLLYWOOD,HOLLYWOOD,CA,LOS ANGELES,3,False,47.0,476.0,2.1,21.3
050136,PETALUMA VALLEY HOSPITAL,PETALUMA,CA,SONOMA,4,False,67.0,246.0,4.0,21.7
050137,KAISER FOUNDATION HOSPITAL - PANORAMA CITY,PANORAMA CITY,CA,LOS ANGELES,4,False,72.0,555.0,4.1,20.8
050138,KAISER FOUNDATION HOSPITAL - LOS ANGELES,LOS ANGELES,CA,LOS ANGELES,5,False,72.0,1131.0,3.5,22.0
050139,KAISER FOUNDATION HOSPITAL - DOWNEY,DOWNEY,CA,LOS ANGELES,4,False,73.0,553.0,3.9,21.4
050140,KAISER FOUNDATION HOSPITAL FONTANA/ONTARIO,FONTANA,CA,SAN BERNARDINO,3,False,80.0,1560.0,4.2,21.6
050145,COMMUNITY HOSPITAL OF THE MONTEREY PENINSULA,MONTEREY,CA,MONTEREY,4,False,82.0,520.0,2.8,20.6
050149,CALIFORNIA HOSPITAL MEDICAL CENTER LA,LOS ANGELES,CA,LOS ANGELES,2,False,66.0,561.0,3.8,22.3
050150,SIERRA NEVADA MEMORIAL HOSPITAL,GRASS VALLEY,CA,NEVADA,3,False,72.0,468.0,3.3,19.5
050152,UCSF HEALTH SAINT FRANCIS HOSPITAL,SAN FRANCISCO,CA,SAN FRANCISCO,3,False,62.0,217.0,3.6,21.1
050158,ENCINO HOSPITAL MEDICAL CENTER,ENCINO,CA,LOS ANGELES,3,False,51.0,146.0,3.3,20.7
050159,VENTURA COUNTY MEDICAL CENTER,VENTURA,CA,VENTURA,2,False,73.0,983.0,4.2,21.6
050167,SAN JOAQUIN GENERAL HOSPITAL,FRENCH CAMP,CA,SAN JOAQUIN,2,False,58.0,801.0,4.0,20.9
050168,PROVIDENCE ST. JUDE MEDICAL CENTER,FULLERTON,CA,ORANGE,4,False,76.0,521.0,3.4,21.6
050169,PIH HEALTH HOSPITAL-WHITTIER,WHITTIER,CA,LOS ANGELES,4,False,76.0,2178.0,3.1,22.4
050174,PROVIDENCE SANTA ROSA MEMORIAL HOSPITAL,SANTA ROSA,CA,SONOMA,3,False,66.0,473.0,3.2,20.5
050179,EMANUEL MEDICAL CENTER,TURLOCK,CA,STANISLAUS,2,False,60.0,704.0,4.2,21.2
050180,JOHN MUIR MEDICAL CENTER - WALNUT CREEK CAMPUS,WALNUT CREEK,CA,CONTRA COSTA,2,False,69.0,758.0,3.4,19.9
050191,ST MARY MEDICAL CENTER,LONG BEACH,CA,LOS ANGELES,5,False,64.0,464.0,3.6,19.2
050192,ADVENTIST HEALTH REEDLEY,REEDLEY,CA,FRESNO,Not Available,False,69.0,133.0,3.8,
050194,WATSONVILLE COMMUNITY HOSPITAL,WATSONVILLE,CA,SANTA CRUZ,2,False,66.0,264.0,3.8,20.9
050195,WASHINGTON HOSPITAL,FREMONT,CA,ALAMEDA,2,False,71.0,812.0,3.7,21.9
050197,SEQUOIA HOSPITAL,REDWOOD CITY,CA,SAN MATEO,5,False,77.0,631.0,3.2,22.3
050204,PALMDALE REGIONAL MEDICAL CENTER,PALMDALE,CA,LOS ANGELES,3,False,68.0,519.0,4.3,22.8
050211,ALAMEDA HOSPITAL,ALAMEDA,CA,ALAMEDA,4,False,66.0,319.0,3.8,19.9
050222,SHARP CHULA VISTA MEDICAL CENTER,CHULA VISTA,CA,SAN DIEGO,4,False,71.0,2585.0,2.8,22.4
050224,HOAG MEMORIAL HOSPITAL PRESBYTERIAN,NEWPORT BEACH,CA,ORANGE,5,False,81.0,2329.0,2.9,19.9
050226,AHMC ANAHEIM REGIONAL MEDICAL CENTER,ANAHEIM,CA,ORANGE,4,False,60.0,344.0,4.2,19.8
050228,ZUCKERBERG SAN FRANCISCO GENERAL HOSP & TRAUMA CTR,SAN FRANCISCO,CA,SAN FRANCISCO,2,False,72.0,1644.0,3.5,22.1
050230,GARDEN GROVE HOSPITAL & MEDICAL CENTER,GARDEN GROVE,CA,ORANGE,2,False,55.0,480.0,3.8,22.2
050231,POMONA VALLEY HOSPITAL MEDICAL CENTER,POMONA,CA,LOS ANGELES,3,False,67.0,2021.0,3.2,19.8
050232,FRENCH HOSPITAL MEDICAL CENTER,SAN LUIS OBISPO,CA,SAN LUIS OBISPO,5,False,72.0,706.0,3.7,19.5
050234,SHARP CORONADO HOSPITAL AND HLTHCR CTR,CORONADO,CA,SAN DIEGO,4,False,81.0,433.0,3.8,22.4
050235,PROVIDENCE SAINT JOSEPH MEDICAL CTR,BURBANK,CA,LOS ANGELES,3,False,71.0,360.0,3.7,20.8
050236,ADVENTIST HEALTH SIMI VALLEY,SIMI VALLEY,CA,VENTURA,2,False,67.0,486.0,4.0,22.5
050238,USC ARCADIA HOSPITAL,ARCADIA,CA,LOS ANGELES,3,False,59.0,560.0,4.0,18.9
050239,GLENDALE ADVENTIST MEDICAL CENTER,GLENDALE,CA,LOS ANGELES,4,False,66.0,759.0,3.3,19.2
050242,DOMINICAN HOSPITAL,SANTA CRUZ,CA,SANTA CRUZ,4,False,67.0,774.0,3.4,22.0
050243,DESERT REGIONAL MEDICAL CENTER,PALM SPRINGS,CA,RIVERSIDE,2,False,63.0,1035.0,4.2,22.5
050245,ARROWHEAD REGIONAL MEDICAL CENTER,COLTON,CA,SAN BERNARDINO,2,False,70.0,328.0,4.2,20.8
050248,NATIVIDAD MEDICAL CENTER,SALINAS,CA,MONTEREY,3,False,72.0,966.0,4.4,20.9
050254,MARSHALL MEDICAL CENTER,PLACERVILLE,CA,EL DORADO,4,False,72.0,540.0,4.3,19.1
050257,"GOOD SAMARITAN HOSPITAL, LP",BAKERSFIELD,CA,KERN,Not Available,False,,,3.3,
050261,SIERRA VIEW MEDICAL CENTER,PORTERVILLE,CA,TULARE,3,False,57.0,325.0,4.7,21.4
050262,RONALD REAGAN UCLA MEDICAL CENTER,LOS ANGELES,CA,LOS ANGELES,4,False,75.0,814.0,2.4,19.9
050272,REDLANDS COMMUNITY HOSPITAL,REDLANDS,CA,SAN BERNARDINO,2,False,72.0,1263.0,4.8,18.6
050276,CONTRA COSTA REGIONAL MEDICAL CENTER,MARTINEZ,CA,CONTRA COSTA,4,False,75.0,521.0,3.7,21.3
050278,PROVIDENCE HOLY CROSS MEDICAL CENTER,MISSION HILLS,CA,LOS ANGELES,4,False,75.0,439.0,2.8,19.1
050279,HI-DESERT MEDICAL CENTER,JOSHUA TREE,CA,SAN BERNARDINO,2,False,53.0,187.0,5.2,21.1
050280,MERCY MEDICAL CENTER REDDING,REDDING,CA,SHASTA,2,False,64.0,588.0,3.6,21.5
050281,ALHAMBRA HOSPITAL MEDICAL CENTER,ALHAMBRA,CA,LOS ANGELES,4,False,70.0,496.0,4.2,23.1
050283,STANFORD HEALTH CARE TRI-VALLEY,PLEASANTON,CA,ALAMEDA,5,False,70.0,1268.0,3.0,20.1
050289,AHMC SETON MEDICAL CENTER,DALY CITY,CA,SAN MATEO,1,False,59.0,257.0,4.4,20.5
050290,SAINT JOHN'S HEALTH CENTER,SANTA MONICA,CA,LOS ANGELES,4,False,70.0,450.0,3.1,19.8
050291,SUTTER SANTA ROSA REGIONAL HOSPITAL,SANTA ROSA,CA,SONOMA,5,False,76.0,752.0,2.9,21.0
050292,RIVERSIDE UNIVERSITY HEALTH SYSTEM-MEDICAL CENTER,MORENO VALLEY,CA,RIVERSIDE,3,False,65.0,416.0,3.1,22.1
050295,MERCY HOSPITAL,BAKERSFIELD,CA,KERN,3,False,65.0,444.0,4.0,20.7
050298,BARSTOW COMMUNITY HOSPITAL,BARSTOW,CA,SAN BERNARDINO,1,False,73.0,202.0,3.6,21.4
050300,PROVIDENCE ST MARY MEDICAL CENTER,APPLE VALLEY,CA,SAN BERNARDINO,2,False,52.0,479.0,3.8,21.4
050301,ADVENTIST HEALTH UKIAH VALLEY,UKIAH,CA,MENDOCINO,4,False,62.0,341.0,3.7,22.0
050305,ALTA BATES SUMMIT MEDICAL CENTER - ALTA BATES CAMP,BERKELEY,CA,ALAMEDA,4,False,58.0,449.0,2.9,19.4
050308,EL CAMINO HEALTH,MOUNTAIN VIEW,CA,SANTA CLARA,4,False,76.0,1535.0,2.6,19.5
050309,SUTTER ROSEVILLE MEDICAL CENTER,ROSEVILLE,CA,PLACER,5,False,77.0,537.0,2.8,20.6
050313,SUTTER TRACY COMMUNITY HOSPITAL,TRACY,CA,SAN JOAQUIN,4,False,70.0,443.0,3.4,18.8
050315,KERN MEDICAL CENTER,BAKERSFIELD,CA,KERN,1,False,61.0,319.0,4.4,20.6
050320,HIGHLAND HOSPITAL,OAKLAND,CA,ALAMEDA,1,False,68.0,1960.0,3.3,21.9
050324,SCRIPPS MEMORIAL HOSPITAL LA JOLLA,LA JOLLA,CA,SAN DIEGO,5,False,81.0,4573.0,2.5,20.4
050327,LOMA LINDA UNIVERSITY MEDICAL CENTER,LOMA LINDA,CA,SAN BERNARDINO,4,False,74.0,3684.0,3.7,21.0
050329,CORONA REGIONAL MEDICAL CENTER,CORONA,CA,RIVERSIDE,3,False,53.0,480.0,4.5,20.5
050334,SALINAS VALLEY HEALTH MEDICAL CENTER,SALINAS,CA,MONTEREY,4,False,73.0,1383.0,3.9,22.2
050335,ADVENTIST HEALTH SONORA,SONORA,CA,TUOLUMNE,3,False,64.0,326.0,3.9,19.6
050336,ADVENTIST HEALTH LODI MEMORIAL,LODI,CA,SAN JOAQUIN,3,False,68.0,438.0,4.1,22.3
050342,PIONEERS MEMORIAL HEALTHCARE DISTRICT,BRAWLEY,CA,IMPERIAL,3,False,63.0,363.0,4.0,22.2
050348,UCI HEALTH-ORANGE,ORANGE,CA,ORANGE,4,False,65.0,575.0,3.0,20.8
050350,ADVENTIST HEALTH WHITE MEMORIAL MONTEBELLO,MONTEBELLO,CA,LOS ANGELES,3,False,,,,
050351,TORRANCE MEMORIAL MEDICAL CENTER,TORRANCE,CA,LOS ANGELES,5,False,78.0,2607.0,2.8,22.2
050352,BARTON MEMORIAL HOSPITAL,SOUTH LAKE TAHOE,CA,EL DORADO,3,False,79.0,366.0,3.8,21.5
050353,PROVIDENCE LITTLE COMPANY OF MARY MED CTR TORRANCE,TORRANCE,CA,LOS ANGELES,5,False,67.0,414.0,3.4,22.0
050357,GOLETA VALLEY COTTAGE HOSPITAL,SANTA BARBARA,CA,SANTA BARBARA,5,False,81.0,274.0,3.7,21.7
050360,MARINHEALTH MEDICAL CENTER,GREENBRAE,CA,MARIN,5,False,72.0,1233.0,3.1,22.0
050367,NORTHBAY MEDICAL CENTER,FAIRFIELD,CA,SOLANO,2,False,64.0,1123.0,3.6,22.1
050373,LOS ANGELES GENERAL MEDICAL CENTER,LOS ANGELES,CA,LOS ANGELES,2,False,69.0,651.0,3.5,23.2
050376,LAC/HARBOR-UCLA MED CENTER,TORRANCE,CA,LOS ANGELES,1,False,60.0,1594.0,4.0,23.1
050378,PACIFICA HOSPITAL OF THE VALLEY,SUN VALLEY,CA,LOS ANGELES,Not Available,False,,,4.4,
050380,GOOD SAMARITAN HOSPITAL,SAN JOSE,CA,SANTA CLARA,2,False,63.0,704.0,3.3,24.2
050382,EMANATE HEALTH INTER-COMMUNITY HOSPITAL,COVINA,CA,LOS ANGELES,1,False,59.0,924.0,5.1,19.7
050390,HEMET GLOBAL MEDICAL CENTER,HEMET,CA,RIVERSIDE,1,False,44.0,433.0,5.1,22.1
050393,PIH HEALTH DOWNEY HOSPITAL,DOWNEY,CA,LOS ANGELES,4,False,68.0,1108.0,3.9,23.1
050394,COMMUNITY MEMORIAL HOSPITAL - VENTURA,VENTURA,CA,VENTURA,4,False,78.0,949.0,3.5,19.8
050396,SANTA BARBARA COTTAGE HOSPITAL,SANTA BARBARA,CA,SANTA BARBARA,4,False,81.0,3306.0,3.7,22.3
050407,CHINESE HOSPITAL,SAN FRANCISCO,CA,SAN FRANCISCO,2,False,63.0,160.0,3.5,21.7
050411,KAISER FOUNDATION HOSPITAL - SOUTH BAY,HARBOR CITY,CA,LOS ANGELES,3,False,71.0,510.0,5.3,23.0
050414,MERCY HOSPITAL OF FOLSOM,FOLSOM,CA,SACRAMENTO,4,False,73.0,647.0,3.5,23.3
050417,SUTTER COAST HOSPITAL,CRESCENT CITY,CA,DEL NORTE,2,False,69.0,283.0,3.5,20.8
050424,SCRIPPS GREEN HOSPITAL,LA JOLLA,CA,SAN DIEGO,5,False,83.0,1523.0,3.0,20.4
050425,KAISER FOUNDATION HOSPITAL - SACRAMENTO,SACRAMENTO,CA,SACRAMENTO,4,False,59.0,2237.0,4.0,22.6
050426,WEST ANAHEIM MEDICAL CENTER,ANAHEIM,CA,ORANGE,2,False,59.0,454.0,4.3,21.7
050438,HUNTINGTON HOSPITAL,PASADENA,CA,LOS ANGELES,Not Available,False,70.0,1430.0,2.9,18.9
050441,STANFORD HEALTH CARE,STANFORD,CA,SANTA CLARA,5,False,79.0,6810.0,2.1,20.5
050444,MERCY MEDICAL CENTER,MERCED,CA,MERCED,3,False,64.0,394.0,3.6,21.5
050454,UCSF MEDICAL CENTER,SAN FRANCISCO,CA,SAN FRANCISCO,4,False,76.0,3181.0,2.7,20.0
050455,ADVENTIST HEALTH BAKERSFIELD,BAKERSFIELD,CA,KERN,2,False,66.0,1099.0,4.4,20.7
050457,UCSF HEALTH ST. MARY'S HOSPITAL,SAN FRANCISCO,CA,SAN FRANCISCO,4,False,58.0,587.0,2.9,21.1
050464,DOCTORS MEDICAL CENTER,MODESTO,CA,STANISLAUS,1,False,57.0,1045.0,4.6,24.0
050468,MEMORIAL HOSPITAL OF GARDENA,GARDENA,CA,LOS ANGELES,1,False,48.0,233.0,4.9,25.2
050471,PIH HEALTH GOOD SAMARITAN HOSPITAL,LOS ANGELES,CA,LOS ANGELES,2,False,66.0,1234.0,3.6,24.2
050481,UCLA WEST VALLEY MEDICAL CENTER,WEST HILLS,CA,LOS ANGELES,2,False,52.0,519.0,3.4,20.8
050485,MEMORIALCARE LONG BEACH MEDICAL CENTER,LONG BEACH,CA,LOS ANGELES,2,False,67.0,2188.0,3.4,19.4
050488,EDEN MEDICAL CENTER,CASTRO VALLEY,CA,ALAMEDA,4,False,70.0,431.0,3.4,22.1
050492,CLOVIS COMMUNITY MEDICAL CENTER,CLOVIS,CA,FRESNO,2,False,72.0,441.0,3.1,23.0
050496,JOHN MUIR MEDICAL CENTER - CONCORD CAMPUS,CONCORD,CA,CONTRA COSTA,4,False,72.0,521.0,3.8,19.1
050498,SUTTER AUBURN FAITH HOSPITAL,AUBURN,CA,PLACER,5,False,79.0,563.0,3.9,20.2
050503,SCRIPPS MEMORIAL HOSPITAL - ENCINITAS,ENCINITAS,CA,SAN DIEGO,4,False,76.0,2383.0,2.6,20.0
050506,ADVENTIST HEALTH SIERRA VISTA,SAN LUIS OBISPO,CA,SAN LUIS OBISPO,3,False,53.0,559.0,4.0,22.1
050510,KAISER FOUNDATION HOSPITAL,SAN RAFAEL,CA,MARIN,4,False,66.0,1084.0,3.4,19.8
050512,KAISER FOUNDATION HOSPITAL - FREMONT,FREMONT,CA,ALAMEDA,4,False,67.0,753.0,4.4,25.5
050515,KAISER FOUNDATION HOSPITAL - SAN DIEGO,SAN DIEGO,CA,SAN DIEGO,4,False,77.0,1483.0,3.8,20.6
050516,MERCY SAN JUAN MEDICAL CENTER,CARMICHAEL,CA,SACRAMENTO,3,False,68.0,611.0,3.7,22.2
050517,VICTOR VALLEY GLOBAL MEDICAL CENTER,VICTORVILLE,CA,SAN BERNARDINO,1,False,48.0,277.0,4.9,23.1
050523,SUTTER DELTA MEDICAL CENTER,ANTIOCH,CA,CONTRA COSTA,3,False,60.0,610.0,3.8,20.0
050526,HUNTINGTON BEACH HOSPITAL,HUNTINGTON BEACH,CA,ORANGE,1,False,50.0,291.0,3.7,22.4
050528,MEMORIAL HOSPITAL LOS BANOS,LOS BANOS,CA,MERCED,3,False,71.0,172.0,4.6,20.9
050534,JOHN F KENNEDY MEMORIAL HOSPITAL,INDIO,CA,RIVERSIDE,2,False,52.0,522.0,4.9,22.4
050537,SUTTER DAVIS HOSPITAL,DAVIS,CA,YOLO,4,False,80.0,406.0,2.9,21.0
050541,KAISER FOUNDATION HOSPITAL - REDWOOD CITY,REDWOOD CITY,CA,SAN MATEO,4,False,79.0,1673.0,4.3,21.0
050543,COLLEGE HOSPITAL COSTA MESA,COSTA MESA,CA,ORANGE,Not Available,False,,,3.6,
050546,PORTERVILLE DEVELOPMENTAL CENTER,PORTERVILLE,CA,TULARE,Not Available,False,,,,
050549,LOS ROBLES HOSPITAL & MEDICAL CENTER,THOUSAND OAKS,CA,VENTURA,4,False,66.0,682.0,2.9,20.3
050551,UCI HEALTH - LOS ALAMITOS,LOS ALAMITOS,CA,ORANGE,1,False,,,3.6,19.3
050557,MEMORIAL MEDICAL CENTER,MODESTO,CA,STANISLAUS,3,False,70.0,655.0,3.5,19.9
050561,KAISER FOUNDATION HOSPITAL - WEST LA,LOS ANGELES,CA,LOS ANGELES,3,False,73.0,358.0,4.3,21.6
050567,PROVIDENCE MISSION HOSPITAL,MISSION VIEJO,CA,ORANGE,5,False,75.0,474.0,3.6,20.4
050570,UCI HEALTH - FOUNTAIN VALLEY,FOUNTAIN VALLEY,CA,ORANGE,2,False,,,3.7,23.3
050573,EISENHOWER MEDICAL CENTER,RANCHO MIRAGE,CA,RIVERSIDE,4,False,72.0,3489.0,4.8,20.2
050580,LA PALMA INTERCOMMUNITY HOSPITAL,LA PALMA,CA,ORANGE,3,False,57.0,390.0,3.5,21.8
050581,UCI HEALTH-LAKEWOOD,LAKEWOOD,CA,LOS ANGELES,2,False,49.0,391.0,3.5,21.3
050586,CHINO VALLEY MEDICAL CENTER,CHINO,CA,SAN BERNARDINO,4,False,58.0,428.0,3.7,22.7
050588,SAN DIMAS COMMUNITY HOSPITAL,SAN DIMAS,CA,LOS ANGELES,2,False,50.0,418.0,3.8,21.4
050590,METHODIST HOSPITAL OF SACRAMENTO,SACRAMENTO,CA,SACRAMENTO,3,False,66.0,553.0,3.6,20.1
050597,EMANATE HEALTH FOOTHILL PRESBYTERIAN HOSPITAL,GLENDORA,CA,LOS ANGELES,3,False,62.0,582.0,4.7,22.0
050599,UNIVERSITY OF CALIFORNIA DAVIS MEDICAL CENTER,SACRAMENTO,CA,SACRAMENTO,4,False,68.0,2768.0,2.9,21.2
050603,MEMORIALCARE SADDLEBACK MEDICAL CENTER,LAGUNA HILLS,CA,ORANGE,4,False,73.0,1973.0,3.5,20.2
050604,KAISER FOUNDATION HOSPITAL-SAN JOSE,SAN JOSE,CA,SANTA CLARA,3,False,61.0,1294.0,3.8,20.9
050608,ADVENTIST HEALTH DELANO,DELANO,CA,KERN,2,False,58.0,148.0,4.1,21.5
050609,KAISER FOUNDATION HOSPITAL - ORANGE COUNTY - ANAHEIM,ANAHEIM,CA,ORANGE,4,False,80.0,1903.0,3.8,20.7
050624,HENRY MAYO NEWHALL  HOSPITAL,VALENCIA,CA,LOS ANGELES,2,False,67.0,607.0,3.5,21.7
050625,CEDARS-SINAI MEDICAL CENTER,LOS ANGELES,CA,LOS ANGELES,5,False,75.0,1081.0,2.3,19.0
050633,ADVENTIST HEALTH TWIN CITIES,TEMPLETON,CA,SAN LUIS OBISPO,2,False,63.0,555.0,3.7,21.9
050636,PALOMAR MEDICAL CENTER POWAY,POWAY,CA,SAN DIEGO,4,False,59.0,635.0,3.7,20.6
050641,EAST LOS ANGELES DOCTORS HOSPITAL,LOS ANGELES,CA,LOS ANGELES,1,False,45.0,153.0,5.0,21.6
050663,LOS ANGELES COMMUNITY HOSPITAL,LOS ANGELES,CA,LOS ANGELES,3,False,46.0,433.0,2.7,21.3
050668,LAGUNA HONDA HOSPITAL & REHABILITATION CENTER,SAN FRANCISCO,CA,SAN FRANCISCO,Not Available,False,,,4.7,
050674,KAISER FOUNDATION HOSP SO SACRAMENTO,SACRAMENTO,CA,SACRAMENTO,2,False,68.0,542.0,4.1,20.9
050677,KAISER FOUNDATION HOSPITAL - WOODLAND HILLS,WOODLAND HILLS,CA,LOS ANGELES,4,False,66.0,563.0,3.7,21.3
050678,MEMORIALCARE ORANGE COAST MEDICAL CENTER,FOUNTAIN VALLEY,CA,ORANGE,4,False,69.0,2134.0,3.6,21.5
050684,MENIFEE GLOBAL MEDICAL CENTER,SUN CITY,CA,RIVERSIDE,Not Available,False,55.0,163.0,4.7,22.4
050686,"KAISER FOUNDATION HOSPITAL, RIVERSIDE",RIVERSIDE,CA,RIVERSIDE,4,False,69.0,438.0,4.8,19.9
050689,SAN RAMON REGIONAL MEDICAL CENTER,SAN RAMON,CA,CONTRA COSTA,4,False,65.0,642.0,3.2,21.2
050690,KAISER FOUNDATION HOSPITAL-SANTA ROSA,SANTA ROSA,CA,SONOMA,3,False,71.0,2003.0,3.9,22.9
050696,KECK HOSPITAL OF USC,LOS ANGELES,CA,LOS ANGELES,5,False,80.0,744.0,3.0,20.8
050697,PATIENTS' HOSPITAL OF REDDING,REDDING,CA,SHASTA,Not Available,False,,,,
050701,SOUTHWEST HEALTHCARE RANCHO SPRINGS HOSPITAL,MURRIETA,CA,RIVERSIDE,3,False,62.0,1049.0,4.4,23.4
050704,MISSION COMMUNITY HOSPITAL,PANORAMA CITY,CA,LOS ANGELES,3,False,49.0,255.0,3.5,21.3
050708,FRESNO SURGICAL HOSPITAL,FRESNO,CA,FRESNO,Not Available,False,82.0,405.0,4.8,
050709,DESERT VALLEY HOSPITAL,VICTORVILLE,CA,SAN BERNARDINO,3,False,60.0,392.0,3.9,22.5
050710,KAISER FOUNDATION HOSPITAL - FRESNO,FRESNO,CA,FRESNO,4,False,73.0,1072.0,4.4,21.6
050714,SUTTER MATERNITY & SURGERY CENTER OF SANTA CRUZ,SANTA CRUZ,CA,SANTA CRUZ,Not Available,False,87.0,203.0,3.9,
050717,LAC/RANCHO LOS AMIGOS NATIONAL REHABILITATION  CTR,DOWNEY,CA,LOS ANGELES,3,False,76.0,159.0,3.7,
050723,KAISER FOUNDATION HOSPITAL - BALDWIN PARK,BALDWIN PARK,CA,LOS ANGELES,3,False,71.0,530.0,4.8,22.1
050726,STANISLAUS SURGICAL HOSPITAL,MODESTO,CA,STANISLAUS,Not Available,False,,,,
050735,WHITTIER HOSPITAL MEDICAL CENTER,WHITTIER,CA,LOS ANGELES,4,False,62.0,540.0,4.9,21.9
050736,MONTEREY PARK HOSPITAL,MONTEREY PARK,CA,LOS ANGELES,2,False,59.0,326.0,4.7,20.4
050737,GARFIELD MEDICAL CENTER,MONTEREY PARK,CA,LOS ANGELES,1,False,75.0,686.0,4.6,22.2
050738,GREATER EL MONTE COMMUNITY HOSPITAL,SOUTH EL MONTE,CA,LOS ANGELES,2,False,69.0,188.0,4.8,22.1
050739,CENTINELA HOSPITAL MEDICAL CENTER,INGLEWOOD,CA,LOS ANGELES,2,False,50.0,657.0,3.8,25.3
050740,CEDAR-SINAI MARINA DEL REY HOSPITAL,MARINA DEL REY,CA,LOS ANGELES,4,False,60.0,746.0,3.1,22.9
050744,ANAHEIM GLOBAL MEDICAL CENTER,ANAHEIM,CA,ORANGE,2,False,,,4.5,
050745,CHAPMAN GLOBAL MEDICAL CENTER,ORANGE,CA,ORANGE,2,False,,,4.0,21.1
050746,ORANGE COUNTY GLOBAL MEDICAL CENTER,SANTA ANA,CA,ORANGE,2,False,50.0,534.0,4.5,22.7
050747,COASTAL COMMUNITIES HOSPITAL,SANTA ANA,CA,ORANGE,1,False,,,4.4,
050748,KAISER FOUNDATION HOSPITAL MANTECA,MANTECA,CA,SAN JOAQUIN,4,False,71.0,1942.0,4.6,22.3
050755,SHERMAN OAKS HOSPITAL,SHERMAN OAKS,CA,LOS ANGELES,2,False,50.0,331.0,3.5,22.9
050758,MONTCLAIR HOSPITAL MEDICAL CENTER,MONTCLAIR,CA,SAN BERNARDINO,3,False,56.0,437.0,3.3,22.2
050760,KAISER FOUNDATION HOSPITAL - ANTIOCH,ANTIOCH,CA,CONTRA COSTA,1,False,71.0,1220.0,4.4,24.1
050761,PROVIDENCE CEDARS SINAI TARZANA MEDICAL CENTER,TARZANA,CA,LOS ANGELES,3,False,75.0,511.0,3.4,22.4
050763,L A DOWNTOWN MEDICAL CENTER,LOS ANGELES,CA,LOS ANGELES,3,False,,,3.2,
050764,SHASTA REGIONAL MEDICAL CENTER,REDDING,CA,SHASTA,2,False,55.0,416.0,4.3,21.6
050765,KAISER FOUNDATION HOSPITAL-MORENO VALLEY,MORENO VALLEY,CA,RIVERSIDE,4,False,68.0,592.0,4.6,21.1
050766,SUTTER SURGICAL HOSPITAL - NORTH VALLEY,YUBA CITY,CA,SUTTER,Not Available,False,,,3.9,
050767,KAISER FOUNDATION HOSPITAL - VACAVILLE,VACAVILLE,CA,SOLANO,4,False,74.0,1058.0,4.6,21.0
050769,HOAG ORTHOPEDIC INSTITUTE,IRVINE,CA,ORANGE,Not Available,False,83.0,512.0,3.0,
050770,LOMA LINDA UNIVERSITY MEDICAL CENTER-MURRIETA,MURRIETA,CA,RIVERSIDE,2,False,63.0,1156.0,3.8,22.0
050771,COAST PLAZA HOSPITAL,NORWALK,CA,LOS ANGELES,1,False,42.0,119.0,4.8,21.8
050772,KAISER FOUNDATION HOSPITAL - ROSEVILLE,ROSEVILLE,CA,PLACER,4,False,62.0,854.0,4.0,21.8
050775,TEMECULA VALLEY HOSPITAL,TEMECULA,CA,RIVERSIDE,4,False,73.0,914.0,4.3,21.5
050776,COLLEGE MEDICAL CENTER,LONG BEACH,CA,LOS ANGELES,3,False,,,3.7,21.8
050777,KAISER FOUNDATION HOSPITAL - SAN LEANDRO,SAN LEANDRO,CA,ALAMEDA,2,False,70.0,635.0,4.3,21.6
050778,LOMA LINDA UNIVERSITY CHILDREN'S HOSPITAL,LOMA LINDA,CA,SAN BERNARDINO,3,False,75.0,796.0,,
050779,"MARTIN LUTHER KING, JR. COMMUNITY HOSPITAL",LOS ANGELES,CA,LOS ANGELES,4,False,66.0,532.0,3.8,21.7
050780,FOOTHILL REGIONAL MEDICAL CENTER,TUSTIN,CA,ORANGE,3,False,47.0,356.0,3.4,20.8
050782,CASA COLINA HOSPITAL,POMONA,CA,LOS ANGELES,Not Available,False,,,4.0,
050783,COLUSA MEDICAL CENTER,COLUSA,CA,COLUSA,1,False,,,4.7,21.7
050784,ADVENTIST HEALTH TULARE,TULARE,CA,TULARE,3,False,66.0,219.0,3.3,21.2
050785,DOCS SURGICAL HOSPITAL,LOS ANGELES,CA,LOS ANGELES,Not Available,False,,,3.9,
050854,"ANAHEIM COMMUNITY HOSPITAL, LLC",ANAHEIM,CA,ORANGE,Not Available,False,,,,
050855,KAISER FOUNDATION HOSPITAL - SAN MARCOS,SAN MARCOS,CA,SAN DIEGO,4,False,86.0,559.0,3.6,22.6
050856,MADERA COMMUNITY HOSPITAL,MADERA,CA,MADERA,Not Available,False,,,,
060001,BANNER NORTH COLORADO MEDICAL CENTER,GREELEY,CO,WELD,4,False,68.0,557.0,3.1,21.2
060003,LONGMONT UNITED HOSPITAL,LONGMONT,CO,BOULDER,3,False,67.0,215.0,4.0,20.2
060004,INTERMOUNTAIN HEALTH PLATTE VALLEY HOSPITAL,BRIGHTON,CO,ADAMS,3,False,73.0,543.0,3.6,19.5
060006,MONTROSE REGIONAL HEALTH,MONTROSE,CO,MONTROSE,4,False,77.0,359.0,4.6,19.5
060008,SAN LUIS VALLEY REGIONAL  MEDICAL CENTER,ALAMOSA,CO,ALAMOSA,3,False,62.0,209.0,4.5,
060009,INTERMOUNTAIN HEALTH LUTHERAN HOSPITAL,WHEAT RIDGE,CO,JEFFERSON,4,False,80.0,1159.0,3.5,18.1
060010,POUDRE VALLEY HOSPITAL,FORT COLLINS,CO,LARIMER,5,False,77.0,1637.0,3.2,19.1
060011,DENVER HEALTH & HOSPITAL AUTHORITY,DENVER,CO,DENVER,3,False,71.0,3092.0,3.6,21.3
060012,ST MARY-CORWIN HOSPITAL,PUEBLO,CO,PUEBLO,4,False,76.0,290.0,3.7,19.4
060013,MERCY REGIONAL MEDICAL CENTER,DURANGO,CO,LA PLATA,5,False,75.0,464.0,3.6,20.2
060014,HCA HealthOne Presbyterian St. Lukes,DENVER,CO,DENVER,2,False,69.0,796.0,3.6,22.3
060015,CENTURA HEALTH-ST ANTHONY HOSPITAL,LAKEWOOD,CO,JEFFERSON,4,False,67.0,433.0,3.3,20.7
060020,"PARKVIEW MEDICAL CENTER, INC",PUEBLO,CO,PUEBLO,3,False,61.0,1814.0,3.2,17.8
060022,UCH-MEMORIAL HEALTH SYSTEM,COLORADO SPRINGS,CO,EL PASO,4,False,71.0,4311.0,3.3,17.9
060023,INTERMOUNTAIN HEALTH ST. MARY'S REGIONAL HOSPITAL,GRAND JUNCTION,CO,MESA,4,False,74.0,980.0,3.1,20.2
060024,UNIVERSITY OF COLORADO HOSPITAL AUTHORITY,AURORA,CO,ADAMS,5,False,74.0,5233.0,2.4,17.1
060027,BOULDER COMMUNITY HEALTH,BOULDER,CO,BOULDER,4,False,77.0,1171.0,3.2,17.9
060028,SAINT JOSEPH HOSPITAL,DENVER,CO,DENVER,5,False,80.0,1155.0,3.3,19.3
060030,BANNER NORTH CO MEDICAL CENTER - LOVELAND CAMPUS,LOVELAND,CO,LARIMER,3,False,65.0,340.0,3.7,19.5
060031,CENTURA HEALTH-PENROSE ST FRANCIS HEALTH SERVICES,COLORADO SPRINGS,CO,EL PASO,3,False,68.0,2336.0,3.5,20.5
060032,HCA HEALTHONE ROSE,DENVER,CO,DENVER,4,False,73.0,671.0,3.6,20.9
060034,HCA-HEALTHONE DBA SWEDISH MEDICAL CENTER,ENGLEWOOD,CO,ARAPAHOE,4,False,62.0,541.0,3.9,21.3
060044,ST ELIZABETH HOSPITAL,FORT MORGAN,CO,MORGAN,4,False,71.0,120.0,4.6,20.3
060049,UCHEALTH YAMPA VALLEY MEDICAL CENTER,STEAMBOAT SPRINGS,CO,ROUTT,Not Available,False,80.0,172.0,3.9,
060054,COMMUNITY HOSPITAL,GRAND JUNCTION,CO,MESA,4,False,78.0,403.0,4.0,20.1
060064,AdventHealth Porter,DENVER,CO,DENVER,4,False,68.0,740.0,3.1,21.4
060065,HCA HEALTHONE MOUNTAIN RIDGE,THORNTON,CO,ADAMS,3,False,56.0,570.0,4.2,22.0
060071,DELTA COUNTY MEMORIAL HOSPITAL,DELTA,CO,DELTA,3,False,69.0,223.0,3.7,20.4
060075,VALLEY VIEW HOSPITAL ASSOCIATION,GLENWOOD SPRINGS,CO,GARFIELD,4,False,79.0,417.0,3.5,20.6
060076,STERLING REGIONAL MEDCENTER,STERLING,CO,LOGAN,3,False,67.0,134.0,3.8,22.5
060096,VAIL HEALTH HOSPITAL,VAIL,CO,EAGLE,5,False,82.0,309.0,3.6,21.2
060100,THE MEDICAL CENTER OF AURORA & SOUTH HOSPITAL,AURORA,CO,ARAPAHOE,4,False,60.0,786.0,3.4,17.6
060103,ADVENTHEALTH AVISTA,LOUISVILLE,CO,BOULDER,4,False,79.0,349.0,3.8,21.3
060104,CENTURA HEALTH-ST ANTHONY NORTH HEALTH CAMPUS,WESTMINSTER,CO,BROOMFIELD,5,False,70.0,927.0,3.2,20.0
060107,NATIONAL JEWISH HEALTH,DENVER,CO,DENVER,Not Available,False,,,,
060112,SKY RIDGE MEDICAL CENTER,LONE TREE,CO,DOUGLAS,3,False,70.0,658.0,3.0,20.3
060113,AdventHealth Littleton,LITTLETON,CO,ARAPAHOE,4,False,76.0,1114.0,3.3,19.0
060114,AdventHealth Parker,PARKER,CO,DOUGLAS,5,False,77.0,854.0,3.3,20.3
060116,GOOD SAMARITAN MEDICAL CENTER LLC,LAFAYETTE,CO,BOULDER,4,False,76.0,870.0,3.3,19.7
060117,"ANIMAS SURGICAL HOSPITAL, LLC",DURANGO,CO,LA PLATA,Not Available,False,87.0,165.0,3.9,
060118,ST ANTHONY SUMMIT MEDICAL CENTER,FRISCO,CO,SUMMIT,Not Available,False,85.0,176.0,3.6,
060119,MEDICAL CENTER OF THE ROCKIES,LOVELAND,CO,LARIMER,5,False,80.0,2420.0,2.7,19.8
060124,ORTHOCOLORADO HOSP AT ST ANTHONY MED CAMPUS,LAKEWOOD,CO,JEFFERSON,Not Available,False,79.0,304.0,3.5,
060125,ADVENTHEALTH CASTLE ROCK,CASTLE ROCK,CO,DOUGLAS,5,False,78.0,533.0,3.2,21.1
060126,BANNER FORT COLLINS MEDICAL CENTER,FORT COLLINS,CO,LARIMER,Not Available,False,79.0,211.0,3.7,20.5
060128,LONGS PEAK HOSPITAL,LONGMONT,CO,BOULDER,5,False,77.0,882.0,3.3,18.5
060129,UCHEALTH BROOMFIELD HOSPITAL,BROOMFIELD,CO,JEFFERSON,Not Available,False,74.0,117.0,3.8,
060130,UCHEALTH GRANDVIEW HOSPITAL,COLORADO SPRINGS,CO,EL PASO,Not Available,False,,,3.6,
060131,UCHEALTH GREELEY HOSPITAL,GREELEY,CO,WELD,4,False,80.0,714.0,3.1,19.0
060132,UCHEALTH HIGHLANDS RANCH HOSPITAL,HIGHLANDS RANCH,CO,DOUGLAS,5,False,77.0,1438.0,3.0,19.0
060133,ST FRANCIS HOSPITAL - INTERQUEST,COLORADO SPRINGS,CO,EL PASO,Not Available,False,79.0,145.0,3.7,
070002,ST FRANCIS HOSPITAL & MEDICAL CENTER,HARTFORD,CT,HARTFORD,2,False,58.0,410.0,3.9,19.4
070003,DAY KIMBALL HOSPITAL,PUTNAM,CT,WINDHAM,2,False,63.0,394.0,5.2,22.7
070004,SHARON HOSPITAL,SHARON,CT,LITCHFIELD,5,False,75.0,299.0,4.0,20.9
070005,WATERBURY HOSPITAL,WATERBURY,CT,NEW HAVEN,2,False,55.0,454.0,3.6,20.5
070006,STAMFORD HOSPITAL,STAMFORD,CT,FAIRFIELD,5,False,73.0,1039.0,3.1,20.4
070007,LAWRENCE & MEMORIAL HOSPITAL,NEW LONDON,CT,NEW LONDON,3,False,60.0,919.0,2.9,20.8
070008,JOHNSON MEMORIAL HOSPITAL,STAFFORD SPRINGS,CT,TOLLAND,3,False,72.0,214.0,4.1,21.4
070010,BRIDGEPORT HOSPITAL,BRIDGEPORT,CT,FAIRFIELD,4,False,63.0,1060.0,2.6,21.7
070011,CHARLOTTE HUNGERFORD HOSPITAL,TORRINGTON,CT,LITCHFIELD,3,False,62.0,513.0,3.7,23.5
070016,SAINT MARY'S HOSPITAL,WATERBURY,CT,NEW HAVEN,3,False,58.0,503.0,4.1,21.7
070017,MIDSTATE MEDICAL CENTER,MERIDEN,CT,NEW HAVEN,4,False,76.0,1059.0,3.1,21.7
070018,GREENWICH HOSPITAL ASSOCIATION -,GREENWICH,CT,FAIRFIELD,5,False,74.0,454.0,2.4,18.3
070020,MIDDLESEX HOSPITAL,MIDDLETOWN,CT,MIDDLESEX,3,False,74.0,1233.0,3.6,20.7
070021,WINDHAM COMMUNITY MEMORIAL HOSPITAL,WILLIMANTIC,CT,WINDHAM,3,False,66.0,355.0,3.5,21.9
070022,YALE-NEW HAVEN HOSPITAL,NEW HAVEN,CT,NEW HAVEN,5,False,64.0,863.0,2.2,21.6
070024,WILLIAM W BACKUS HOSPITAL,NORWICH,CT,NEW LONDON,4,False,60.0,955.0,3.0,20.8
070025,HARTFORD HOSPITAL,HARTFORD,CT,HARTFORD,4,False,62.0,2047.0,2.5,21.0
070027,MANCHESTER MEMORIAL HOSPITAL,MANCHESTER,CT,HARTFORD,4,False,56.0,415.0,3.9,22.0
070028,ST VINCENT'S MEDICAL CENTER,BRIDGEPORT,CT,FAIRFIELD,4,False,70.0,1112.0,3.4,21.2
070029,BRISTOL HOSPITAL,BRISTOL,CT,HARTFORD,2,False,64.0,414.0,4.1,22.6
070031,GRIFFIN HOSPITAL,DERBY,CT,NEW HAVEN,4,False,74.0,753.0,3.6,19.2
070033,DANBURY HOSPITAL,DANBURY,CT,FAIRFIELD,4,False,65.0,2200.0,3.3,20.9
070034,NORWALK HOSPITAL,NORWALK,CT,FAIRFIELD,3,False,64.0,1877.0,3.0,23.0
070035,THE HOSPITAL OF CENTRAL CONNECTICUT,NEW BRITAIN,CT,HARTFORD,2,False,65.0,1044.0,3.0,21.9
070036,JOHN DEMPSEY HOSPITAL OF THE UNIVERSITY OF CONNECT,FARMINGTON,CT,HARTFORD,3,False,77.0,895.0,3.5,19.5
070038,THE CONNECTICUT HOSPICE INC.,BRANFORD,CT,NEW HAVEN,Not Available,False,,,,
080001,CHRISTIANA HOSPITAL,NEWARK,DE,NEW CASTLE,4,False,61.0,10002.0,3.1,20.2
080003,ST FRANCIS HOSPITAL,WILMINGTON,DE,NEW CASTLE,3,False,63.0,317.0,3.8,20.5
080004,"BAYHEALTH MEDICAL CENTER, KENT CAMPUS",DOVER,DE,KENT,2,False,60.0,915.0,4.5,21.4
080006,"TIDALHEALTH NANTICOKE, INC.",SEAFORD,DE,SUSSEX,3,False,68.0,400.0,3.9,20.7
080007,BEEBE MEDICAL CENTER,LEWES,DE,SUSSEX,3,False,60.0,1012.0,4.3,20.0
080009,"BAYHEALTH HOSPITAL, SUSSEX CAMPUS",MILFORD,DE,SUSSEX,3,False,75.0,1315.0,3.7,21.8
090001,GEORGE WASHINGTON UNIV HOSPITAL,WASHINGTON,DC,THE DISTRICT,2,False,62.0,652.0,3.5,22.0
090003,HOWARD UNIVERSITY HOSPITAL CORP,WASHINGTON,DC,THE DISTRICT,1,False,51.0,533.0,4.3,22.6
090004,MEDSTAR GEORGETOWN UNIVERSITY HOSPITAL,WASHINGTON,DC,THE DISTRICT,3,False,69.0,1947.0,3.2,21.7
090005,SIBLEY MEMORIAL HOSPITAL,WASHINGTON,DC,THE DISTRICT,5,False,76.0,1797.0,2.9,22.4
090008,UNITED MEDICAL CENTER,WASHINGTON,DC,THE DISTRICT,3,False,,,3.6,21.3
090011,MEDSTAR WASHINGTON HOSPITAL CENTER,WASHINGTON,DC,THE DISTRICT,3,False,61.0,2420.0,3.0,19.6
100001,SHANDS JACKSONVILLE,JACKSONVILLE,FL,DUVAL,4,False,68.0,3602.0,2.8,19.6
100002,BETHESDA HOSPITAL EAST,BOYNTON BEACH,FL,PALM BEACH,2,False,63.0,1150.0,4.2,21.6
100006,ORLANDO HEALTH,ORLANDO,FL,ORANGE,4,False,74.0,10480.0,2.6,23.2
100007,ADVENTHEALTH ORLANDO,ORLANDO,FL,ORANGE,3,False,74.0,11461.0,2.5,22.8
100008,BAPTIST HOSPITAL OF MIAMI,MIAMI,FL,MIAMI-DADE,5,False,70.0,1167.0,2.3,19.4
100012,LEE MEMORIAL HOSPITAL,FORT MYERS,FL,LEE,5,False,67.0,4145.0,2.4,20.4
100014,ADVENTHEALTH NEW SMYRNA BEACH,NEW SMYRNA BEACH,FL,VOLUSIA,4,False,70.0,1494.0,3.9,22.4
100017,HALIFAX HEALTH MEDICAL CENTER,DAYTONA BEACH,FL,VOLUSIA,2,False,65.0,2175.0,3.4,25.3
100018,NAPLES COMMUNITY HOSPITAL,NAPLES,FL,COLLIER,3,False,60.0,3005.0,3.3,20.7
100019,HOLMES REGIONAL MEDICAL CENTER,MELBOURNE,FL,BREVARD,4,False,58.0,599.0,4.5,19.5
100022,JACKSON HEALTH SYSTEM,MIAMI,FL,MIAMI-DADE,1,False,68.0,3911.0,4.4,23.3
100023,HCA FLORIDA CITRUS HOSPITAL,INVERNESS,FL,CITRUS,2,False,62.0,620.0,5.5,21.9
100025,SACRED HEART HOSPITAL,PENSACOLA,FL,ESCAMBIA,4,False,63.0,466.0,4.7,21.4
100026,ASCENSION SACRED HEART BAY,PANAMA CITY,FL,BAY,3,False,69.0,482.0,4.1,22.4
100028,PARRISH MEDICAL CENTER,TITUSVILLE,FL,BREVARD,2,False,60.0,524.0,5.6,21.6
100029,NORTH SHORE MEDICAL CENTER,MIAMI,FL,MIAMI-DADE,1,False,48.0,470.0,4.9,24.0
100030,ORLANDO HEALTH-HEALTH CENTRAL HOSPITAL,OCOEE,FL,ORANGE,3,False,73.0,1769.0,3.0,23.0
100032,ORLANDO HEALTH BAYFRONT HOSPITAL,SAINT PETERSBURG,FL,PINELLAS,2,False,67.0,1420.0,3.6,21.3
100034,"MOUNT SINAI MEDICAL CENTER OF FLORIDA, INC",MIAMI BEACH,FL,MIAMI-DADE,3,False,70.0,3966.0,3.0,21.6
100035,MANATEE MEMORIAL HOSPITAL,BRADENTON,FL,MANATEE,3,False,59.0,596.0,5.0,21.5
100038,MEMORIAL REGIONAL HOSPITAL,HOLLYWOOD,FL,BROWARD,3,False,70.0,3584.0,3.6,21.4
100039,BROWARD HEALTH MEDICAL CENTER,FORT LAUDERDALE,FL,BROWARD,3,False,64.0,946.0,4.4,25.2
100040,ASCENSION ST VINCENT'S RIVERSIDE,JACKSONVILLE,FL,DUVAL,3,False,65.0,374.0,4.3,18.8
100043,MEASE DUNEDIN HOSPITAL,DUNEDIN,FL,PINELLAS,4,False,80.0,758.0,4.1,22.2
100044,CLEVELAND CLINIC MARTIN NORTH HOSPITAL,STUART,FL,MARTIN,3,False,61.0,2352.0,3.1,22.0
100045,ADVENTHEALTH DELAND,DELAND,FL,VOLUSIA,4,False,71.0,1483.0,3.4,23.1
100046,Adventhealth Zephyrhills,ZEPHYRHILLS,FL,PASCO,4,False,75.0,1767.0,3.0,20.2
100049,HCA FLORIDA HIGHLANDS HOSPITAL,SEBRING,FL,HIGHLANDS,3,False,60.0,468.0,3.9,20.9
100050,LARKIN COMMUNITY HOSPITAL PALM SPRINGS CAMPUS,HIALEAH,FL,MIAMI-DADE,4,False,58.0,380.0,4.5,21.5
100051,ORLANDO HEALTH SOUTH LAKE HOSPITAL,CLERMONT,FL,LAKE,3,False,73.0,2330.0,3.4,21.5
100052,WINTER HAVEN HOSPITAL,WINTER HAVEN,FL,POLK,3,False,66.0,2279.0,4.5,19.8
100053,HIALEAH HOSPITAL,HIALEAH,FL,MIAMI-DADE,3,False,54.0,364.0,5.1,22.6
100054,HCA FLORIDA TWIN CITIES HOSPITAL,NICEVILLE,FL,OKALOOSA,5,False,81.0,411.0,3.7,20.7
100055,ADVENTHEALTH NORTH PINELLAS,TARPON SPRINGS,FL,PINELLAS,4,False,74.0,912.0,4.2,23.0
100057,ADVENTHEALTH WATERMAN,TAVARES,FL,LAKE,4,False,72.0,2815.0,3.7,23.9
100062,ADVENTHEALTH OCALA,OCALA,FL,MARION,4,False,69.0,2608.0,4.1,21.7
100063,MORTON PLANT NORTH BAY HOSPITAL,NEW PORT RICHEY,FL,PASCO,3,False,76.0,1372.0,4.5,22.0
100067,ST ANTHONYS HOSPITAL,SAINT PETERSBURG,FL,PINELLAS,3,False,77.0,2458.0,4.2,21.5
100068,ADVENTHEALTH DAYTONA BEACH,DAYTONA BEACH,FL,VOLUSIA,5,False,72.0,2749.0,3.6,21.0
100069,AdventHealth Carrollwood,TAMPA,FL,HILLSBOROUGH,3,False,70.0,1045.0,3.6,20.0
100071,TAMPA GENERAL HOSPITAL BROOKSVILLE,BROOKSVILLE,FL,HERNANDO,1,False,52.0,763.0,4.7,24.2
100072,ADVENTHEALTH FISH MEMORIAL,ORANGE CITY,FL,VOLUSIA,5,False,75.0,1805.0,3.1,22.2
100073,HOLY CROSS HOSPITAL,FT LAUDERDALE,FL,BROWARD,4,False,61.0,1092.0,4.0,19.1
100075,ST JOSEPHS HOSPITAL,TAMPA,FL,HILLSBOROUGH,4,False,77.0,6159.0,4.0,22.3
100077,Adventhealth Port Charlotte,PORT CHARLOTTE,FL,CHARLOTTE,1,False,50.0,872.0,4.9,22.6
100080,HCA FLORIDA JFK HOSPITAL,ATLANTIS,FL,PALM BEACH,2,False,57.0,904.0,4.0,21.6
100084,UF HEALTH LEESBURG HOSPITAL,LEESBURG,FL,LAKE,3,False,67.0,3004.0,3.6,19.1
100086,BROWARD HEALTH NORTH,DEERFIELD BEACH,FL,BROWARD,3,False,67.0,702.0,3.9,21.6
100087,SARASOTA MEMORIAL HOSPITAL,SARASOTA,FL,SARASOTA,5,False,72.0,5734.0,2.9,21.2
100088,BAPTIST HEALTH MEDICAL CENTER - JACKSONVILLE,JACKSONVILLE,FL,DUVAL,4,False,76.0,680.0,3.0,20.6
100090,FLAGLER HOSPITAL,SAINT AUGUSTINE,FL,ST. JOHNS,3,False,65.0,403.0,3.9,21.0
100093,BAPTIST HOSPITAL,PENSACOLA,FL,ESCAMBIA,4,False,77.0,724.0,4.0,22.3
100099,ADVENTHEALTH LAKE WALES,LAKE WALES,FL,POLK,2,False,67.0,507.0,4.5,21.0
100105,CLEVELAND CLINIC INDIAN RIVER HOSPITAL,VERO BEACH,FL,INDIAN RIVER,4,False,57.0,1879.0,3.5,20.1
100107,HCA FLORIDA LEHIGH HOSPITAL,LEHIGH ACRES,FL,LEE,2,False,47.0,353.0,3.7,21.6
100109,ADVENTHEALTH SEBRING,SEBRING,FL,HIGHLANDS,3,False,66.0,1792.0,4.1,21.7
100110,HCA FLORIDA OSCEOLA HOSPITAL,KISSIMMEE,FL,OSCEOLA,2,False,61.0,745.0,3.5,23.9
100113,UF HEALTH SHANDS HOSPITAL,GAINESVILLE,FL,ALACHUA,5,False,75.0,3034.0,2.5,21.7
100117,BAPTIST MEDICAL CENTER  BEACHES,JACKSONVILLE BEACH,FL,DUVAL,4,False,80.0,631.0,3.1,21.2
100118,AdventHealth Palm Coast,PALM COAST,FL,FLAGLER,5,False,74.0,1470.0,3.1,21.1
100121,BARTOW REGIONAL MEDICAL CENTER,BARTOW,FL,POLK,3,False,71.0,531.0,4.0,22.4
100122,NORTH OKALOOSA MEDICAL CENTER,CRESTVIEW,FL,OKALOOSA,3,False,57.0,434.0,4.9,21.0
100124,SANTA ROSA MEDICAL CENTER,MILTON,FL,SANTA ROSA,4,False,62.0,397.0,4.8,20.3
100125,HOMESTEAD HOSPITAL,HOMESTEAD,FL,MIAMI-DADE,4,False,70.0,529.0,3.4,21.7
100126,HCA FLORIDA PASADENA HOSPITAL A PART OF HCA FLORID,SAINT PETERSBURG,FL,PINELLAS,Not Available,False,,,,
100127,MORTON PLANT HOSPITAL,CLEARWATER,FL,PINELLAS,4,False,78.0,4626.0,4.2,22.2
100128,TAMPA GENERAL HOSPITAL,TAMPA,FL,HILLSBOROUGH,3,False,67.0,1253.0,2.9,21.6
100130,LAKESIDE MEDICAL CENTER,BELLE GLADE,FL,PALM BEACH,Not Available,False,,,4.4,
100131,HCA FLORIDA AVENTURA HOSPITAL,AVENTURA,FL,MIAMI-DADE,3,False,65.0,720.0,3.4,23.0
100132,SOUTH FLORIDA BAPTIST HOSPITAL,PLANT CITY,FL,HILLSBOROUGH,3,False,77.0,893.0,4.1,21.8
100134,ED FRASER MEMORIAL HOSPITAL,MACCLENNY,FL,BAKER,1,False,,,4.4,21.0
100135,TALLAHASSEE MEMORIAL HEALTHCARE,TALLAHASSEE,FL,LEON,3,False,64.0,1001.0,4.7,18.4
100137,ADVENTHEALTH HEART OF FLORIDA,DAVENPORT,FL,POLK,3,False,64.0,1436.0,3.3,22.3
100140,BAPTIST MEDICAL CENTER - NASSAU,FERNANDINA BEACH,FL,NASSAU,4,False,77.0,420.0,3.4,22.9
100142,JACKSON HOSPITAL,MARIANNA,FL,JACKSON,1,False,76.0,254.0,6.3,23.4
100150,LOWER KEYS MEDICAL CENTER,KEY WEST,FL,MONROE,4,False,61.0,331.0,4.1,21.3
100151,MAYO CLINIC,JACKSONVILLE,FL,DUVAL,5,False,87.0,1683.0,2.8,21.5
100154,SOUTH MIAMI HOSPITAL,MIAMI,FL,MIAMI-DADE,4,False,73.0,805.0,3.1,22.3
100156,HCA FLORIDA LAKE CITY HOSPITAL,LAKE CITY,FL,COLUMBIA,3,False,64.0,524.0,4.5,22.4
100157,LAKELAND REGIONAL MEDICAL CENTER,LAKELAND,FL,POLK,1,False,66.0,4048.0,3.2,22.8
100161,CENTRAL FLORIDA LAKE MONROE HOSPITAL,SANFORD,FL,SEMINOLE,2,False,55.0,714.0,3.4,22.1
100166,HCA FLORIDA SARASOTA DOCTORS HOSPITAL,SARASOTA,FL,SARASOTA,4,False,69.0,601.0,3.7,21.8
100167,HCA FLORIDA MERCY HOSPITAL,PLANTATION,FL,BROWARD,2,False,66.0,706.0,3.4,21.0
100168,BOCA RATON REGIONAL HOSPITAL,BOCA RATON,FL,PALM BEACH,2,False,61.0,1150.0,3.5,20.4
100173,ADVENTHEALTH TAMPA,TAMPA,FL,HILLSBOROUGH,3,False,65.0,2874.0,3.4,21.1
100175,DESOTO MEMORIAL HOSPITAL,ARCADIA,FL,DE SOTO,2,False,69.0,122.0,4.6,21.0
100176,PALM BEACH GARDENS MEDICAL CENTER,PALM BEACH GARDENS,FL,PALM BEACH,2,False,53.0,1083.0,3.2,22.1
100177,CAPE CANAVERAL HOSPITAL,COCOA BEACH,FL,BREVARD,3,False,65.0,524.0,3.9,18.1
100179,HCA FLORIDA MEMORIAL HOSPITAL,JACKSONVILLE,FL,DUVAL,2,False,64.0,664.0,3.6,19.6
100180,HCA FLORIDA ST PETERSBURG HOSPITAL,SAINT PETERSBURG,FL,PINELLAS,2,False,65.0,516.0,3.4,20.8
100181,LARKIN COMMUNITY HOSPITAL,SOUTH MIAMI,FL,MIAMI-DADE,1,False,,,4.2,22.7
100183,CORAL GABLES HOSPITAL,CORAL GABLES,FL,MIAMI-DADE,3,False,61.0,149.0,4.3,22.6
100187,PALMETTO GENERAL HOSPITAL,HIALEAH,FL,MIAMI-DADE,2,False,54.0,685.0,4.6,21.2
100189,HCA FLORIDA NORTHWEST HOSPITAL,MARGATE,FL,BROWARD,2,False,56.0,737.0,3.8,23.5
100191,HCA FLORIDA TRINITY HOSPITAL,TRINITY,FL,PASCO,2,False,64.0,631.0,3.7,21.3
100200,BROWARD HEALTH IMPERIAL POINT,FORT LAUDERDALE,FL,BROWARD,3,False,69.0,465.0,4.6,21.9
100204,HCA FLORIDA NORTH FLORIDA HOSPITAL,GAINESVILLE,FL,ALACHUA,3,False,59.0,591.0,3.6,21.4
100206,HCA FLORIDA SOUTH TAMPA HOSPITAL,TAMPA,FL,HILLSBOROUGH,5,False,73.0,843.0,3.6,22.4
100209,HCA FLORIDA KENDALL HOSPITAL,MIAMI,FL,MIAMI-DADE,4,False,60.0,854.0,3.6,19.8
100211,ADVENTHEALTH DADE CITY,DADE CITY,FL,PASCO,4,False,79.0,599.0,3.6,21.0
100212,MARION COMMUNTIY HOSPITAL,OCALA,FL,MARION,1,False,68.0,1218.0,5.4,24.1
100213,HCA FLORIDA BLAKE HOSPITAL,BRADENTON,FL,MANATEE,2,False,58.0,602.0,5.1,22.7
100217,ORLANDO HEALTH SEBASTIAN RIVER HOSPITAL,SEBASTIAN,FL,INDIAN RIVER,4,False,57.0,615.0,5.5,20.7
100220,GULF COAST MEDICAL CENTER LEE HEALTH,FORT MYERS,FL,LEE,4,False,67.0,2063.0,2.6,22.0
100223,HCA FLORIDA FORT WALTON-DESTIN HOSPITAL,FORT WALTON BEACH,FL,OKALOOSA,3,False,66.0,727.0,4.5,22.8
100224,UNIVERSITY HOSPITAL AND MEDICAL CENTER,TAMARAC,FL,BROWARD,2,False,60.0,711.0,3.8,23.4
100226,HCA FLORIDA ORANGE PARK HOSPITAL,ORANGE PARK,FL,CLAY,3,False,64.0,717.0,3.3,22.2
100228,WESTSIDE REGIONAL MEDICAL CENTER,PLANTATION,FL,BROWARD,2,False,59.0,619.0,3.7,22.9
100230,MEMORIAL HOSPITAL PEMBROKE,PEMBROKE PINES,FL,BROWARD,4,False,76.0,1060.0,3.2,21.9
100231,HCA FLORIDA WEST HOSPITAL,PENSACOLA,FL,ESCAMBIA,3,False,70.0,763.0,4.0,21.0
100232,HCA FLORIDA PUTNAM HOSPITAL,PALATKA,FL,PUTNAM,2,False,67.0,478.0,3.9,21.6
100236,HCA FLORIDA FAWCETT HOSPITAL,PORT CHARLOTTE,FL,CHARLOTTE,1,False,48.0,607.0,4.3,21.1
100238,HCA FLORIDA NORTHSIDE HOSPITAL,SAINT PETERSBURG,FL,PINELLAS,1,False,59.0,578.0,3.9,22.6
100242,HCA FLORIDA GULF COAST HOSPITAL,PANAMA CITY,FL,BAY,2,False,60.0,706.0,4.0,20.7
100243,HCA FLORIDA BRANDON HOSPITAL,BRANDON,FL,HILLSBOROUGH,3,False,61.0,684.0,3.2,22.6
100244,CAPE CORAL HOSPITAL,CAPE CORAL,FL,LEE,3,False,66.0,1998.0,2.6,21.0
100246,HCA FLORIDA LAWNWOOD HOSPITAL,FORT PIERCE,FL,ST. LUCIE,1,False,56.0,667.0,4.0,22.7
100248,HCA FLORIDA LARGO HOSPITAL,LARGO,FL,PINELLAS,2,False,57.0,724.0,3.7,23.6
100249,TAMPA GENERAL HOSPITAL CRYSTAL RIVER,CRYSTAL RIVER,FL,CITRUS,2,False,54.0,486.0,4.3,21.7
100252,HCA FLORIDA RAULERSON HOSPITAL,OKEECHOBEE,FL,OKEECHOBEE,3,False,66.0,441.0,4.2,22.1
100253,JUPITER MEDICAL CENTER,JUPITER,FL,PALM BEACH,4,False,76.0,1923.0,3.9,22.3
100254,HCA FLORIDA CAPITAL HOSPITAL,TALLAHASSEE,FL,LEON,2,False,62.0,707.0,3.2,23.1
100256,HCA FLORIDA BAYONET POINT HOSPITAL,HUDSON,FL,PASCO,2,False,60.0,703.0,4.6,20.7
100258,DELRAY MEDICAL CENTER,DELRAY BEACH,FL,PALM BEACH,1,False,44.0,1765.0,3.3,23.2
100259,HCA FLORIDA SOUTH SHORE HOSPITAL,SUN CITY CENTER,FL,HILLSBOROUGH,2,False,61.0,553.0,3.4,22.2
100260,ST LUCIE MEDICAL CENTER,PORT SAINT LUCIE,FL,ST. LUCIE,1,False,62.0,613.0,3.7,24.1
100264,HCA FLORIDA OAK HILL HOSPITAL,BROOKSVILLE,FL,HERNANDO,1,False,62.0,764.0,4.4,22.8
100265,MEASE COUNTRYSIDE HOSPITAL,SAFETY HARBOR,FL,PINELLAS,4,False,78.0,3322.0,4.8,21.3
100266,GULF BREEZE HOSPITAL,GULF BREEZE,FL,SANTA ROSA,4,False,81.0,539.0,4.3,21.5
100267,HCA FLORIDA ENGLEWOOD HOSPITAL,ENGLEWOOD,FL,SARASOTA,3,False,68.0,537.0,4.0,20.7
100268,WEST BOCA MEDICAL CENTER,BOCA RATON,FL,PALM BEACH,3,False,50.0,641.0,3.7,20.5
100269,HCA FLORIDA PALMS WEST HOSPITAL,LOXAHATCHEE,FL,PALM BEACH,2,False,65.0,674.0,3.6,22.4
100275,WELLINGTON REGIONAL MEDICAL CENTER,WELLINGTON,FL,PALM BEACH,2,False,57.0,657.0,4.2,21.1
100276,BROWARD HEALTH CORAL SPRINGS,CORAL SPRINGS,FL,BROWARD,4,False,72.0,753.0,3.6,22.2
100277,DOUGLAS GARDENS HOSPITAL,MIAMI,FL,MIAMI-DADE,Not Available,False,,,,
100281,MEMORIAL HOSPITAL WEST,PEMBROKE PINES,FL,BROWARD,3,False,74.0,3902.0,3.1,19.8
100284,KERALTY HOSPITAL,MIAMI,FL,MIAMI-DADE,2,False,,,4.7,24.1
100285,MEMORIAL HOSPITAL MIRAMAR,MIRAMAR,FL,BROWARD,5,False,75.0,1503.0,3.3,19.3
100286,PHYSICIANS REGIONAL MEDICAL CENTER - PINE RIDGE,NAPLES,FL,COLLIER,2,False,61.0,2665.0,4.3,22.8
100287,GOOD SAMARITAN MEDICAL CENTER,WEST PALM BEACH,FL,PALM BEACH,2,False,59.0,895.0,3.6,23.8
100288,ST MARY'S MEDICAL CENTER,WEST PALM BEACH,FL,PALM BEACH,1,False,56.0,591.0,3.8,21.7
100289,CLEVELAND CLINIC HOSPITAL,WESTON,FL,BROWARD,5,False,75.0,1130.0,2.7,21.1
100290,"VILLAGES REGIONAL HOSPITAL, THE",THE VILLAGES,FL,LAKE,4,False,64.0,3635.0,3.8,19.7
100291,ORLANDO HEALTH MELBOURNE HOSPITAL,MELBOURNE,FL,BREVARD,3,False,61.0,901.0,5.3,21.3
100292,SACRED HEART HOSPITAL ON THE EMERALD COAST,MIRAMAR BEACH,FL,WALTON,3,False,73.0,457.0,3.9,20.0
100296,DOCTORS HOSPITAL,CORAL GABLES,FL,MIAMI-DADE,5,False,72.0,547.0,2.8,20.9
100298,FLORIDA STATE HOSPITAL UNIT 31 MED,CHATTAHOOCHEE,FL,GADSDEN,Not Available,False,,,,
100299,LAKEWOOD RANCH MEDICAL CENTER,BRADENTON,FL,MANATEE,4,False,66.0,1435.0,3.9,22.6
100302,ORLANDO HEALTH ST CLOUD HOSPITAL,SAINT CLOUD,FL,OSCEOLA,2,False,64.0,661.0,3.2,22.8
100307,ASCENSION ST VINCENT'S SOUTHSIDE,JACKSONVILLE,FL,DUVAL,4,False,68.0,414.0,3.8,21.3
100313,ASCENSION SACRED HEART GULF,PORT SAINT JOE,FL,GULF,3,False,,,4.2,
100314,WEST KENDALL BAPTIST HOSPITAL,MIAMI,FL,MIAMI-DADE,5,False,70.0,755.0,2.3,20.6
100315,VIERA HOSPITAL,MELBOURNE,FL,BREVARD,5,False,71.0,457.0,4.2,20.3
100316,PALM BAY HOSPITAL,PALM BAY,FL,BREVARD,3,False,62.0,430.0,4.3,21.0
100319,ADVENTHEALTH WESLEY CHAPEL,WESLEY CHAPEL,FL,PASCO,5,False,77.0,1880.0,3.1,21.4
100320,HCA FLORIDA POINCIANA HOSPITAL,KISSIMMEE,FL,OSCEOLA,2,False,67.0,617.0,3.4,23.0
100321,ASCENSION ST VINCENT'S CLAY COUNTY,MIDDLEBURG,FL,CLAY,3,False,71.0,451.0,3.9,23.8
100329,OVIEDO MEDICAL CENTER,OVIEDO,FL,SEMINOLE,3,False,77.0,608.0,3.8,22.7
100330,HALIFAX HEALTH /UF HEALTH MEDICAL CENTER OF DELTON,DELTONA,FL,VOLUSIA,Not Available,False,73.0,311.0,3.7,21.8
100350,UCF LAKE NONA HOSPITAL,ORLANDO,FL,ORANGE,3,False,74.0,503.0,3.5,21.6
100359,SARASOTA MEMORIAL HOSPITAL - VENICE,NORTH VENICE,FL,SARASOTA,5,False,83.0,2511.0,3.5,20.6
100360,HCA FLORIDA UNIVERSITY HOSPITAL,DAVIE,FL,BROWARD,3,False,71.0,670.0,3.9,20.0
100361,ASCENSION ST VINCENT'S ST JOHNS COUNTY,ST. JOHNS,FL,ST. JOHNS,4,False,77.0,420.0,3.8,21.7
100362,BAYCARE HOSPITAL WESLEY CHAPEL,WESLEY CHAPEL,FL,PASCO,Not Available,False,83.0,417.0,3.1,22.0
100363,ADVENTHEALTH PALM COAST PARKWAY,PALM COAST,FL,FLAGLER,4,False,77.0,1235.0,3.4,23.9
100364,ADVENTHEALTH RIVERVIEW,RIVERVIEW,FL,HILLSBOROUGH,Not Available,False,,,3.3,21.2
100365,NORTH WALTON DOCTORS HOSPITAL,DEFUNIAK SPRINGS,FL,WALTON,Not Available,False,,,,
110001,HAMILTON MEDICAL CENTER,DALTON,GA,WHITFIELD,3,False,68.0,694.0,4.4,21.5
110002,UPSON REGIONAL MEDICAL CENTER,THOMASTON,GA,UPSON,1,False,79.0,329.0,6.8,20.9
110003,Memorial Satilla Health,WAYCROSS,GA,WARE,3,False,72.0,512.0,5.4,24.0
110005,NORTHSIDE HOSPITAL FORSYTH,CUMMING,GA,FORSYTH,4,False,77.0,3554.0,2.6,21.2
110006,ST MARY'S HOSPITAL,ATHENS,GA,CLARKE,1,False,70.0,513.0,4.1,20.4
110007,PHOEBE PUTNEY MEMORIAL HOSPITAL,ALBANY,GA,DOUGHERTY,2,False,60.0,832.0,5.0,22.1
110008,NORTHSIDE HOSPITAL CHEROKEE,CANTON,GA,CHEROKEE,4,False,84.0,3418.0,2.6,18.8
110010,EMORY UNIVERSITY HOSPITAL,ATLANTA,GA,DE KALB,4,False,76.0,556.0,2.6,20.3
110011,TANNER MEDICAL CENTER - CARROLLTON,CARROLLTON,GA,CARROLL,2,False,73.0,1110.0,4.3,24.0
110015,TANNER MEDICAL CENTER VILLA RICA,VILLA RICA,GA,CARROLL,3,False,75.0,466.0,3.7,24.5
110016,WELLSTAR WEST GEORGIA MEDICAL CENTER,LAGRANGE,GA,TROUP,5,False,79.0,579.0,3.4,20.9
110018,PIEDMONT NEWTON HOSPITAL,COVINGTON,GA,NEWTON,3,False,60.0,383.0,4.1,23.3
110023,ADVENTHEALTH GORDON,CALHOUN,GA,GORDON,3,False,79.0,521.0,3.9,19.1
110024,CANDLER HOSPITAL,SAVANNAH,GA,CHATHAM,2,False,65.0,1545.0,3.9,18.9
110025,SOUTHEAST GEORGIA HEALTH SYSTEM- BRUNSWICK CAMPUS,BRUNSWICK,GA,GLYNN,2,False,65.0,453.0,4.1,21.3
110027,"TY COBB REGIONAL MEDICAL CENTER, LLC",LAVONIA,GA,FRANKLIN,3,False,73.0,239.0,4.1,19.8
110028,PIEDMONT AUGUSTA HOSPITAL,AUGUSTA,GA,RICHMOND,2,False,65.0,1648.0,4.5,20.7
110029,"NORTHEAST GEORGIA MEDICAL CENTER, INC",GAINESVILLE,GA,HALL,3,False,69.0,3413.0,3.5,20.2
110030,PIEDMONT CARTERSVILLE MEDICAL CENTER,CARTERSVILLE,GA,BARTOW,3,False,66.0,662.0,3.7,21.9
110031,WELLSTAR SPALDING MEDICAL CENTER,GRIFFIN,GA,SPALDING,2,False,60.0,413.0,3.8,19.8
110032,STEPHENS COUNTY HOSPITAL,TOCCOA,GA,STEPHENS,2,False,74.0,250.0,5.1,21.9
110034,"WELLSTAR MCG HEALTH, AFFILIATED WITH MED COL",AUGUSTA,GA,RICHMOND,1,False,64.0,820.0,3.9,21.8
110035,WELLSTAR KENNESTONE REGIONAL MEDICAL CENTER,MARIETTA,GA,COBB,4,False,65.0,1814.0,2.7,20.5
110036,SAVANNAH HEALTH SERVICES LLC DBA MEMORIAL HEALTH UNIVERSITY MEDICAL CENTER,SAVANNAH,GA,CHATHAM,1,False,61.0,643.0,6.4,22.2
110038,ARCHBOLD MEMORIAL HOSPITAL,THOMASVILLE,GA,THOMAS,2,False,66.0,413.0,4.2,19.5
110041,NORTHEAST GEORGIA MEDICAL CENTER HABERSHAM,DEMOREST,GA,HABERSHAM,3,False,68.0,334.0,4.9,20.0
110042,WELLSTAR PAULDING MEDICAL CENTER,HIRAM,GA,PAULDING,4,False,76.0,555.0,3.2,20.3
110043,ST JOSEPH'S HOSPITAL - SAVANNAH,SAVANNAH,GA,CHATHAM,2,False,70.0,553.0,3.8,20.1
110044,PHOEBE SUMTER MEDICAL CENTER,AMERICUS,GA,SUMTER,3,False,71.0,299.0,4.2,22.9
110045,"NGMC BARROW, LLC",WINDER,GA,BARROW,4,False,70.0,157.0,3.0,21.4
110046,PIEDMONT WALTON HOSPITAL,MONROE,GA,WALTON,4,False,69.0,604.0,4.1,21.3
110050,ADVENTHEALTH MURRAY,CHATSWORTH,GA,MURRAY,5,False,79.0,129.0,3.4,22.6
110051,UNION GENERAL HOSPITAL,BLAIRSVILLE,GA,UNION,3,False,72.0,423.0,5.2,20.9
110054,ATRIUM HEALTH FLOYD MEDICAL CENTER,ROME,GA,FLOYD,2,False,72.0,827.0,3.6,21.1
110064,PIEDMONT COLUMBUS REGIONAL MIDTOWN,COLUMBUS,GA,MUSCOGEE,2,False,63.0,470.0,5.3,21.0
110069,EMORY HOUSTON HOSPITAL WARNER ROBINS,WARNER ROBINS,GA,HOUSTON,2,False,58.0,861.0,4.1,20.1
110071,APPLING HEALTHCARE,BAXLEY,GA,APPLING,Not Available,False,,,4.4,
110073,DORMINY MEDICAL CENTER,FITZGERALD,GA,BEN HILL,Not Available,False,,,4.6,20.4
110074,PIEDMONT ATHENS REGIONAL MEDICAL CENTER,ATHENS,GA,CLARKE,4,False,76.0,1463.0,4.1,21.2
110075,EAST GEORGIA REGIONAL MEDICAL CENTER,STATESBORO,GA,BULLOCH,3,False,69.0,504.0,4.3,21.7
110076,EMORY DECATUR HOSPITAL,DECATUR,GA,DE KALB,2,False,66.0,647.0,3.0,19.1
110078,EMORY UNIVERSITY HOSPITAL MIDTOWN,ATLANTA,GA,FULTON,2,False,67.0,556.0,2.7,21.2
110079,GRADY MEMORIAL HOSPITAL,ATLANTA,GA,FULTON,2,False,68.0,726.0,3.0,23.3
110082,"SAINT JOSEPH'S HOSPITAL OF ATLANTA, INC",ATLANTA,GA,FULTON,3,False,70.0,543.0,2.7,22.8
110083,"PIEDMONT HOSPITAL, INC",ATLANTA,GA,FULTON,4,False,70.0,1855.0,3.3,21.0
110086,WASHINGTON COUNTY REGIONAL MEDICAL CENTER,SANDERSVILLE,GA,WASHINGTON,Not Available,False,,,4.7,20.8
110087,NORTHSIDE HOSPITAL GWINNETT,LAWRENCEVILLE,GA,GWINNETT,3,False,69.0,3472.0,2.5,20.0
110089,"COFFEE REGIONAL MEDICAL CENTER, INC",DOUGLAS,GA,ATKINSON,3,False,65.0,372.0,7.1,22.9
110091,PIEDMONT ROCKDALE HOSPITAL,CONYERS,GA,ROCKDALE,3,False,62.0,483.0,3.4,21.8
110092,DODGE COUNTY HOSPITAL,EASTMAN,GA,DODGE,Not Available,False,,,4.6,21.4
110095,TIFT REGIONAL MEDICAL CENTER,TIFTON,GA,TIFT,3,False,67.0,765.0,4.6,23.6
110100,JEFFERSON HOSPITAL,LOUISVILLE,GA,JEFFERSON,Not Available,False,68.0,101.0,4.7,
110101,"SOUTHWELL MEDICAL, A CAMPUS OF TRMC",ADEL,GA,COOK,Not Available,False,,,3.9,
110104,CRISP REGIONAL HOSPITAL,CORDELE,GA,CRISP,2,False,68.0,207.0,5.3,20.0
110105,COLQUITT REGIONAL MEDICAL CENTER,MOULTRIE,GA,COLQUITT,4,False,80.0,394.0,6.3,25.6
110107,ATRIUM HEALTH NAVICENT THE MEDICAL CENTER,MACON,GA,BIBB,2,False,59.0,1368.0,4.5,20.8
110109,EMANUEL MEDICAL CENTER,SWAINSBORO,GA,EMANUEL,4,False,,,4.3,21.0
110111,UNIVERSITY MCDUFFIE COUNTY REGIONAL MEDICAL CENTER,THOMSON,GA,MC DUFFIE,Not Available,False,79.0,130.0,3.4,22.0
110113,BURKE MEDICAL CENTER,WAYNESBORO,GA,BURKE,Not Available,False,83.0,198.0,3.9,
110121,GRADY GENERAL HOSPITAL,CAIRO,GA,GRADY,Not Available,False,,,4.0,21.2
110122,SGMC HEALTH,VALDOSTA,GA,LOWNDES,2,False,66.0,1761.0,4.6,23.3
110124,WAYNE MEMORIAL HOSPITAL,JESUP,GA,WAYNE,3,False,74.0,146.0,5.0,21.0
110125,FAIRVIEW PARK HOSPITAL,DUBLIN,GA,LAURENS,4,False,74.0,746.0,4.4,21.0
110128,MEMORIAL HEALTH MEADOWS HOSPITAL,VIDALIA,GA,TOOMBS,5,False,82.0,515.0,4.3,23.9
110129,ST FRANCIS HOSPITAL- EMORY HEALTHCARE,COLUMBUS,GA,MUSCOGEE,3,False,67.0,1399.0,3.9,20.6
110132,MEMORIAL HOSPITAL AND MANOR,BAINBRIDGE,GA,DECATUR,1,False,55.0,105.0,4.5,21.7
110142,EVANS MEMORIAL HOSPITAL,CLAXTON,GA,EVANS,Not Available,False,75.0,136.0,5.2,
110143,WELLSTAR COBB MEDICAL CENTER,AUSTELL,GA,COBB,3,False,69.0,795.0,2.8,19.2
110146,SOUTHEAST GEORGIA HEALTH SYSTEM -- CAMDEN CAMPUS,SAINT MARYS,GA,CAMDEN,4,False,66.0,164.0,4.1,21.2
110150,NAVICENT HEALTH BALDWIN,MILLEDGEVILLE,GA,BALDWIN,2,False,61.0,262.0,4.0,19.3
110161,NORTHSIDE HOSPITAL,ATLANTA,GA,FULTON,3,False,72.0,5124.0,2.9,21.3
110164,"COLISEUM MEDICAL CENTERS, LLC, DBA",MACON,GA,BIBB,3,False,64.0,390.0,3.7,21.7
110165,SOUTHERN REGIONAL MEDICAL CENTER,RIVERDALE,GA,CLAYTON,1,False,54.0,566.0,4.4,22.0
110168,ADVENTHEALTH REDMOND,ROME,GA,FLOYD,4,False,77.0,1101.0,4.0,21.7
110177,DOCTORS HOSPITAL,AUGUSTA,GA,RICHMOND,3,False,71.0,621.0,3.8,19.7
110184,WELLSTAR DOUGLAS MEDICAL CENTER,DOUGLASVILLE,GA,DOUGLAS,3,False,70.0,568.0,2.9,18.6
110190,FLINT RIVER COMMUNITY HOSPITAL,MONTEZUMA,GA,DOOLY,Not Available,False,,,,
110191,PIEDMONT HENRY HOSPITAL,STOCKBRIDGE,GA,HENRY,2,False,61.0,705.0,4.2,20.2
110192,PIEDMONT EASTSIDE MEDICAL CENTER,SNELLVILLE,GA,GWINNETT,2,False,61.0,572.0,4.1,19.4
110194,DONALSONVILLE HOSPITAL INC,DONALSONVILLE,GA,SEMINOLE,Not Available,False,,,3.9,
110198,WELLSTAR NORTH FULTON MEDICAL CENTER,ROSWELL,GA,FULTON,2,False,66.0,542.0,3.0,20.5
110200,PIEDMONT COLUMBUS REGIONAL NORTHSIDE,COLUMBUS,GA,MUSCOGEE,5,False,77.0,643.0,4.1,17.8
110201,PIEDMONT MACON NORTH HOSPITAL,MACON,GA,BIBB,4,False,70.0,297.0,4.1,21.7
110209,TURNING POINT HOSPITAL,MOULTRIE,GA,COLQUITT,Not Available,False,,,4.0,
110215,PIEDMONT FAYETTE HOSPITAL,FAYETTEVILLE,GA,FAYETTE,3,False,71.0,1069.0,3.3,20.0
110225,PIEDMONT MOUNTAINSIDE HOSPITAL INC,JASPER,GA,PICKENS,4,False,71.0,708.0,3.7,21.3
110226,EMORY HILLANDALE HOSPITAL,LITHONIA,GA,DE KALB,1,False,69.0,551.0,2.8,21.2
110229,"PIEDMONT NEWNAN HOSPITAL, INC",NEWNAN,GA,COWETA,4,False,67.0,778.0,3.1,20.5
110230,EMORY JOHNS CREEK HOSPITAL,JOHNS CREEK,GA,GWINNETT,4,False,69.0,738.0,2.7,19.6
110233,"SOUTHEASTERN REGIONAL MEDICAL CENTER, INC",NEWNAN,GA,COWETA,5,False,88.0,283.0,4.0,
110234,SGMC BERRIEN CAMPUS,NASHVILLE,GA,BERRIEN,Not Available,False,,,3.9,
110236,COMMONSPIRIT-MEMORIAL HOSPITAL-NORTH GEORGIA,RINGGOLD,GA,CATOOSA,3,False,,,4.5,21.5
110237,NORTHEAST GEORGIA MEDICAL CENTER LUMPKIN,DAHLONEGA,GA,LUMPKIN,5,False,84.0,159.0,3.4,21.3
110252,NORTHSIDE HOSPITAL DULUTH,DULUTH,GA,GWINNETT,4,False,71.0,650.0,3.2,20.1
110253,SOUTH GEORGIA SPECIALTY HOSPITAL,ALBANY,GA,DOUGHERTY,Not Available,False,,,,
110256,TAYLOR REGIONAL HOSPITAL,HAWKINSVILLE,GA,PULASKI,Not Available,False,,,,
120001,THE QUEENS MEDICAL CENTER,HONOLULU,HI,HONOLULU,3,False,73.0,3104.0,2.7,21.2
120002,MAUI MEMORIAL MEDICAL CENTER,WAILUKU,HI,MAUI,2,False,62.0,1407.0,4.2,19.0
120005,HILO BENIOFF MEDICAL CENTER,HILO,HI,HAWAII,3,False,62.0,758.0,3.9,22.5
120006,ADVENTIST HEALTH CASTLE,KAILUA,HI,HONOLULU,4,False,80.0,675.0,3.6,21.2
120007,KUAKINI MEDICAL CENTER,HONOLULU,HI,HONOLULU,4,False,61.0,412.0,4.2,21.4
120011,KAISER FOUNDATION HOSPITAL,HONOLULU,HI,HONOLULU,4,False,81.0,416.0,3.2,20.2
120014,WILCOX MEMORIAL HOSPITAL,LIHUE,HI,KAUAI,2,False,71.0,427.0,3.6,21.2
120019,KONA COMMUNITY HOSPITAL,KEALAKEKUA,HI,HAWAII,2,False,62.0,494.0,3.5,20.1
120022,STRAUB CLINIC AND HOSPITAL,HONOLULU,HI,HONOLULU,4,False,74.0,482.0,3.2,21.2
120026,PALI MOMI MEDICAL CENTER,AIEA,HI,HONOLULU,4,False,77.0,419.0,3.9,20.8
120028,"NORTH HAWAII COMMUNITY HOSPITAL, INC",KAMUELA,HI,HAWAII,3,False,72.0,370.0,3.7,22.7
130002,ST LUKES MAGIC VALLEY MEDICAL CENTER,TWIN FALLS,ID,TWIN FALLS,4,False,67.0,718.0,3.4,20.2
130003,ST JOSEPH REGIONAL MEDICAL CENTER,LEWISTON,ID,NEZ PERCE,2,False,61.0,712.0,4.9,20.6
130006,ST LUKE'S REGIONAL MEDICAL CENTER,BOISE,ID,ADA,5,False,76.0,2628.0,2.8,17.8
130007,SAINT ALPHONSUS REGIONAL MEDICAL CENTER,BOISE,ID,ADA,3,False,73.0,970.0,3.6,20.0
130013,SAINT ALPHONSUS MEDICAL CENTER - NAMPA,NAMPA,ID,CANYON,3,False,74.0,756.0,3.9,19.2
130014,WEST VALLEY MEDICAL CENTER,CALDWELL,ID,CANYON,5,False,73.0,375.0,3.7,18.6
130018,EASTERN IDAHO REGIONAL MEDICAL CENTER,IDAHO FALLS,ID,BONNEVILLE,3,False,68.0,586.0,3.4,18.4
130025,MADISON MEMORIAL HOSPITAL,REXBURG,ID,MADISON,Not Available,False,68.0,267.0,3.9,
130028,PORTNEUF MEDICAL CENTER,POCATELLO,ID,BANNOCK,4,False,64.0,577.0,3.8,19.5
130049,KOOTENAI HEALTH,COEUR D'ALENE,ID,KOOTENAI,4,False,70.0,2477.0,3.2,19.2
130063,TREASURE VALLEY HOSPITAL,BOISE,ID,ADA,Not Available,False,90.0,337.0,3.7,
130065,MOUNTAIN VIEW HOSPITAL,IDAHO FALLS,ID,BONNEVILLE,3,False,74.0,367.0,3.8,
130066,NORTHWEST SPECIALTY HOSPITAL,POST FALLS,ID,KOOTENAI,Not Available,False,79.0,439.0,3.8,
130071,ST LUKE'S NAMPA MEDICAL CENTER,NAMPA,ID,CANYON,5,False,78.0,496.0,3.2,19.6
130073,GROVE CREEK MEDICAL CENTER,BLACKFOOT,ID,BINGHAM,Not Available,False,,,,
130074,"IDAHO FALLS COMMUNITY HOSPITAL, LLC",IDAHO FALLS,ID,BONNEVILLE,4,False,74.0,317.0,5.0,20.4
140001,GRAHAM HOSPITAL ASSOCIATION,CANTON,IL,FULTON,3,False,65.0,172.0,5.0,21.8
140002,ALTON MEMORIAL HOSPITAL,ALTON,IL,MADISON,4,False,73.0,990.0,3.5,21.4
140007,SAINT JOSEPH MEDICAL CENTER,JOLIET,IL,WILL,1,False,52.0,1337.0,4.5,20.5
140008,LOYOLA GOTTLIEB MEMORIAL HOSPITAL,MELROSE PARK,IL,COOK,3,False,66.0,487.0,3.7,19.9
140010,NORTHSHORE UNIVERSITY HEALTHSYSTEM - EVANSTON HOSPITAL,EVANSTON,IL,COOK,5,False,68.0,3985.0,3.1,20.5
140011,HERRIN HOSPITAL,HERRIN,IL,WILLIAMSON,1,False,68.0,393.0,4.3,21.8
140012,OSF SAINT KATHARINE MEDICAL CENTER,DIXON,IL,LEE,2,False,65.0,392.0,4.6,20.8
140013,CARLE HEALTH PROCTOR HOSPITAL,PEORIA,IL,LA SALLE,3,False,60.0,484.0,3.8,20.3
140015,BLESSING HOSPITAL,QUINCY,IL,ADAMS,4,False,68.0,431.0,4.3,21.1
140018,MT SINAI HOSPITAL MEDICAL CENTER,CHICAGO,IL,COOK,1,False,53.0,416.0,4.0,20.9
140029,COPLEY MEMORIAL HOSPITAL,AURORA,IL,KANE,4,False,71.0,1112.0,3.4,20.7
140030,ADVOCATE SHERMAN HOSPITAL,ELGIN,IL,KANE,4,False,73.0,1346.0,2.9,20.5
140032,ST ANTHONYS MEMORIAL HOSPITAL,EFFINGHAM,IL,EFFINGHAM,3,False,72.0,444.0,4.3,21.4
140034,SSM HEALTH ST MARY'S HOSPITAL -CENTRALIA,CENTRALIA,IL,MARION,3,False,70.0,307.0,3.7,21.3
140043,CGH MEDICAL CENTER,STERLING,IL,WHITESIDE,1,False,70.0,524.0,4.8,21.7
140046,GOOD SAMARITAN REGIONAL HLTH CENTER,MOUNT VERNON,IL,JEFFERSON,4,False,69.0,538.0,3.6,21.8
140048,ADVOCATE TRINITY HOSPITAL,CHICAGO,IL,COOK,2,False,61.0,972.0,3.2,21.0
140049,WEST SUBURBAN MEDICAL CENTER,OAK PARK,IL,COOK,1,False,46.0,279.0,3.9,21.7
140052,OSF SAINT ANTHONY'S HEALTH CENTER,ALTON,IL,MADISON,4,False,79.0,314.0,4.4,21.0
140053,ST JOHNS HOSPITAL,SPRINGFIELD,IL,SANGAMON,2,False,63.0,490.0,3.9,22.2
140054,MACNEAL  HOSPITAL,BERWYN,IL,COOK,3,False,59.0,439.0,4.0,19.9
140059,JERSEY COMMUNITY HOSPITAL,JERSEYVILLE,IL,JERSEY,3,False,,,5.8,21.2
140062,PALOS COMMUNITY HOSPITAL,PALOS HEIGHTS,IL,COOK,4,False,70.0,1030.0,2.9,21.2
140063,RUSH OAK PARK HOSPITAL,OAK PARK,IL,COOK,4,False,61.0,569.0,3.0,22.3
140064,ST MARY MEDICAL CENTER,GALESBURG,IL,KNOX,2,False,64.0,540.0,3.9,22.1
140065,UCHICAGO MEDICINE ADVENTHEALTH LA GRANGE,LA GRANGE,IL,COOK,5,False,75.0,1270.0,4.0,21.4
140067,SAINT FRANCIS MEDICAL CENTER,PEORIA,IL,PEORIA,2,False,62.0,3433.0,3.7,23.4
140068,ROSELAND COMMUNITY HOSPITAL,CHICAGO,IL,COOK,1,False,41.0,206.0,5.4,22.0
140077,TOUCHETTE REGIONAL HOSPITAL INC,CENTREVILLE,IL,ST. CLAIR,Not Available,False,,,,
140080,SAINT FRANCIS HOSPITAL-EVANSTON,EVANSTON,IL,COOK,2,False,60.0,590.0,3.5,21.4
140082,LOUIS A WEISS MEMORIAL HOSPITAL,CHICAGO,IL,COOK,1,False,,,4.5,23.0
140083,LORETTO HOSPITAL,CHICAGO,IL,COOK,Not Available,False,,,3.7,21.0
140084,VISTA MEDICAL CENTER EAST,WAUKEGAN,IL,LAKE,2,False,35.0,174.0,4.2,22.0
140088,THE UNIVERSITY OF CHICAGO MEDICAL CENTER,CHICAGO,IL,COOK,4,False,71.0,1902.0,2.8,23.4
140089,MC DONOUGH DISTRICT HOSPITAL,MACOMB,IL,MC DONOUGH,3,False,72.0,174.0,4.4,21.7
140091,CARLE FOUNDATION HOSPITAL,URBANA,IL,CHAMPAIGN,2,False,70.0,420.0,3.1,23.1
140093,OSF SACRED HEART MEDICAL CENTER,DANVILLE,IL,VERMILION,2,False,61.0,329.0,4.1,21.2
140095,SAINT ANTHONY HOSPITAL,CHICAGO,IL,COOK,2,False,71.0,487.0,4.1,22.2
140100,"MIDWESTERN REGION MED CENTER, INC",ZION,IL,LAKE,4,False,88.0,124.0,3.9,
140101,MORRIS HOSPITAL & HEALTHCARE CENTERS,MORRIS,IL,GRUNDY,4,False,75.0,681.0,4.4,21.6
140103,ST BERNARD HOSPITAL,CHICAGO,IL,COOK,1,False,,,5.3,21.7
140110,OSF SAINT ELIZABETH MDL CTR,PERU,IL,LA SALLE,3,False,61.0,659.0,3.8,21.6
140113,OSF HEART OF MARY MEDICAL CENTER,URBANA,IL,CHAMPAIGN,3,False,68.0,297.0,4.0,20.4
140114,SWEDISH HOSPITAL,CHICAGO,IL,COOK,3,False,58.0,984.0,4.3,20.2
140115,THOREK MEMORIAL HOSPITAL,CHICAGO,IL,COOK,Not Available,False,,,3.9,22.2
140116,NORTHWESTERN MEDICINE MCHENRY,MCHENRY,IL,MC HENRY,5,False,75.0,1158.0,2.6,20.0
140117,AMITA HEALTH RESURRECTION MEDICAL CENTER,CHICAGO,IL,COOK,3,False,60.0,1047.0,3.7,22.0
140119,RUSH UNIVERSITY MEDICAL CENTER,CHICAGO,IL,COOK,5,False,74.0,2986.0,3.4,20.7
140120,CARLE HEALTH PEKIN HOSPITAL,PEKIN,IL,TAZEWELL,3,False,58.0,273.0,3.9,22.4
140122,UCHICAGO MEDICINE ADVENTHEALTH HINSDALE,HINSDALE,IL,DU PAGE,5,False,73.0,1524.0,3.8,20.2
140124,JOHN H STROGER JR HOSPITAL,CHICAGO,IL,COOK,2,False,66.0,1084.0,3.1,20.9
140125,GATEWAY REGIONAL MEDICAL CENTER,GRANITE CITY,IL,MADISON,2,False,,,4.8,22.7
140127,CARLE BROMENN MEDICAL CENTER,NORMAL,IL,MC LEAN,3,False,72.0,385.0,4.0,23.7
140130,NORTHWESTERN LAKE FOREST HOSPITAL,LAKE FOREST,IL,LAKE,5,False,75.0,757.0,2.7,19.6
140133,HOLY CROSS HOSPITAL,CHICAGO,IL,COOK,2,False,50.0,208.0,4.1,23.3
140135,DECATUR MEMORIAL HOSPITAL,DECATUR,IL,MACON,3,False,59.0,655.0,4.9,23.0
140137,HSHS HOLY FAMILY HOSPITAL INC,GREENVILLE,IL,BOND,3,False,,,4.4,20.6
140145,ST JOSEPHS HOSPITAL,BREESE,IL,CLINTON,4,False,73.0,208.0,3.6,20.5
140148,MEMORIAL MEDICAL CENTER,SPRINGFIELD,IL,SANGAMON,3,False,66.0,1095.0,4.1,22.5
140150,UNIVERSITY OF ILLINOIS HOSPITAL AND CLINICS,CHICAGO,IL,COOK,4,False,64.0,931.0,3.3,21.5
140155,PRESENCE ST MARYS HOSPITAL,KANKAKEE,IL,KANKAKEE,4,False,65.0,552.0,4.7,20.7
140158,INSIGHT HOSPITAL AND MEDICAL CENTER CHICAGO,CHICAGO,IL,COOK,1,False,45.0,167.0,4.6,20.4
140160,FHN MEMORIAL HOSPITAL,FREEPORT,IL,STEPHENSON,3,False,68.0,330.0,4.4,21.0
140161,SAINT JAMES HOSPITAL,PONTIAC,IL,LIVINGSTON,4,False,65.0,212.0,4.0,22.6
140162,ST JOSEPH MEDICAL CENTER,BLOOMINGTON,IL,MC LEAN,2,False,66.0,1179.0,3.9,24.3
140164,MEMORIAL HOSPITAL OF CARBONDALE,CARBONDALE,IL,JACKSON,1,False,67.0,427.0,4.4,23.3
140166,ST MARYS HOSPITAL,DECATUR,IL,MACON,1,False,69.0,384.0,4.1,22.7
140172,FRANCISCAN HEALTH OLYMPIA & CHICAGO HEIGHTS,OLYMPIA FIELDS,IL,COOK,3,False,57.0,497.0,3.2,20.8
140174,PRESENCE MERCY MEDICAL CENTER,AURORA,IL,KANE,3,False,63.0,535.0,4.2,21.7
140177,JACKSON PARK HOSPITAL,CHICAGO,IL,COOK,1,False,,,4.4,21.7
140179,OSF LITTLE COMPANY OF MARY MEDICAL CENTER,EVERGREEN PARK,IL,COOK,2,False,69.0,540.0,3.9,22.9
140180,PRESENCE SAINTS MARY AND ELIZABETH MEDICAL CENTER,CHICAGO,IL,COOK,3,False,65.0,1045.0,3.8,21.5
140181,SOUTH SHORE HOSPITAL,CHICAGO,IL,COOK,Not Available,False,,,3.8,
140182,ADVOCATE ILLINOIS MASONIC MEDICAL CENTER,CHICAGO,IL,COOK,3,False,68.0,1107.0,2.9,20.9
140184,HEARTLAND REGIONAL MEDICAL CENTER,MARION,IL,WILLIAMSON,2,False,68.0,466.0,4.9,22.9
140185,MEMORIAL HOSPITAL,BELLEVILLE,IL,ST. CLAIR,5,False,72.0,2322.0,3.0,22.7
140186,RIVERSIDE MEDICAL CENTER,KANKAKEE,IL,KANKAKEE,4,False,70.0,1351.0,5.4,21.5
140187,HSHS ST ELIZABETH'S HOSPITAL,O FALLON,IL,ST. CLAIR,4,False,77.0,549.0,3.9,22.5
140189,SARAH BUSH LINCOLN HEALTH CENTER,MATTOON,IL,COLES,3,False,75.0,1343.0,4.5,18.9
140191,INGALLS MEMORIAL HOSPITAL,HARVEY,IL,COOK,2,False,54.0,714.0,3.7,21.2
140197,METHODIST HOSPITAL OF CHICAGO,CHICAGO,IL,COOK,Not Available,False,,,,
140200,ELMHURST MEMORIAL HOSPITAL,ELMHURST,IL,DU PAGE,3,False,74.0,1268.0,3.9,21.7
140202,ADVOCATE CONDELL MEDICAL CENTER,LIBERTYVILLE,IL,LAKE,4,False,66.0,926.0,3.4,20.4
140206,HUMBOLDT PARK HEALTH,CHICAGO,IL,COOK,1,False,53.0,434.0,4.6,21.3
140208,ADVOCATE CHRIST HOSPITAL & MEDICAL CENTER,OAK LAWN,IL,COOK,3,False,63.0,1070.0,2.7,20.2
140209,CARLE HEALTH METHODIST HOSPITAL,PEORIA,IL,PEORIA,2,False,63.0,581.0,3.3,21.2
140210,HARRISBURG MEDICAL CENTER,HARRISBURG,IL,SALINE,2,False,,,4.4,20.7
140211,NORTHWESTERN MEDICINE DELNOR COMMUNITY HOSPITAL,GENEVA,IL,KANE,5,False,80.0,748.0,2.9,20.6
140213,SILVER CROSS HOSPITAL  AND MEDICAL CENTERS,NEW LENOX,IL,WILL,5,False,73.0,354.0,4.0,21.8
140217,SAINT JOSEPH HOSPITAL-ELGIN,ELGIN,IL,KANE,4,False,65.0,404.0,3.8,22.9
140223,ADVOCATE LUTHERAN GENERAL HOSPITAL,PARK RIDGE,IL,COOK,4,False,69.0,1055.0,2.6,20.3
140224,PRESENCE SAINT JOSEPH HOSPITAL - CHICAGO,CHICAGO,IL,COOK,4,False,65.0,946.0,3.4,20.3
140228,UW HEALTH,ROCKFORD,IL,WINNEBAGO,3,False,68.0,1469.0,3.2,22.0
140231,EDWARD HOSPITAL,NAPERVILLE,IL,DU PAGE,3,False,70.0,2907.0,3.6,22.8
140233,SAINT ANTHONY MEDICAL CENTER,ROCKFORD,IL,WINNEBAGO,2,False,67.0,1605.0,3.9,21.0
140239,JAVON BEA HOSPITAL,ROCKFORD,IL,WINNEBAGO,3,False,70.0,522.0,3.4,19.8
140242,NORTHWESTERN MEDICINE CENTRAL DUPAGE HOSPITAL,WINFIELD,IL,DU PAGE,5,False,79.0,1496.0,2.8,20.8
140251,COMMUNITY FIRST MEDICAL CENTER,CHICAGO,IL,COOK,2,False,,,4.1,21.9
140252,NORTHWEST COMMUNITY HOSPITAL 1,ARLINGTON HEIGHTS,IL,COOK,4,False,64.0,417.0,3.2,21.7
140258,ALEXIAN BROTHERS MEDICAL CENTER 1,ELK GROVE VILLAGE,IL,COOK,3,False,61.0,488.0,3.6,20.2
140275,GENESIS HLTH SYSTEM DBA GENESIS MDL CTR-ILLINI,SILVIS,IL,ROCK ISLAND,2,False,62.0,361.0,4.2,23.1
140276,LOYOLA UNIVERSITY MEDICAL CENTER,MAYWOOD,IL,COOK,2,False,63.0,502.0,3.3,21.1
140280,TRINITY ROCK ISLAND,ROCK ISLAND,IL,ROCK ISLAND,3,False,59.0,666.0,3.1,18.4
140281,NORTHWESTERN MEMORIAL HOSPITAL,CHICAGO,IL,COOK,5,False,77.0,2820.0,2.2,19.6
140286,NORTHWESTERN MEDICINE KISHWAUKEE HOSPITAL,DEKALB,IL,DE KALB,5,False,67.0,598.0,3.0,21.1
140288,ADVOCATE GOOD SAMARITAN HOSPITAL,DOWNERS GROVE,IL,DU PAGE,4,False,70.0,1141.0,3.1,21.2
140289,ANDERSON HOSPITAL,MARYVILLE,IL,MADISON,3,False,70.0,337.0,5.6,22.0
140290,ST ALEXIUS MEDICAL CENTER,HOFFMAN ESTATES,IL,COOK,5,False,57.0,444.0,3.4,20.2
140291,ADVOCATE GOOD SHEPHERD HOSPITAL,BARRINGTON,IL,LAKE,5,False,74.0,1416.0,3.1,23.8
140292,UCHICAGO MEDICINE ADVENTHEALTH GLENOAKS,GLENDALE HEIGHTS,IL,DU PAGE,3,False,62.0,286.0,3.8,21.9
140294,DEACONESS ILLINOIS CROSSROADS,MOUNT VERNON,IL,JEFFERSON,Not Available,False,79.0,194.0,4.4,
140300,PROVIDENT HOSPITAL OF CHICAGO,CHICAGO,IL,COOK,Not Available,False,,,3.9,21.6
140304,UCHICAGO MEDICINE ADVENTHEALTH BOLINGBROOK,BOLINGBROOK,IL,WILL,3,False,67.0,575.0,4.5,21.3
140308,MERCYHEALTH HOSPITAL & PHYSICIAN CLINIC-CRYSTAL LA,CRYSTAL LAKE,IL,MC HENRY,Not Available,False,,,4.0,
150001,JOHNSON MEMORIAL HOSPITAL,FRANKLIN,IN,JOHNSON,5,False,70.0,343.0,5.9,21.5
150002,METHODIST HOSPITALS INC,GARY,IN,LAKE,1,False,59.0,1014.0,4.7,20.7
150005,HENDRICKS REGIONAL HEALTH,DANVILLE,IN,HENDRICKS,5,False,82.0,712.0,4.2,20.8
150006,NORTHWEST HEALTH-LA PORTE,LA PORTE,IN,LA PORTE,3,False,71.0,481.0,4.3,21.0
150007,COMMUNITY HOWARD REGIONAL HEALTH INC.,KOKOMO,IN,HOWARD,4,False,73.0,319.0,3.9,18.7
150008,ST CATHERINE HOSPITAL INC,EAST CHICAGO,IN,LAKE,4,False,72.0,412.0,4.1,21.4
150009,NORTON CLARK HOSPITAL,JEFFERSONVILLE,IN,CLARK,3,False,54.0,800.0,4.2,21.5
150010,ASCENSION ST VINCENT KOKOMO,KOKOMO,IN,HOWARD,4,False,72.0,371.0,3.9,20.6
150011,MARION GENERAL HOSPITAL,MARION,IN,GRANT,3,False,66.0,467.0,4.2,21.2
150012,SAINT JOSEPH REGIONAL MEDICAL CENTER,MISHAWAKA,IN,ST. JOSEPH,2,False,64.0,522.0,4.4,19.5
150015,FRANCISCAN HEALTH MICHIGAN CITY,MICHIGAN CITY,IN,LA PORTE,3,False,77.0,550.0,3.5,22.6
150017,LUTHERAN HOSPITAL OF INDIANA,FORT WAYNE,IN,ALLEN,3,False,61.0,1569.0,3.9,21.6
150018,ELKHART GENERAL HOSPITAL,ELKHART,IN,ELKHART,4,False,68.0,580.0,3.8,22.0
150021,PARKVIEW REGIONAL MEDICAL CENTER,FORT WAYNE,IN,ALLEN,3,False,74.0,398.0,3.5,19.1
150022,FRANCISCAN HEALTH CRAWFORDSVILLE,CRAWFORDSVILLE,IN,MONTGOMERY,5,False,75.0,196.0,4.8,20.9
150023,UNION HOSPITAL INC,TERRE HAUTE,IN,VIGO,3,False,67.0,958.0,4.6,24.0
150024,ESKENAZI HEALTH,INDIANAPOLIS,IN,MARION,3,False,76.0,1788.0,2.8,20.3
150026,GOSHEN HOSPITAL,GOSHEN,IN,ELKHART,3,False,75.0,769.0,6.3,20.9
150030,HENRY COUNTY MEMORIAL HOSPITAL,NEW CASTLE,IN,HENRY,4,False,71.0,231.0,3.6,20.6
150034,ST MARY MEDICAL CENTER INC,HOBART,IN,LAKE,3,False,73.0,512.0,3.2,22.9
150035,NORTHWEST HEALTH - PORTER,VALPARAISO,IN,PORTER,2,False,54.0,799.0,5.0,21.7
150037,HANCOCK REGIONAL HOSPITAL,GREENFIELD,IN,HANCOCK,4,False,75.0,584.0,5.2,20.5
150042,GOOD SAMARITAN HOSPITAL,VINCENNES,IN,KNOX,2,False,70.0,521.0,4.9,20.9
150044,BAPTIST HEALTH FLOYD,NEW ALBANY,IN,FLOYD,3,False,72.0,1340.0,4.2,19.1
150045,PARKVIEW DEKALB HOSPITAL,AUBURN,IN,DE KALB,3,False,70.0,191.0,3.1,21.2
150046,TERRE HAUTE REGIONAL HOSPITAL,TERRE HAUTE,IN,VIGO,2,False,68.0,413.0,4.1,23.1
150047,"ST JOSEPH HEALTH SYSTEM, LLC",FORT WAYNE,IN,ALLEN,4,False,75.0,257.0,3.3,20.7
150048,REID HEALTH,RICHMOND,IN,WAYNE,2,False,70.0,1328.0,4.1,21.9
150051,INDIANA UNIVERSITY HEALTH BLOOMINGTON HOSPITAL,BLOOMINGTON,IN,MONROE,3,False,60.0,367.0,3.6,18.4
150056,INDIANA UNIVERSITY HEALTH,INDIANAPOLIS,IN,MARION,3,False,60.0,611.0,3.3,17.7
150057,FRANCISCAN HEALTH MOORESVILLE,MOORESVILLE,IN,MORGAN,5,False,78.0,477.0,3.9,20.0
150058,MEMORIAL HOSPITAL OF SOUTH BEND,SOUTH BEND,IN,ST. JOSEPH,2,False,71.0,535.0,4.3,21.1
150059,RIVERVIEW HEALTH,NOBLESVILLE,IN,HAMILTON,4,False,71.0,825.0,4.2,20.9
150061,DAVIESS COMMUNITY HOSPITAL,WASHINGTON,IN,DAVIESS,3,False,69.0,153.0,4.8,21.8
150065,SCHNECK MEDICAL CENTER,SEYMOUR,IN,JACKSON,4,False,73.0,283.0,4.5,19.9
150069,NORTON-KING'S DAUGHTERS' HEALTH,MADISON,IN,JEFFERSON,2,False,66.0,253.0,5.3,21.4
150072,MEMORIAL HOSPITAL,LOGANSPORT,IN,CASS,4,False,72.0,274.0,4.1,19.6
150074,COMMUNITY HOSPITAL EAST,INDIANAPOLIS,IN,MARION,3,False,79.0,339.0,3.6,23.0
150075,BLUFFTON REGIONAL MEDICAL CENTER,BLUFFTON,IN,WELLS,4,False,,,3.6,21.0
150076,SAINT JOSEPH REGIONAL MEDICAL CENTER - PLYMOUTH,PLYMOUTH,IN,MARSHALL,4,False,75.0,186.0,4.2,20.3
150082,DEACONESS HOSPITAL INC,EVANSVILLE,IN,VANDERBURGH,2,False,71.0,2666.0,3.3,23.3
150084,ASCENSION ST VINCENT HOSPITAL,INDIANAPOLIS,IN,MARION,2,False,58.0,387.0,3.2,21.4
150086,ST ELIZABETH DEARBORN HOSPITAL,LAWRENCEBURG,IN,DEARBORN,5,False,76.0,404.0,3.7,20.4
150088,ASCENSION ST VINCENT ANDERSON,ANDERSON,IN,MADISON,2,False,65.0,382.0,3.4,20.6
150089,INDIANA UNIVERSITY HEALTH BALL MEMORIAL HOSPITAL,MUNCIE,IN,DELAWARE,3,False,57.0,451.0,3.5,20.2
150090,FRANCISCAN HEALTH DYER,DYER,IN,LAKE,2,False,63.0,472.0,3.9,19.1
150091,PARKVIEW HUNTINGTON HOSPITAL,HUNTINGTON,IN,HUNTINGTON,4,False,70.0,244.0,3.3,22.2
150097,MAJOR HOSPITAL,SHELBYVILLE,IN,SHELBY,4,False,75.0,341.0,3.0,22.0
150100,ASCENSION ST VINCENT EVANSVILLE,EVANSVILLE,IN,VANDERBURGH,4,False,73.0,427.0,3.6,20.5
150101,PARKVIEW WHITLEY HOSPITAL,COLUMBIA CITY,IN,WHITLEY,4,False,75.0,330.0,3.4,20.9
150102,NORTHWEST HEALTH - STARKE,KNOX,IN,STARKE,1,False,,,4.3,22.3
150104,WITHAM HEALTH SERVICES,LEBANON,IN,BOONE,4,False,67.0,316.0,4.9,19.6
150109,FRANCISCAN HEALTH LAFAYETTE,LAFAYETTE,IN,TIPPECANOE,3,False,74.0,495.0,3.1,21.5
150112,COLUMBUS REGIONAL HOSPITAL,COLUMBUS,IN,BARTHOLOMEW,4,False,67.0,885.0,3.8,19.9
150113,COMMUNITY HOSPITAL OF ANDERSON AND MADISON COUNTY,ANDERSON,IN,MADISON,3,False,72.0,312.0,4.6,21.5
150115,MEMORIAL HOSPITAL AND HEALTH CARE CENTER,JASPER,IN,DUBOIS,4,False,78.0,477.0,4.8,19.2
150125,COMMUNITY HOSPITAL,MUNSTER,IN,LAKE,3,False,72.0,522.0,3.1,23.2
150126,FRANCISCAN HEALTH CROWN POINT,CROWN POINT,IN,LAKE,3,False,70.0,524.0,4.1,20.4
150128,"COMMUNITY HOSPITAL SOUTH, INC.",INDIANAPOLIS,IN,MARION,3,False,75.0,317.0,4.4,21.5
150133,KOSCIUSKO COMMUNITY HOSPITAL,WARSAW,IN,KOSCIUSKO,4,False,66.0,515.0,4.2,22.6
150146,PARKVIEW NOBLE HOSPITAL,KENDALLVILLE,IN,NOBLE,3,False,65.0,262.0,3.7,21.8
150149,THE WOMEN'S HOSPITAL,NEWBURGH,IN,WARRICK,5,False,82.0,567.0,,
150150,DUPONT HOSPITAL LLC,FORT WAYNE,IN,ALLEN,4,False,67.0,809.0,3.9,22.0
150153,ST VINCENT HEART CENTER,CARMEL,IN,HAMILTON,5,False,83.0,597.0,3.8,20.7
150157,ASCENSION ST VINCENT CARMEL,CARMEL,IN,HAMILTON,3,False,71.0,398.0,4.3,20.3
150158,IU HEALTH WEST HOSPITAL,AVON,IN,HENDRICKS,4,False,73.0,361.0,3.3,19.7
150160,ORTHOINDY HOSPITAL,INDIANAPOLIS,IN,MARION,Not Available,False,83.0,428.0,3.7,
150161,INDIANA UNIVERSITY HEALTH NORTH HOSPITAL,CARMEL,IN,HAMILTON,4,False,74.0,392.0,3.3,21.4
150162,FRANCISCAN HEALTH INDIANAPOLIS,INDIANAPOLIS,IN,MARION,4,False,75.0,478.0,3.0,19.4
150165,FRANCISCAN HEALTH MUNSTER,MUNSTER,IN,LAKE,3,False,75.0,526.0,3.6,21.1
150166,PINNACLE HOSPITAL,CROWN POINT,IN,LAKE,Not Available,False,79.0,106.0,4.2,
150167,ORTHOPAEDIC HOSPITAL AT PARKVIEW NORTH,FORT WAYNE,IN,ALLEN,Not Available,False,74.0,134.0,3.7,
150168,THE ORTHOPAEDIC HOSPITAL OF LUTHERAN HEALTH NETWOR,FT WAYNE,IN,ALLEN,Not Available,False,71.0,439.0,3.8,
150169,COMMUNITY HOSPITAL NORTH,INDIANAPOLIS,IN,MARION,3,False,73.0,328.0,3.7,20.6
150172,PHYSICIANS' MEDICAL CENTER LLC,NEW ALBANY,IN,FLOYD,Not Available,False,,,3.8,
150173,INDIANA UNIVERSITY HEALTH ARNETT HOSPITAL,LAFAYETTE,IN,TIPPECANOE,4,False,68.0,477.0,3.7,21.9
150177,UNITY PHYSICIANS HOSPITAL,MISHAWAKA,IN,ST. JOSEPH,Not Available,False,83.0,146.0,4.1,
150179,FAIRBANKS,INDIANAPOLIS,IN,MARION,Not Available,False,,,3.4,
150181,ASCENSION ST VINCENT FISHERS,FISHERS,IN,HAMILTON,4,False,72.0,175.0,4.0,
150183,MONROE HOSPITAL,BLOOMINGTON,IN,MONROE,4,False,79.0,295.0,4.1,21.4
150193,FRANCISCAN HEALTH ORTHOPEDIC HOSPITAL CARMEL,CARMEL,IN,HAMILTON,Not Available,False,87.0,151.0,3.7,
150195,UCHICAGO MEDICINE NORTHWEST INDIANA,CROWN POINT,IN,LAKE,Not Available,False,,,3.7,
160001,UNITYPOINT HEALTH - MARSHALLTOWN,MARSHALLTOWN,IA,MARSHALL,3,False,67.0,189.0,3.9,21.0
160013,TRINITY MUSCATINE,MUSCATINE,IA,MUSCATINE,4,False,61.0,167.0,3.9,20.2
160016,TRINITY REGIONAL MEDICAL CENTER,FORT DODGE,IA,WEBSTER,2,False,65.0,505.0,4.0,22.3
160028,CHI HEALTH MERCY COUNCIL BLUFFS,COUNCIL BLUFFS,IA,POTTAWATTAMIE,5,False,65.0,597.0,4.0,20.6
160029,UNIVERSITY OF IOWA HEALTH CARE MEDICAL CENTER DOWN,IOWA CITY,IA,JOHNSON,4,False,65.0,721.0,4.3,22.8
160030,MARY GREELEY MEDICAL CENTER,AMES,IA,STORY,4,False,79.0,1555.0,4.3,21.6
160032,MERCYONE NEWTON MEDICAL CENTER,NEWTON,IA,JASPER,4,False,,,3.5,19.9
160033,GENESIS MEDICAL CENTER-DAVENPORT,DAVENPORT,IA,SCOTT,2,False,59.0,889.0,4.5,19.8
160040,"SARTORI MEMORIAL HOSPITAL, INC",CEDAR FALLS,IA,BLACK HAWK,Not Available,False,,,4.0,
160045,ST LUKES HOSPITAL,CEDAR RAPIDS,IA,LINN,4,False,78.0,578.0,3.2,21.1
160047,METHODIST JENNIE EDMUNDSON,COUNCIL BLUFFS,IA,POTTAWATTAMIE,3,False,72.0,956.0,3.5,19.9
160057,SOUTHEAST IOWA REGIONAL MEDICAL CENTER,WEST BURLINGTON,IA,DES MOINES,4,False,59.0,642.0,3.4,22.8
160058,UNIVERSITY OF IOWA HOSPITAL & CLINICS,IOWA CITY,IA,JOHNSON,2,False,67.0,3539.0,3.0,20.8
160064,MERCYONE NORTH IOWA MEDICAL CENTER,MASON CITY,IA,CERRO GORDO,2,False,61.0,742.0,4.0,21.8
160067,MERCYONE WATERLOO MEDICAL CENTER,WATERLOO,IA,BLACK HAWK,4,False,66.0,666.0,4.4,18.7
160069,MERCYONE DUBUQUE MEDICAL CENTER,DUBUQUE,IA,DUBUQUE,3,False,75.0,846.0,3.6,21.7
160079,MERCY MEDICAL CENTER - CEDAR RAPIDS,CEDAR RAPIDS,IA,LINN,4,False,78.0,979.0,4.1,20.4
160080,MERCYONE CLINTON MEDICAL CENTER,CLINTON,IA,CLINTON,4,False,70.0,395.0,4.7,21.6
160082,UNITYPOINT HEALTH - DES MOINES IOWA METHODIST MEDI,DES MOINES,IA,POLK,3,False,68.0,1243.0,2.9,23.0
160083,MERCYONE DES MOINES MEDICAL CENTER,DES MOINES,IA,POLK,1,False,58.0,674.0,4.9,19.7
160089,OTTUMWA REGIONAL HEALTH CENTER,OTTUMWA,IA,WAPELLO,2,False,45.0,188.0,5.0,21.0
160101,BROADLAWNS MEDICAL CENTER,DES MOINES,IA,POLK,3,False,75.0,263.0,5.7,22.2
160104,TRINITY - BETTENDORF,BETTENDORF,IA,SCOTT,3,False,70.0,568.0,3.7,22.1
160110,ALLEN HOSPITAL,WATERLOO,IA,BLACK HAWK,3,False,71.0,491.0,3.7,22.4
160112,SPENCER MUNICIPAL HOSPITAL,SPENCER,IA,CLAY,4,False,84.0,312.0,4.5,20.9
160117,FINLEY HOSPITAL,DUBUQUE,IA,DUBUQUE,3,False,74.0,483.0,3.5,24.6
160124,LAKES REGIONAL HEALTHCARE,SPIRIT LAKE,IA,DICKINSON,2,False,80.0,257.0,3.8,21.7
160146,ST LUKES REGIONAL MEDICAL CENTER,SIOUX CITY,IA,WOODBURY,2,False,67.0,609.0,3.7,19.5
160147,GRINNELL REGIONAL MEDICAL CENTER,GRINNELL,IA,POWESHIEK,2,False,72.0,249.0,3.7,21.9
160153,MERCYONE SIOUXLAND MEDICAL CENTER,SIOUX CITY,IA,WOODBURY,2,False,60.0,582.0,4.1,19.5
170006,"MERCY HOSPITAL PITTSBURG, INC",PITTSBURG,KS,CRAWFORD,3,False,72.0,313.0,5.0,21.3
170009,SAINT JOHN HOSPITAL,LEAVENWORTH,KS,LEAVENWORTH,3,False,62.0,329.0,3.8,21.2
170012,SALINA REGIONAL HEALTH CENTER,SALINA,KS,SALINE,3,False,71.0,523.0,4.0,20.1
170013,HAYS MEDICAL CENTER,HAYS,KS,ELLIS,3,False,69.0,779.0,4.4,20.4
170014,ADVENTHEALTH OTTAWA,OTTAWA,KS,FRANKLIN,3,False,69.0,178.0,3.9,21.4
170016,UNIVERSITY OF KANSAS HEALTH SYSTEM - ST FRANCIS CAMPUS,TOPEKA,KS,SHAWNEE,3,False,68.0,529.0,4.6,19.4
170017,SUSAN B ALLEN MEMORIAL HOSPITAL,EL DORADO,KS,BUTLER,Not Available,False,,,4.2,
170020,HUTCHINSON REGIONAL MEDICAL CENTER INC,HUTCHINSON,KS,RENO,2,False,67.0,418.0,5.4,21.1
170023,ST. CATHERINE HOSPITAL - GARDEN CITY,GARDEN CITY,KS,FINNEY,2,False,57.0,250.0,3.8,21.7
170027,PRATT REGIONAL MEDICAL CENTER,PRATT,KS,PRATT,4,False,81.0,264.0,4.2,21.4
170040,UNIVERSITY OF KANSAS HOSPITAL,KANSAS CITY,KS,WYANDOTTE,5,False,80.0,3109.0,3.4,20.2
170049,UNIVERSITY OF KANSAS HEALTH SYSTEM OLATHE HOSPITAL,OLATHE,KS,JOHNSON,4,False,69.0,1610.0,3.2,19.0
170068,SOUTHWEST MEDICAL CENTER,LIBERAL,KS,SEWARD,1,False,63.0,232.0,4.3,20.1
170074,"STORMONT VAIL HEALTH FLINT HILLS, LLC",JUNCTION CITY,KS,GEARY,4,False,74.0,214.0,3.5,20.1
170086,STORMONT VAIL HOSPITAL,TOPEKA,KS,SHAWNEE,4,False,72.0,808.0,3.5,21.8
170103,NMC HEALTH,NEWTON,KS,HARVEY,5,False,75.0,332.0,4.4,21.2
170104,ADVENTHEALTH SHAWNEE MISSION,SHAWNEE MISSION,KS,JOHNSON,3,False,75.0,2153.0,3.4,21.6
170105,MCPHERSON HOSPITAL,MCPHERSON,KS,MCPHERSON,2,False,77.0,153.0,4.3,
170109,MIAMI COUNTY MEDICAL CENTER,PAOLA,KS,MIAMI,Not Available,False,,,4.0,
170120,LABETTE HEALTH,PARSONS,KS,LABETTE,3,False,80.0,182.0,4.2,20.6
170122,"ASCENSION VIA CHRISTI HOSPITALS WICHITA, INC.",WICHITA,KS,SEDGWICK,2,False,62.0,431.0,4.2,20.2
170123,WESLEY MEDICAL CENTER,WICHITA,KS,SEDGWICK,4,False,62.0,1238.0,3.7,19.3
170137,LMH,LAWRENCE,KS,DOUGLAS,4,False,70.0,690.0,3.0,23.5
170142,"ASCENSION VIA CHRISTI HOSPITAL MANHATTAN, INC",MANHATTAN,KS,RILEY,4,False,68.0,449.0,4.5,20.5
170146,PROVIDENCE MEDICAL CENTER,KANSAS CITY,KS,WYANDOTTE,3,False,58.0,479.0,4.3,21.5
170175,CENTURA ST. CATHERINE-DODGE CITY,DODGE CITY,KS,FORD,3,False,63.0,102.0,4.4,20.6
170176,OVERLAND PARK REG MED CTR,OVERLAND PARK,KS,JOHNSON,4,False,65.0,793.0,3.9,23.4
170182,MENORAH MEDICAL CENTER,OVERLAND PARK,KS,JOHNSON,3,False,73.0,750.0,3.4,22.1
170183,KANSAS SURGERY & RECOVERY CENTER,WICHITA,KS,SEDGWICK,Not Available,False,86.0,110.0,4.5,
170185,SAINT LUKE'S SOUTH HOSPITAL,OVERLAND PARK,KS,JOHNSON,4,False,75.0,1177.0,3.2,20.8
170186,KANSAS HEART HOSPITAL,WICHITA,KS,SEDGWICK,4,False,87.0,516.0,4.3,21.7
170187,SALINA SURGICAL HOSPITAL,SALINA,KS,SALINE,Not Available,False,84.0,332.0,3.5,
170188,KANSAS CITY ORTHOPAEDIC INSTITUTE,LEAWOOD,KS,JOHNSON,Not Available,False,90.0,355.0,3.5,
170190,MANHATTAN SURGICAL HOSPITAL LLC,MANHATTAN,KS,RILEY,Not Available,False,,,4.6,
170191,UNIVERSITY  OF KS HLTH SYSTEM GREAT BEND CAMPUS,GREAT BEND,KS,BARTON,4,False,64.0,177.0,3.8,22.2
170194,ASCENTIST HOSPITAL LLC,LEAWOOD,KS,JOHNSON,Not Available,False,,,3.9,
170196,"KANSAS SPINE & SPECIALTY HOSPITAL, LLC",WICHITA,KS,SEDGWICK,Not Available,False,84.0,313.0,4.2,
170197,KANSAS MEDICAL CENTER LLC,ANDOVER,KS,BUTLER,2,False,74.0,309.0,5.0,20.1
170198,"SUMMIT SURGICAL, LLC",HUTCHINSON,KS,RENO,Not Available,False,84.0,168.0,3.7,
170199,MINIMALLY INVASIVE SURGERY HOSPITAL,LENEXA,KS,JOHNSON,Not Available,False,,,,
170200,"VIA CHRISTI HOSPITAL WICHITA ST TERESA, INC",WICHITA,KS,SEDGWICK,4,False,78.0,454.0,3.8,20.2
170203,MERCY SPECIALTY HOSPITAL SOUTHEAST KANSAS,GALENA,KS,CHEROKEE,Not Available,False,,,3.8,
170204,"ROCK REGIONAL HOSPITAL, LLC",DERBY,KS,SEDGWICK,4,False,83.0,161.0,3.9,20.6
170208,"ADVENTHEALTH SOUTH OVERLAND PARK, INC",OVERLAND PARK,KS,JOHNSON,4,False,83.0,463.0,3.4,21.2
180001,ST ELIZABETH FT THOMAS,FORT THOMAS,KY,CAMPBELL,5,False,72.0,578.0,3.2,23.1
180002,WHITESBURG ARH HOSPITAL,WHITESBURG,KY,LETCHER,3,False,68.0,145.0,5.2,19.9
180004,OWENSBORO HEALTH MUHLENBERG COMMUNITY HOSPITAL,GREENVILLE,KY,MUHLENBERG,4,False,78.0,106.0,4.2,21.8
180005,HIGHLANDS ARH REGIONAL MEDICAL CENTER,PRESTONSBURG,KY,FLOYD,2,False,65.0,219.0,5.4,22.4
180009,KING'S DAUGHTERS' MEDICAL CENTER,ASHLAND,KY,BOYD,3,False,67.0,443.0,3.2,21.8
180010,SAINT JOSEPH HOSPITAL,LEXINGTON,KY,FAYETTE,3,False,64.0,670.0,3.3,23.1
180011,SAINT JOSEPH LONDON,LONDON,KY,LAUREL,3,False,78.0,577.0,3.4,20.8
180012,BAPTIST HEALTH HARDIN,ELIZABETHTOWN,KY,HARDIN,3,False,68.0,914.0,3.8,18.9
180013,THE MEDICAL CENTER (BOWLING GREEN),BOWLING GREEN,KY,WARREN,2,False,65.0,563.0,4.9,19.2
180016,UOFL HEALTH - SHELBYVILLE HOSPITAL,SHELBYVILLE,KY,SHELBY,3,False,65.0,129.0,3.4,21.2
180017,T J SAMSON COMMUNITY HOSPITAL,GLASGOW,KY,BARREN,3,False,71.0,367.0,6.5,23.1
180018,ST CLAIRE REGIONAL MEDICAL CENTER,MOREHEAD,KY,ROWAN,2,False,68.0,690.0,4.2,23.1
180019,MEADOWVIEW REGIONAL MEDICAL CENTER,MAYSVILLE,KY,MASON,4,False,60.0,214.0,4.0,20.4
180020,MIDDLESBORO ARH HOSPITAL,MIDDLESBORO,KY,BELL,1,False,63.0,136.0,5.0,21.3
180024,SPRING VIEW HOSPITAL,LEBANON,KY,MARION,5,False,78.0,156.0,4.2,21.4
180025,CHI SAINT JOSEPH FLAGET MEMORIAL HOSPITAL,BARDSTOWN,KY,NELSON,3,False,69.0,271.0,3.7,20.8
180027,MURRAY-CALLOWAY COUNTY HOSPITAL,MURRAY,KY,CALLOWAY,3,False,77.0,369.0,4.5,21.2
180029,HAZARD ARH REGIONAL MEDICAL CENTER,HAZARD,KY,PERRY,2,False,59.0,213.0,5.1,20.6
180035,ST ELIZABETH EDGEWOOD,EDGEWOOD,KY,KENTON,5,False,75.0,3010.0,3.0,19.7
180038,OWENSBORO HEALTH REGIONAL HOSPITAL,OWENSBORO,KY,DAVIESS,2,False,75.0,322.0,4.2,21.4
180040,UOFL HEALTH - JEWISH HOSPITAL and Mary & Elizabeth Hospital,LOUISVILLE,KY,JEFFERSON,2,False,64.0,3545.0,4.5,21.2
180043,AdventHealthManchester,MANCHESTER,KY,CLAY,3,False,77.0,145.0,3.9,21.6
180044,PIKEVILLE MEDICAL CENTER,PIKEVILLE,KY,PIKE,1,False,69.0,917.0,4.8,21.9
180045,ST ELIZABETH FLORENCE,FLORENCE,KY,BOONE,3,False,71.0,949.0,3.0,20.2
180046,BOURBON COMMUNITY HOSPITAL,PARIS,KY,BOURBON,2,False,,,4.2,21.3
180048,EPHRAIM MCDOWELL REGIONAL MEDICAL CENTER,DANVILLE,KY,BOYLE,3,False,70.0,908.0,4.8,21.5
180049,BAPTIST HEALTH RICHMOND,RICHMOND,KY,MADISON,4,False,78.0,522.0,4.5,21.2
180050,HARLAN ARH HOSPITAL,HARLAN,KY,HARLAN,2,False,65.0,144.0,4.2,21.8
180051,JENNIE STUART MEDICAL CENTER,HOPKINSVILLE,KY,CHRISTIAN,1,False,61.0,415.0,5.8,21.1
180056,DEACONESS HENDERSON HOSPITAL,HENDERSON,KY,HENDERSON,2,False,66.0,498.0,3.9,23.7
180064,SAINT JOSEPH MOUNT STERLING,MOUNT STERLING,KY,MONTGOMERY,4,False,74.0,242.0,3.5,20.4
180066,The Medical Center at Russellville,RUSSELLVILLE,KY,LOGAN,2,False,,,4.6,22.1
180067,UNIVERSITY OF KENTUCKY HOSPITAL,LEXINGTON,KY,FAYETTE,4,False,73.0,1389.0,3.3,21.6
180069,TUG VALLEY ARH REGIONAL MEDICAL CENTER,SOUTH WILLIAMSON,KY,PIKE,2,False,64.0,135.0,5.6,22.3
180070,OWENSBORO HEALTH TWIN LAKES MEDICAL CENTER,LEITCHFIELD,KY,GRAYSON,3,False,76.0,169.0,3.9,21.0
180078,PAINTSVILLE ARH HOSPITAL,PAINTSVILLE,KY,JOHNSON,2,False,66.0,127.0,4.6,21.5
180079,HARRISON MEMORIAL HOSPITAL,CYNTHIANA,KY,HARRISON,3,False,85.0,238.0,4.1,19.6
180080,BAPTIST HEALTH CORBIN,CORBIN,KY,WHITLEY,3,False,75.0,638.0,4.0,19.1
180087,TAYLOR REGIONAL HOSPITAL,CAMPBELLSVILLE,KY,TAYLOR,2,False,71.0,250.0,4.7,20.4
180088,"NORTON HOSPITALS, INC",LOUISVILLE,KY,JEFFERSON,2,False,71.0,2490.0,4.7,21.7
180092,CLARK REGIONAL MEDICAL CENTER,WINCHESTER,KY,CLARK,3,False,70.0,564.0,4.5,20.5
180093,BAPTIST HEALTH DEACONESS MADISONVILLE,MADISONVILLE,KY,HOPKINS,2,False,65.0,539.0,3.9,21.9
180101,GEORGETOWN COMMUNITY HOSPITAL,GEORGETOWN,KY,SCOTT,3,False,68.0,336.0,5.0,22.4
180102,MERCY HEALTH - LOURDES HOSPITAL,PADUCAH,KY,MC CRACKEN,3,False,66.0,616.0,4.1,22.8
180103,BAPTIST HEALTH LEXINGTON,LEXINGTON,KY,FAYETTE,4,False,82.0,1726.0,3.5,22.3
180104,BAPTIST HEALTH PADUCAH,PADUCAH,KY,MC CRACKEN,4,False,76.0,871.0,4.0,23.1
180105,MONROE COUNTY MEDICAL CENTER,TOMPKINSVILLE,KY,MONROE,1,False,77.0,158.0,4.9,23.0
180115,"ROCKCASTLE COUNTY HOSPITAL, INC.",MOUNT VERNON,KY,ROCKCASTLE,2,False,,,7.6,20.8
180116,JACKSON PURCHASE MEDICAL CENTER,MAYFIELD,KY,GRAVES,1,False,63.0,329.0,4.6,21.5
180124,TRISTAR GREENVIEW REGIONAL HOSPITAL,BOWLING GREEN,KY,WARREN,2,False,70.0,528.0,4.5,20.7
180127,FRANKFORT REGIONAL MEDICAL CENTER,FRANKFORT,KY,FRANKLIN,3,False,62.0,511.0,5.4,22.7
180128,THREE RIVERS MEDICAL CENTER,LOUISA,KY,LAWRENCE,3,False,81.0,119.0,4.7,21.9
180130,BAPTIST HEALTH LOUISVILLE,LOUISVILLE,KY,JEFFERSON,4,False,73.0,2034.0,3.7,20.8
180132,LAKE CUMBERLAND REGIONAL HOSPITAL,SOMERSET,KY,PULASKI,2,False,60.0,1126.0,5.9,20.6
180138,BAPTIST HEALTH LAGRANGE,LA GRANGE,KY,OLDHAM,5,False,78.0,263.0,4.1,20.0
180141,UNIVERSITY OF LOUISVILLE HOSPITAL,LOUISVILLE,KY,JEFFERSON,1,False,66.0,2237.0,4.0,19.4
180143,SAINT JOSEPH EAST,LEXINGTON,KY,FAYETTE,2,False,69.0,325.0,3.4,22.1
180149,TJ HEALTH COLUMBIA,COLUMBIA,KY,ADAIR,Not Available,False,,,4.6,20.8
180154,"PINEVILLE COMMUNITY HEALTH CENTER, INC",PINEVILLE,KY,BELL,1,False,,,4.6,20.8
190002,OCHSNER LAFAYETTE GENERAL MEDICAL CENTER,LAFAYETTE,LA,LAFAYETTE,3,False,73.0,822.0,4.3,22.5
190004,THIBODAUX REGIONAL MEDICAL CENTER,THIBODAUX,LA,LAFOURCHE,3,False,78.0,995.0,5.2,20.8
190005,UNIVERSITY MEDICAL CENTER NEW ORLEANS,NEW ORLEANS,LA,ORLEANS,2,False,71.0,1658.0,4.2,22.2
190006,OCHSNER UNIVERSITY HOSPITAL AND CLINICS,LAFAYETTE,LA,LAFAYETTE,3,False,79.0,285.0,3.6,22.3
190007,NATCHITOCHES REGIONAL MEDICAL CENTER,NATCHITOCHES,LA,NATCHITOCHES,4,False,72.0,228.0,5.5,21.0
190008,TERREBONNE GENERAL MEDICAL CENTER - PARISH,HOUMA,LA,TERREBONNE,4,False,72.0,978.0,3.8,20.7
190011,OCHSNER LSU HEALTH MONROE,MONROE,LA,OUACHITA,3,False,74.0,365.0,4.0,21.8
190013,WEST CALCASIEU CAMERON HOSPITAL,SULPHUR,LA,CALCASIEU,4,False,75.0,208.0,4.4,20.2
190014,OCHSNER ST MARY,MORGAN CITY,LA,ST. MARY,2,False,69.0,149.0,4.9,21.4
190015,NORTH OAKS MEDICAL CENTER,HAMMOND,LA,TANGIPAHOA,2,False,68.0,1033.0,5.1,22.2
190017,OPELOUSAS GENERAL HEALTH SYSTEM,OPELOUSAS,LA,ST. LANDRY,2,False,71.0,356.0,5.0,22.0
190019,CHRISTUS ST FRANCES CABRINI HOSPITAL,ALEXANDRIA,LA,RAPIDES,3,False,68.0,539.0,3.9,22.4
190020,LANE REGIONAL MEDICAL CENTER,ZACHARY,LA,E. BATON ROUGE,3,False,71.0,471.0,4.7,22.6
190025,SAVOY MEDICAL CENTER,MAMOU,LA,EVANGELINE,4,False,,,5.5,21.4
190026,RAPIDES REGIONAL MEDICAL CENTER,ALEXANDRIA,LA,RAPIDES,2,False,61.0,615.0,4.2,24.5
190027,CHRISTUS OCHSNER ST PATRICK HOSPITAL,LAKE CHARLES,LA,CALCASIEU,3,False,67.0,379.0,4.3,21.8
190034,ABBEVILLE GENERAL HOSPITAL,ABBEVILLE,LA,VERMILION,3,False,79.0,160.0,4.8,21.7
190036,OCHSNER MEDICAL CENTER ACUTE,NEW ORLEANS,LA,JEFFERSON,4,False,72.0,1973.0,3.4,21.7
190039,WEST JEFFERSON MEDICAL CENTER,MARRERO,LA,JEFFERSON,3,False,71.0,1121.0,4.0,23.1
190040,SLIDELL MEMORIAL HOSPITAL,SLIDELL,LA,ST. TAMMANY,2,False,65.0,1482.0,3.4,23.3
190041,CHRISTUS SHREVEPORT-BOSSIER HEALTH SYSTEM,SHREVEPORT,LA,CADDO,3,False,72.0,479.0,4.5,23.3
190044,ACADIA GENERAL HOSPITAL,CROWLEY,LA,ACADIA,3,False,72.0,263.0,5.2,21.2
190045,ST TAMMANY PARISH HOSPITAL,COVINGTON,LA,ST. TAMMANY,4,False,79.0,1296.0,3.4,21.7
190046,TOURO INFIRMARY,NEW ORLEANS,LA,ORLEANS,3,False,71.0,985.0,4.2,20.9
190050,BEAUREGARD MEMORIAL HOSPITAL,DERIDDER,LA,BEAUREGARD,3,False,76.0,127.0,5.7,20.9
190053,OCHSNER AMERICAN LEGION HOSPITAL,JENNINGS,LA,JEFFRSON DAVIS,2,False,77.0,289.0,5.4,21.8
190054,IBERIA MEDICAL CENTER,NEW IBERIA,LA,IBERIA,2,False,69.0,424.0,4.4,22.3
190060,LAKE CHARLES MEMORIAL HOSPITAL,LAKE CHARLES,LA,CALCASIEU,3,False,65.0,374.0,5.5,18.9
190064,OUR LADY OF THE LAKE REGIONAL MEDICAL CENTER,BATON ROUGE,LA,E. BATON ROUGE,3,False,71.0,808.0,5.1,20.4
190065,BATON ROUGE GENERAL MEDICAL CENTER,BATON ROUGE,LA,E. BATON ROUGE,3,False,71.0,1552.0,4.5,20.9
190079,ST CHARLES PARISH HOSPITAL,LULING,LA,ST. CHARLES,Not Available,False,78.0,193.0,3.4,23.6
190086,NORTHERN LOUISIANA MEDICAL CENTER,RUSTON,LA,LINCOLN,2,False,48.0,235.0,5.0,22.2
190088,SPRINGHILL MEDICAL CENTER,SPRINGHILL,LA,WEBSTER,4,False,,,4.2,20.7
190090,WINN PARISH MEDICAL CENTER,WINNFIELD,LA,WINN,Not Available,False,,,5.4,
190098,OCHSNER LSU HEALTH SHREVEPORT,SHREVEPORT,LA,CADDO,2,False,69.0,548.0,4.2,22.4
190099,AVOYELLES HOSPITAL,MARKSVILLE,LA,AVOYELLES,1,False,,,5.1,
190102,"OUR LADY OF LOURDES REGIONAL MEDICAL CENTER, INC",LAFAYETTE,LA,LAFAYETTE,3,False,80.0,803.0,4.2,21.5
190106,OAKDALE COMMUNITY HOSPITAL,OAKDALE,LA,ALLEN,3,False,,,4.1,21.1
190111,WILLIS KNIGHTON MEDICAL CENTER,SHREVEPORT,LA,CADDO,3,False,73.0,1476.0,5.5,20.3
190114,CLAIBORNE MEMORIAL MEDICAL CENTER,HOMER,LA,CLAIBORNE,1,False,72.0,126.0,5.4,22.8
190116,MOREHOUSE GENERAL HOSPITAL,BASTROP,LA,MOREHOUSE,2,False,,,5.1,20.9
190118,DESOTO REGIONAL HEALTH SYSTEM,MANSFIELD,LA,DE SOTO,2,False,,,5.4,21.1
190125,FMOL HEALTH ST FRANCIS,MONROE,LA,OUACHITA,3,False,75.0,598.0,3.7,22.2
190128,WOMANS HOSPITAL,BATON ROUGE,LA,E. BATON ROUGE,4,False,83.0,330.0,3.9,
190133,ALLEN PARISH HOSPITAL,KINDER,LA,ALLEN,Not Available,False,,,4.5,21.1
190140,FRANKLIN MEDICAL CENTER,WINNSBORO,LA,FRANKLIN,Not Available,False,,,5.1,21.4
190144,MINDEN MEDICAL CENTER,MINDEN,LA,WEBSTER,2,False,66.0,204.0,5.0,20.7
190145,LASALLE GENERAL HOSPITAL,JENA,LA,LASALLE,1,False,,,4.5,
190151,RICHARDSON MEDICAL CENTER,RAYVILLE,LA,RICHLAND,Not Available,False,,,5.2,
190160,GLENWOOD REGIONAL MEDICAL CENTER,WEST MONROE,LA,OUACHITA,2,False,77.0,415.0,4.9,23.5
190164,BYRD REGIONAL HOSPITAL,LEESVILLE,LA,VERNON,2,False,66.0,185.0,4.5,22.3
190167,MERCY REGIONAL MEDICAL CENTER,VILLE PLATTE,LA,EVANGELINE,3,False,,,5.7,21.6
190176,EAST JEFFERSON GENERAL HOSPITAL,METAIRIE,LA,JEFFERSON,2,False,70.0,2844.0,5.0,20.7
190183,LEONARD J CHABERT MEDICAL CENTER,HOUMA,LA,TERREBONNE,3,False,73.0,196.0,4.5,22.4
190184,CITIZENS MEDICAL CENTER,COLUMBIA,LA,CALDWELL,3,False,98.0,132.0,4.7,21.2
190190,"CALDWELL MEMORIAL HOSPITAL, INC",COLUMBIA,LA,CALDWELL,Not Available,False,,,4.1,23.7
190201,CHRISTUS OCHSNER LAKE AREA HOSPITAL,LAKE CHARLES,LA,CALCASIEU,Not Available,False,76.0,170.0,3.3,
190202,OCHSNER MEDICAL CENTER - BATON ROUGE,BATON ROUGE,LA,E. BATON ROUGE,4,False,69.0,554.0,4.2,19.5
190208,EAST CARROLL PARISH HOSPITAL,LAKE PROVIDENCE,LA,EAST CARROLL,Not Available,False,,,4.3,
190218,SABINE MEDICAL CENTER,MANY,LA,SABINE,Not Available,False,,,6.0,
190241,PHYSICIANS MEDICAL CENTER,HOUMA,LA,TERREBONNE,Not Available,False,,,,
190245,MONROE SURGICAL HOSPITAL,MONROE,LA,OUACHITA,Not Available,False,,,3.9,
190251,SURGICAL SPECIALTY CENTER OF BATON ROUGE,BATON ROUGE,LA,E. BATON ROUGE,Not Available,False,,,3.8,
190255,PARK PLACE SURGICAL HOSPITAL,LAFAYETTE,LA,LAFAYETTE,Not Available,False,,,3.9,
190256,STERLING SURGICAL HOSPITAL,SLIDELL,LA,ST. TAMMANY,Not Available,False,,,3.8,
190259,LAFAYETTE SURGICAL SPECIALTY HOSPITAL,LAFAYETTE,LA,LAFAYETTE,Not Available,False,,,4.2,
190266,THE SPINE HOSPITAL OF LOUISIANA,BATON ROUGE,LA,E. BATON ROUGE,Not Available,False,84.0,337.0,3.7,
190267,AVALA,COVINGTON,LA,ST. TAMMANY,Not Available,False,89.0,354.0,3.8,
190270,OUR LADY OF THE LAKE SURGICAL HOSPITAL,SLIDELL,LA,ST. TAMMANY,Not Available,False,88.0,113.0,3.8,
190274,OCHSNER MEDICAL CENTER-KENNER,KENNER,LA,JEFFERSON,4,False,70.0,595.0,3.9,22.8
190278,SPECIALISTS HOSPITAL SHREVEPORT,SHREVEPORT,LA,CADDO,Not Available,False,77.0,381.0,3.7,
190298,CHRISTUS CENTRAL LOUISIANA SURGICAL HOSPITAL,ALEXANDRIA,LA,RAPIDES,Not Available,False,,,4.2,
190300,ST CHARLES SURGICAL HOSPITAL,NEW ORLEANS,LA,ORLEANS,Not Available,False,,,3.8,
190302,"OMEGA HOSPITAL, LLC",METAIRIE,LA,JEFFERSON,Not Available,False,,,,
190303,CYPRESS POINTE SURGICAL HOSPITAL,HAMMOND,LA,TANGIPAHOA,Not Available,False,83.0,120.0,3.8,
190308,ST BERNARD PARISH HOSPITAL,CHALMETTE,LA,ST. BERNARD,4,False,77.0,172.0,4.0,20.5
190312,OUR LADY OF THE ANGELS HOSPITAL,BOGALUSA,LA,WASHINGTON,4,False,80.0,151.0,4.5,21.9
190313,NEW ORLEANS EAST HOSPITAL,NEW ORLEANS,LA,ORLEANS,Not Available,False,,,4.7,22.1
190316,THE GENERAL,BATON ROUGE,LA,E. BATON ROUGE,Not Available,False,,,4.1,23.2
190317,OCHSNER LSU HEALTH SHREVEPORT-ST MARY MEDICAL CENT,SHREVEPORT,LA,CADDO,2,False,75.0,279.0,3.9,
190318,ACADIAN MEDICAL CENTER,EUNICE,LA,ST. LANDRY,3,False,65.0,147.0,4.8,22.2
190319,ALEXANDRIA HOSPITAL,ALEXANDRIA,LA,RAPIDES,Not Available,False,,,,
200001,ST JOSEPH HOSPITAL,BANGOR,ME,PENOBSCOT,3,False,79.0,1011.0,3.4,22.0
200008,NORTHERN LIGHT MERCY HOSPITAL,PORTLAND,ME,CUMBERLAND,4,False,81.0,861.0,3.5,21.2
200009,MAINEHEALTH MAINE MEDICAL CENTER,PORTLAND,ME,CUMBERLAND,4,False,70.0,1770.0,2.7,20.2
200018,NORTHERN LIGHT  A R GOULD HOSPITAL,PRESQUE ISLE,ME,AROOSTOOK,2,False,65.0,307.0,4.3,21.7
200020,YORK HOSPITAL,YORK,ME,YORK,4,False,81.0,535.0,3.9,22.3
200021,MAINEHEALTH MID COAST HOSPITAL,BRUNSWICK,ME,CUMBERLAND,3,False,69.0,458.0,3.4,21.5
200024,CENTRAL MAINE MEDICAL CENTER,LEWISTON,ME,ANDROSCOGGIN,4,False,62.0,595.0,4.1,20.7
200031,CARY MEDICAL CENTER,CARIBOU,ME,AROOSTOOK,1,False,79.0,208.0,4.5,21.5
200033,NORTHERN LIGHT EASTERN MAINE MEDICAL CENTER,BANGOR,ME,PENOBSCOT,5,False,59.0,1765.0,3.8,20.4
200034,ST MARY'S REGIONAL MEDICAL CENTER,LEWISTON,ME,ANDROSCOGGIN,4,False,75.0,268.0,4.1,22.7
200039,MAINE GENERAL MEDICAL CENTER,AUGUSTA,ME,KENNEBEC,4,False,75.0,548.0,4.1,20.8
200050,NORTHERN LIGHT MAINE COAST HOSPITAL,ELLSWORTH,ME,HANCOCK,3,False,59.0,420.0,4.1,20.6
200063,MAINEHEALTH PEN BAY HOSPITAL,ROCKPORT,ME,KNOX,3,False,72.0,407.0,4.0,21.8
210001,MERITUS MEDICAL CENTER,HAGERSTOWN,MD,WASHINGTON,3,False,63.0,531.0,3.6,20.4
210002,UNIVERSITY OF MARYLAND MEDICAL CENTER,BALTIMORE,MD,BALTIMORE CITY,3,False,68.0,1490.0,2.6,19.8
210003,UNIVERSITY OF MD CAPITAL REGION MEDICAL CENTER,UPPER MARLBORO,MD,PRINCE GEORGES,1,False,59.0,840.0,3.3,20.9
210004,HOLY CROSS HOSPITAL,SILVER SPRING,MD,MONTGOMERY,2,False,62.0,3841.0,3.9,21.6
210005,FREDERICK HEALTH HOSPITAL,FREDERICK,MD,FREDERICK,3,False,60.0,1209.0,3.7,19.9
210008,MERCY MEDICAL CENTER INC,BALTIMORE,MD,BALTIMORE CITY,3,False,72.0,697.0,3.8,21.8
210009,"JOHNS HOPKINS HOSPITAL, THE",BALTIMORE,MD,BALTIMORE CITY,5,False,80.0,3167.0,2.5,18.9
210011,SAINT AGNES HOSPITAL,BALTIMORE,MD,BALTIMORE CITY,3,False,54.0,442.0,3.6,20.5
210012,SINAI HOSPITAL OF BALTIMORE,BALTIMORE,MD,BALTIMORE CITY,3,False,62.0,647.0,3.3,19.6
210015,MEDSTAR FRANKLIN SQUARE MEDICAL CENTER,ROSEDALE,MD,BALTIMORE,3,False,60.0,959.0,2.9,19.4
210016,ADVENTIST HEALTHCARE WHITE OAK MEDICAL CENTER,SILVER SPRING,MD,MONTGOMERY,3,False,74.0,1433.0,3.3,19.1
210017,GARRETT REGIONAL MEDICAL CENTER,OAKLAND,MD,GARRETT,4,False,82.0,284.0,4.1,21.4
210018,MEDSTAR MONTGOMERY MEDICAL CENTER,OLNEY,MD,MONTGOMERY,3,False,61.0,605.0,3.4,21.1
210019,"TIDALHEALTH PENINSULA REGIONAL, INC",SALISBURY,MD,WICOMICO,4,False,67.0,607.0,3.2,18.6
210022,SUBURBAN HOSPITAL,BETHESDA,MD,MONTGOMERY,4,False,78.0,1819.0,2.8,21.0
210023,"LUMINIS HEALTH ANNE ARUNDEL MEDICAL CENTER, INC",ANNAPOLIS,MD,ANNE ARUNDEL,3,False,69.0,1270.0,3.2,21.1
210024,MEDSTAR UNION MEMORIAL HOSPITAL,BALTIMORE,MD,BALTIMORE CITY,5,False,67.0,1058.0,3.2,19.7
210027,WESTERN MARYLAND REGIONAL MEDICAL CENTER,CUMBERLAND,MD,ALLEGANY,4,False,64.0,372.0,3.6,20.3
210028,MEDSTAR SAINT MARY'S HOSPITAL,LEONARDTOWN,MD,ST. MARYS,4,False,64.0,490.0,3.8,19.5
210029,JOHNS HOPKINS BAYVIEW MEDICAL CENTER,BALTIMORE,MD,BALTIMORE CITY,3,False,68.0,1071.0,2.4,21.1
210030,UNIVERSITY OF MD SHORE MEDICAL CTR AT CHESTERTOWN,CHESTERTOWN,MD,KENT,5,False,,,3.0,20.8
210032,UNION HOSPITAL OF CECIL COUNTY,ELKTON,MD,CECIL,4,False,62.0,960.0,3.9,21.7
210033,CARROLL HOSPITAL CENTER,WESTMINSTER,MD,CARROLL,3,False,61.0,724.0,3.5,21.3
210034,MEDSTAR HARBOR HOSPITAL,BALTIMORE,MD,BALTIMORE CITY,4,False,66.0,412.0,3.3,20.4
210035,UNIVERSITY OF MD CHARLES REGIONAL  MEDICAL CENTER,LA PLATA,MD,CHARLES,3,False,64.0,505.0,3.6,19.3
210037,UNIVERSITY OF MD SHORE MEDICAL CENTER AT EASTON,EASTON,MD,TALBOT,4,False,52.0,855.0,3.0,18.4
210038,UNIVERSITY OF MD MEDICAL CENTER MIDTOWN CAMPUS,BALTIMORE,MD,BALTIMORE CITY,3,False,62.0,205.0,3.6,20.1
210039,CALVERTHEALTH MEDICAL CENTER,PRINCE FREDERICK,MD,CALVERT,5,False,72.0,551.0,3.2,19.4
210040,NORTHWEST HOSPITAL CENTER,RANDALLSTOWN,MD,BALTIMORE,2,False,60.0,452.0,3.1,21.8
210043,UNIVERSITY OF MD BALTIMORE WASHINGTON MEDICAL CENTER,GLEN BURNIE,MD,ANNE ARUNDEL,5,False,66.0,980.0,3.0,19.0
210044,GREATER BALTIMORE MEDICAL CENTER,BALTIMORE,MD,BALTIMORE,5,False,72.0,775.0,2.9,21.1
210048,JOHNS HOPKINS HOWARD COUNTY MEDICAL CENTER,COLUMBIA,MD,HOWARD,3,False,67.0,1340.0,3.0,21.7
210049,UMD UPPER CHESAPEAKE MEDICAL CENTER,BEL AIR,MD,HARFORD,2,False,59.0,1431.0,3.1,19.9
210051,"LUMINIS HEALTH DOCTORS COMMUNITY MEDICAL CTR, INC",LANHAM,MD,PRINCE GEORGES,3,False,64.0,919.0,3.4,21.0
210056,MEDSTAR GOOD SAMARITAN HOSPITAL,BALTIMORE,MD,BALTIMORE CITY,3,False,64.0,479.0,2.8,19.9
210057,ADVENTIST HEALTHCARE SHADY GROVE MEDICAL CENTER,ROCKVILLE,MD,MONTGOMERY,2,False,67.0,1862.0,4.0,19.5
210058,UMD REHABILITATION &  ORTHOPAEDIC INSTITUTE,BALTIMORE,MD,BALTIMORE,Not Available,False,,,,
210060,ADVENTIST HEALTHCARE FORT WASHINGTON MEDICAL CTR,FORT WASHINGTON,MD,PRINCE GEORGES,4,False,62.0,187.0,3.7,21.0
210061,ATLANTIC GENERAL HOSPITAL,BERLIN,MD,WORCESTER,3,False,73.0,352.0,4.5,20.9
210062,MEDSTAR SOUTHERN MARYLAND HOSPITAL CENTER,CLINTON,MD,PRINCE GEORGES,2,False,51.0,715.0,3.4,18.9
210063,UNIVERSITY OF MD ST JOSEPH MEDICAL CENTER,TOWSON,MD,BALTIMORE,5,False,75.0,1375.0,2.8,20.0
210064,LEVINDALE HEBREW GERIATRIC CENTER AND HOSPITAL,BALTIMORE,MD,BALTIMORE CITY,Not Available,False,,,3.3,
210065,HOLY CROSS GERMANTOWN HOSPITAL,GERMANTOWN,MD,MONTGOMERY,1,False,64.0,1033.0,4.2,22.2
220001,UMASS MEMORIAL HEALTHALLIANCE HOSPITALS,LEOMINSTER,MA,WORCESTER,3,False,55.0,649.0,3.2,22.8
220002,MOUNT AUBURN HOSPITAL,CAMBRIDGE,MA,MIDDLESEX,4,False,70.0,1714.0,3.3,20.3
220008,STURDY MEMORIAL HOSPITAL,ATTLEBORO,MA,BRISTOL,3,False,66.0,460.0,3.5,21.9
220010,MERRIMACK HEALTH LAWRENCE HOSPITAL,LAWRENCE,MA,ESSEX,2,False,59.0,956.0,3.8,21.9
220011,CAMBRIDGE HEALTH ALLIANCE,CAMBRIDGE,MA,MIDDLESEX,3,False,64.0,547.0,3.5,21.1
220012,CAPE COD HOSPITAL,HYANNIS,MA,BARNSTABLE,2,False,68.0,1321.0,3.5,23.6
220015,"COOLEY DICKINSON HOSPITAL INC,THE",NORTHAMPTON,MA,HAMPSHIRE,2,False,70.0,641.0,3.3,22.5
220016,BAYSTATE FRANKLIN MEDICAL CENTER,GREENFIELD,MA,FRANKLIN,3,False,67.0,508.0,3.3,23.3
220017,CARNEY HOSPITAL,BOSTON,MA,SUFFOLK,Not Available,False,,,,
220019,UMASS MEMORIAL HEALTH - HARRINGTON HOSPITAL,SOUTHBRIDGE,MA,WORCESTER,3,False,63.0,698.0,3.8,23.5
220020,SAINT ANNE'S HOSPITAL,FALL RIVER,MA,BRISTOL,3,False,72.0,648.0,4.0,25.2
220024,HOLYOKE MEDICAL CENTER,HOLYOKE,MA,HAMPDEN,4,False,68.0,781.0,3.9,23.6
220029,ANNA JAQUES HOSPITAL,NEWBURYPORT,MA,ESSEX,3,False,60.0,616.0,4.3,21.6
220030,BAYSTATE WING HOSPITAL,PALMER,MA,HAMPDEN,4,False,64.0,640.0,3.7,19.9
220031,BOSTON MEDICAL CENTER,BOSTON,MA,SUFFOLK,3,False,71.0,3808.0,3.1,21.4
220033,NORTHEAST HOSPITAL CORPORATION,BEVERLY,MA,ESSEX,3,False,63.0,1336.0,3.1,21.7
220035,NORTH SHORE MEDICAL CENTER -,SALEM,MA,ESSEX,5,False,66.0,593.0,2.3,22.0
220036,BOSTON MEDICAL CENTER-BRIGHTON,BRIGHTON,MA,SUFFOLK,3,False,71.0,709.0,3.5,20.3
220046,BERKSHIRE MEDICAL CENTER,PITTSFIELD,MA,BERKSHIRE,4,False,61.0,378.0,3.4,22.9
220049,MARLBOROUGH HOSPITAL,MARLBOROUGH,MA,MIDDLESEX,2,False,59.0,555.0,3.5,21.1
220052,SIGNATURE HEALTHCARE BROCKTON HOSPITAL,BROCKTON,MA,PLYMOUTH,3,False,59.0,500.0,3.5,23.6
220060,BETH ISRAEL DEACONESS HOSPITAL PLYMOUTH,PLYMOUTH,MA,PLYMOUTH,4,False,61.0,1166.0,3.4,21.7
220062,ADCARE HOSPITAL OF WORCESTER INC,WORCESTER,MA,WORCESTER,Not Available,False,,,2.6,
220063,LOWELL GENERAL HOSPITAL,LOWELL,MA,MIDDLESEX,2,False,66.0,743.0,3.4,21.9
220065,BAYSTATE NOBLE HOSPITAL,WESTFIELD,MA,HAMPDEN,2,False,63.0,520.0,3.9,21.4
220066,MERCY MEDICAL CTR,SPRINGFIELD,MA,HAMPDEN,2,False,65.0,541.0,4.2,22.9
220070,MELROSEWAKEFIELD HEALTHCARE,MELROSE,MA,MIDDLESEX,3,False,68.0,451.0,3.1,21.8
220071,MASSACHUSETTS GENERAL HOSPITAL,BOSTON,MA,SUFFOLK,5,False,78.0,593.0,1.8,19.7
220073,BROWN UNIVERSITY HEALTH MORTON HOSPITAL,TAUNTON,MA,BRISTOL,1,False,54.0,565.0,4.9,21.6
220074,SOUTHCOAST HOSPITALS GROUP,FALL RIVER,MA,BRISTOL,4,False,68.0,1284.0,3.0,23.1
220075,MASSACHUSETTS EYE AND EAR INFIRMARY -,BOSTON,MA,SUFFOLK,Not Available,False,78.0,351.0,4.0,
220077,BAYSTATE MEDICAL CENTER,SPRINGFIELD,MA,HAMPDEN,2,False,59.0,2106.0,3.2,22.9
220080,HOLY FAMILY HOSPITAL,METHUEN,MA,ESSEX,2,False,50.0,551.0,4.4,21.6
220083,BETH ISRAEL DEACONESS HOSPITAL - NEEDHAM,NEEDHAM,MA,NORFOLK,5,False,68.0,712.0,2.9,23.2
220084,EMERSON HOSPITAL -,W CONCORD,MA,MIDDLESEX,5,False,69.0,563.0,4.1,21.3
220086,BETH ISRAEL DEACONESS MEDICAL CENTER,BOSTON,MA,SUFFOLK,3,False,76.0,5505.0,2.6,20.9
220088,NEW ENGLAND BAPTIST HOSPITAL,BOSTON,MA,SUFFOLK,5,False,82.0,1070.0,3.3,
220090,MILFORD REGIONAL MEDICAL CENTER,MILFORD,MA,WORCESTER,4,False,76.0,593.0,3.4,22.0
220095,HEYWOOD HOSPITAL -,GARDNER,MA,WORCESTER,2,False,70.0,491.0,4.3,24.8
220098,NASHOBA VALLEY MEDICAL CENTER,AYER,MA,MIDDLESEX,Not Available,False,,,,
220100,SOUTH SHORE HOSPITAL,SOUTH WEYMOUTH,MA,NORFOLK,2,False,65.0,888.0,3.6,23.0
220101,NEWTON-WELLESLEY HOSPITAL,NEWTON,MA,MIDDLESEX,5,False,71.0,644.0,2.0,20.4
220105,WINCHESTER HOSPITAL,WINCHESTER,MA,MIDDLESEX,3,False,70.0,1288.0,3.3,23.3
220108,BETH ISRAEL DEACONESS HOSPITAL - MILTON,MILTON,MA,NORFOLK,4,False,66.0,405.0,3.3,20.9
220110,BRIGHAM AND WOMEN'S HOSPITAL,BOSTON,MA,SUFFOLK,5,False,74.0,666.0,2.1,22.1
220111,GOOD SAMARITAN MEDICAL CENTER,BROCKTON,MA,PLYMOUTH,2,False,53.0,652.0,4.4,24.0
220116,TUFTS MEDICAL CENTER,BOSTON,MA,SUFFOLK,2,False,76.0,488.0,3.4,21.3
220119,BRIGHAM AND WOMEN FAULKNER HOSPITAL,JAMAICA PLAIN,MA,SUFFOLK,5,False,71.0,606.0,2.1,19.9
220126,NORWOOD HOSPITAL,NORWOOD,MA,NORFOLK,Not Available,False,,,,
220135,FALMOUTH HOSPITAL,FALMOUTH,MA,BARNSTABLE,4,False,69.0,531.0,3.6,22.0
220163,UMASS MEMORIAL MEDICAL CENTER/UNIVERSITY CAMPUS,WORCESTER,MA,WORCESTER,3,False,69.0,1116.0,3.3,20.3
220171,"LAHEY HOSPITAL & MEDICAL CENTER, BURLINGTON",BURLINGTON,MA,MIDDLESEX,4,False,67.0,2376.0,2.7,21.6
220175,METROWEST MEDICAL CENTER,FRAMINGHAM,MA,MIDDLESEX,1,False,45.0,636.0,3.1,22.9
220176,ST VINCENT HOSPITAL,WORCESTER,MA,WORCESTER,2,False,52.0,1184.0,3.3,20.0
220177,NANTUCKET COTTAGE HOSPITAL,NANTUCKET,MA,NANTUCKET,3,False,,,4.0,21.9
230002,ST JOE MERCY HOSPITAL SYSTEM LIVONIA,LIVONIA,MI,WAYNE,2,False,67.0,617.0,3.8,21.7
230003,COREWELL HEALTH ZEELAND HOSPITAL,ZEELAND,MI,OTTAWA,5,False,83.0,502.0,3.6,19.5
230005,PROMEDICA CHARLES AND VIRGINIA HICKMAN HOSPITAL,ADRIAN,MI,LENAWEE,3,False,63.0,539.0,4.5,21.3
230015,THREE RIVERS HEALTH,THREE RIVERS,MI,ST. JOSEPH,2,False,63.0,244.0,4.0,21.3
230017,BRONSON METHODIST HOSPITAL,KALAMAZOO,MI,KALAMAZOO,4,False,69.0,746.0,3.4,28.4
230019,"ASCENSION PROVIDENCE HOSPITAL, SOUTHFIELD AND NOVI",SOUTHFIELD,MI,OAKLAND,4,False,64.0,1225.0,3.0,21.1
230020,BEAUMONT HOSPITAL - DEARBORN,DEARBORN,MI,WAYNE,2,False,51.0,830.0,3.3,22.7
230021,"LAKELAND HOSPITAL, ST JOSEPH",ST JOSEPH,MI,BERRIEN,4,False,65.0,811.0,3.4,19.7
230022,INSIGHT HOSPITAL AND MEDICAL CENTER COLDWATER,COLDWATER,MI,BRANCH,2,False,61.0,230.0,5.4,21.6
230024,SINAI-GRACE HOSPITAL,DETROIT,MI,WAYNE,1,False,46.0,337.0,3.7,22.9
230029,TRINITY HEALTH OAKLAND HOSPITAL,PONTIAC,MI,OAKLAND,2,False,66.0,658.0,3.1,19.5
230030,MYMICHIGAN MEDICAL CENTER ALMA,ALMA,MI,GRATIOT,4,False,78.0,452.0,4.7,20.9
230031,LAKE HURON MEDICAL CENTER,PORT HURON,MI,ST. CLAIR,4,False,64.0,409.0,3.5,21.1
230035,SPECTRUM HEALTH UNITED HOSPITAL,GREENVILLE,MI,MONTCALM,4,False,74.0,429.0,3.8,22.4
230036,MYMICHIGAN MEDICAL CENTER ALPENA,ALPENA,MI,ALPENA,3,False,76.0,633.0,5.2,20.2
230037,HILLSDALE HOSPITAL,HILLSDALE,MI,HILLSDALE,3,False,71.0,227.0,5.1,20.8
230038,SPECTRUM HEALTH,GRAND RAPIDS,MI,KENT,4,False,72.0,1954.0,2.8,17.9
230041,MCLAREN BAY REGION,BAY CITY,MI,BAY,1,False,55.0,454.0,4.2,22.5
230046,UNIVERSITY OF MICHIGAN HEALTH SYSTEM,ANN ARBOR,MI,WASHTENAW,4,False,79.0,824.0,2.4,19.2
230047,HENRY FORD MACOMB HOSPITAL,CLINTON TOWNSHIP,MI,MACOMB,3,False,63.0,1144.0,3.7,19.8
230053,HENRY FORD HEALTH HOSPITAL,DETROIT,MI,WAYNE,3,False,69.0,1314.0,3.3,22.6
230054,UPHS MARQUETTE DLP HOSPITAL,MARQUETTE,MI,MARQUETTE,3,False,65.0,1967.0,4.0,21.4
230055,DICKINSON COUNTY MEMORIAL HOSPITAL,IRON MOUNTAIN,MI,DICKINSON,2,False,65.0,359.0,3.4,21.1
230058,MUNSON HEALTHCARE GRAYLING HOSPITAL,GRAYLING,MI,CRAWFORD,3,False,69.0,390.0,4.0,20.9
230059,MERCY HEALTH SAINT MARY'S,GRAND RAPIDS,MI,KENT,3,False,78.0,529.0,3.6,19.2
230066,TRINITY HEALTH MUSKEGON HOSPITAL,MUSKEGON,MI,MUSKEGON,3,False,62.0,662.0,3.8,17.9
230069,TRINITY HEALTH LIVINGSTON HOSPITAL,HOWELL,MI,LIVINGSTON,4,False,73.0,504.0,3.1,21.7
230070,COVENANT MEDICAL CENTER,SAGINAW,MI,SAGINAW,2,False,70.0,985.0,3.9,21.7
230071,STRAITH HOSPITAL FOR SPECIAL SURGERY,SOUTHFIELD,MI,OAKLAND,Not Available,False,,,3.9,
230072,HOLLAND HOSPITAL,HOLLAND,MI,OTTAWA,5,False,82.0,320.0,4.4,19.0
230075,BRONSON BATTLE CREEK HOSPITAL,BATTLE CREEK,MI,CALHOUN,3,False,65.0,513.0,3.5,21.9
230077,MYMICHIGAN MEDICAL CENTER SAGINAW,SAGINAW,MI,SAGINAW,3,False,65.0,479.0,4.5,20.3
230078,COREWELL HEALTH WATERVLIET HOSPITAL,WATERVLIET,MI,BERRIEN,Not Available,False,,,,
230080,MCLAREN CENTRAL MICHIGAN,MOUNT PLEASANT,MI,ISABELLA,3,False,75.0,292.0,3.6,21.0
230081,MUNSON HEALTHCARE CADILLAC HOSPITAL,CADILLAC,MI,WEXFORD,4,False,69.0,470.0,4.0,20.1
230085,BRONSON SOUTH HAVEN HOSPITAL,SOUTH HAVEN,MI,VAN BUREN,Not Available,False,,,4.2,22.0
230089,BEAUMONT HOSPITAL - GROSSE POINTE,GROSSE POINTE,MI,WAYNE,4,False,67.0,880.0,2.8,21.6
230092,HENRY FORD ALLEGIANCE HEALTH,JACKSON,MI,JACKSON,3,False,62.0,2071.0,3.3,22.3
230093,COREWELL HEALTH BIG RAPIDS HOSPITAL,BIG RAPIDS,MI,MECOSTA,3,False,66.0,401.0,3.5,20.8
230095,MYMICHIGAN MEDICAL CENTER WEST BRANCH,WEST BRANCH,MI,OGEMAW,5,False,77.0,436.0,4.6,21.6
230097,MUNSON MEDICAL CENTER,TRAVERSE CITY,MI,GRAND TRAVERSE,4,False,64.0,492.0,3.1,20.1
230099,PROMEDICA MONROE REGIONAL HOSPITAL,MONROE,MI,MONROE,1,False,58.0,471.0,4.1,23.0
230100,TAWAS ST JOSEPH HOSPITAL,TAWAS CITY,MI,IOSCO,3,False,66.0,258.0,4.1,21.9
230104,HARPER UNIVERSITY HOSPITAL,DETROIT,MI,WAYNE,1,False,51.0,548.0,3.3,21.3
230105,MCLAREN NORTHERN MICHIGAN,PETOSKEY,MI,EMMET,3,False,63.0,1281.0,4.4,19.8
230108,UP HEALTH SYSTEM PORTAGE,HANCOCK,MI,HOUGHTON,5,False,76.0,280.0,3.8,20.9
230110,COREWELL HEALTH LUDINGTON HOSPITAL,LUDINGTON,MI,MASON,4,False,72.0,358.0,3.5,19.4
230117,BORGESS MEDICAL CENTER,KALAMAZOO,MI,KALAMAZOO,3,False,59.0,1008.0,3.2,22.4
230121,MEMORIAL HEALTHCARE,OWOSSO,MI,SHIAWASSEE,3,False,70.0,750.0,4.7,20.2
230130,BEAUMONT HOSPITAL ROYAL OAK,ROYAL OAK,MI,OAKLAND,3,False,60.0,1345.0,2.7,21.2
230132,HURLEY MEDICAL CENTER,FLINT,MI,GENESEE,2,False,59.0,391.0,4.3,19.9
230133,MUNSON HEALTHCARE OTSEGO MEMORIAL HOSPITAL,GAYLORD,MI,OTSEGO,4,False,63.0,368.0,4.5,25.3
230141,MCLAREN FLINT,FLINT,MI,GENESEE,2,False,61.0,570.0,4.4,20.4
230142,COREWELL HEALTH WAYNE HOSPITAL,WAYNE,MI,WAYNE,2,False,49.0,512.0,3.6,23.3
230144,FOREST HEALTH MEDICAL CENTER,YPSILANTI,MI,WASHTENAW,Not Available,False,,,,
230146,WYANDOTTE HOSPITAL AND MEDICAL CENTER,WYANDOTTE,MI,WAYNE,2,False,64.0,939.0,3.9,21.1
230151,BEAUMONT HOSPITAL - FARMINGTON HILLS,FARMINGTON HILLS,MI,OAKLAND,3,False,55.0,712.0,3.9,19.4
230156,TRINITY HEALTH ANN ARBOR HOSPITAL,ANN ARBOR,MI,WASHTENAW,4,False,71.0,593.0,3.2,20.5
230165,HENRY FORD HEALTH ST JOHN HOSPITAL,DETROIT,MI,WAYNE,1,False,58.0,688.0,3.5,21.9
230167,MCLAREN GREATER LANSING,LANSING,MI,INGHAM,3,False,63.0,475.0,3.5,20.6
230174,TRINITY HEALTH GRAND HAVEN HOSPITAL,GRAND HAVEN,MI,OTTAWA,4,False,67.0,189.0,4.5,20.3
230176,COREWELL HEALTH TRENTON HOSPITAL,TRENTON,MI,WAYNE,3,False,67.0,861.0,3.8,20.7
230180,MYMICHIGAN MEDICAL CENTER CLARE,CLARE,MI,CLARE,2,False,74.0,298.0,3.9,21.7
230193,MCLAREN LAPEER REGION,LAPEER,MI,LAPEER,2,False,52.0,533.0,4.1,22.5
230195,Henry Ford Health Warren Hospital,WARREN,MI,MACOMB,1,False,52.0,1012.0,4.0,19.5
230197,ASCENSION GENESYS HOSPITAL,GRAND BLANC,MI,GENESEE,3,False,59.0,680.0,3.6,21.3
230207,MCLAREN OAKLAND,PONTIAC,MI,OAKLAND,2,False,54.0,536.0,4.2,21.8
230208,UNIVERSITY OF MICHIGAN HEALTH-SPARROW CARSON,CARSON CITY,MI,MONTCALM,4,False,86.0,172.0,3.5,20.6
230216,MCLAREN PORT HURON,PORT HURON,MI,WAYNE,2,False,65.0,566.0,4.7,21.5
230217,OAKLAWN HOSPITAL,MARSHALL,MI,CALHOUN,4,False,75.0,439.0,5.4,21.0
230222,MYMICHIGAN MEDICAL CENTER MIDLAND,MIDLAND,MI,MIDLAND,4,False,76.0,765.0,4.6,20.2
230227,MCLAREN MACOMB,MOUNT CLEMENS,MI,MACOMB,1,False,55.0,641.0,4.2,22.9
230230,EDWARD W SPARROW HOSPITAL,LANSING,MI,INGHAM,3,False,61.0,729.0,3.8,20.8
230236,UNIVERSITY OF MICHIGAN HEALTH - WEST,WYOMING,MI,KENT,4,False,74.0,622.0,3.8,18.9
230239,CHIPPEWA COUNTY WAR MEMORIAL HOSPITAL,SAULT STE MARIE,MI,CHIPPEWA,2,False,71.0,414.0,4.7,20.2
230241,ASCENSION RIVER DISTRICT HOSPITAL,EAST CHINA,MI,ST. CLAIR,3,False,80.0,117.0,3.3,
230244,GARDEN CITY HOSPITAL,GARDEN CITY,MI,WAYNE,2,False,50.0,426.0,3.9,23.1
230254,ASCENSION PROVIDENCE ROCHESTER HOSPITAL,ROCHESTER,MI,OAKLAND,3,False,57.0,867.0,4.0,22.7
230259,CHELSEA HOSPITAL,CHELSEA,MI,WASHTENAW,4,False,84.0,587.0,3.4,20.8
230264,SOUTHEAST MICHIGAN SURGICAL HOSPITAL LLC,WARREN,MI,MACOMB,Not Available,False,,,,
230269,"BEAUMONT HOSPITAL, TROY",TROY,MI,OAKLAND,4,False,63.0,1380.0,3.1,21.5
230270,BEAUMONT HOSPITAL - TAYLOR,TAYLOR,MI,WAYNE,2,False,58.0,427.0,3.9,20.7
230273,DETROIT RECEIVING HOSPITAL,DETROIT,MI,WAYNE,1,False,48.0,385.0,3.6,22.2
230275,HEALTHSOURCE SAGINAW,SAGINAW,MI,SAGINAW,Not Available,False,,,,
230277,HURON VALLEY-SINAI HOSPITAL,COMMERCE TOWNSHIP,MI,OAKLAND,3,False,61.0,994.0,4.1,20.5
230279,HENRY FORD HEALTH BRIGHTON CENTER FOR RECOVERY,BRIGHTON,MI,LIVINGSTON,Not Available,False,,,3.4,
230297,KARMANOS CANCER CENTER,DETROIT,MI,WAYNE,3,False,78.0,397.0,3.4,
230301,SURGEONS CHOICE MEDICAL CENTER,SOUTHFIELD,MI,OAKLAND,Not Available,False,,,4.2,
230302,HENRY FORD HEALTH WEST BLOOMFIELD HOSPITAL,W BLOOMFIELD,MI,OAKLAND,3,False,69.0,1021.0,3.4,21.9
230303,MUNSON HEALTHCARE MANISTEE HOSPITAL,MANISTEE,MI,MANISTEE,4,False,70.0,143.0,3.4,21.6
240001,NORTH MEMORIAL HEALTH HOSPITAL,ROBBINSDALE,MN,HENNEPIN,1,False,65.0,798.0,3.0,20.0
240002,ESSENTIA HEALTH ST MARY'S MEDICAL CENTER,DULUTH,MN,ST. LOUIS,4,False,73.0,650.0,3.4,20.2
240004,HENNEPIN COUNTY MEDICAL CENTER,MINNEAPOLIS,MN,HENNEPIN,3,False,63.0,1184.0,3.0,20.9
240006,OLMSTED MEDICAL CENTER,ROCHESTER,MN,OLMSTED,4,False,77.0,272.0,3.2,20.8
240010,MAYO CLINIC HOSPITAL ROCHESTER,ROCHESTER,MN,OLMSTED,5,False,85.0,4221.0,1.9,19.8
240014,NORTHFIELD HOSPITAL,NORTHFIELD,MN,RICE,4,False,82.0,361.0,4.0,20.4
240018,MAYO CLINIC HEALTH SYSTEM IN RED WING,RED WING,MN,GOODHUE,4,False,74.0,333.0,3.5,21.3
240019,ESSENTIA HEALTH DULUTH,DULUTH,MN,ST. LOUIS,Not Available,False,60.0,370.0,3.2,21.1
240020,CAMBRIDGE MEDICAL CENTER,CAMBRIDGE,MN,ISANTI,4,False,71.0,392.0,3.3,19.9
240022,SANFORD WORTHINGTON MEDICAL CENTER,WORTHINGTON,MN,NOBLES,4,False,69.0,189.0,4.2,19.7
240030,ALOMERE HEALTH,ALEXANDRIA,MN,DOUGLAS,4,False,75.0,382.0,3.7,19.0
240036,CENTRACARE - ST. CLOUD HOSPITAL,SAINT CLOUD,MN,STEARNS,4,False,70.0,3026.0,3.1,20.0
240038,ALLINA UNITED HOSPITAL,SAINT PAUL,MN,RAMSEY,3,False,65.0,458.0,2.9,20.2
240040,RANGE REGIONAL HEALTH SERVICES,HIBBING,MN,ST. LOUIS,4,False,70.0,227.0,4.0,21.1
240043,MAYO CLINIC HEALTH SYSTEM - ALBERT LEA AND AUSTIN,ALBERT LEA,MN,FREEBORN,5,False,70.0,421.0,3.3,24.4
240044,WINONA HEALTH SERVICES,WINONA,MN,WINONA,2,False,68.0,191.0,4.4,20.9
240047,ST LUKES HOSPITAL,DULUTH,MN,ST. LOUIS,3,False,66.0,388.0,3.8,23.8
240050,FAIRVIEW LAKES HEALTH SERVICES,WYOMING,MN,CHISAGO,3,False,67.0,572.0,3.4,22.6
240053,PARK NICOLLET METHODIST HOSPITAL,SAINT LOUIS PARK,MN,HENNEPIN,3,False,77.0,1107.0,3.1,22.9
240056,RIDGEVIEW MEDICAL CENTER,WACONIA,MN,CARVER,4,False,76.0,417.0,3.8,22.7
240057,ABBOTT NORTHWESTERN HOSPITAL,MINNEAPOLIS,MN,HENNEPIN,4,False,69.0,508.0,2.7,18.7
240064,GRAND ITASCA CLINIC AND HOSPITAL,GRAND RAPIDS,MN,ITASCA,4,False,73.0,328.0,3.0,22.5
240066,LAKEVIEW MEMORIAL HOSPITAL,STILLWATER,MN,WASHINGTON,4,False,80.0,936.0,3.5,20.6
240069,OWATONNA HOSPITAL,OWATONNA,MN,STEELE,5,False,67.0,391.0,3.4,22.8
240071,ALLINA HEALTH FARIBAULT MEDICAL CENTER,FARIBAULT,MN,RICE,3,False,75.0,294.0,3.3,21.4
240075,ESSENTIA HEALTH ST JOSEPH'S MEDICAL CENTER,BRAINERD,MN,CROW WING,3,False,69.0,799.0,3.8,22.1
240076,BUFFALO HOSPITAL,BUFFALO,MN,WRIGHT,5,False,74.0,587.0,2.9,18.8
240078,M HEALTH FAIRVIEW SOUTHDALE HOSPITAL,EDINA,MN,HENNEPIN,5,False,70.0,515.0,2.4,18.9
240080,M HEALTH FAIRVIEW UNIVERSITY OF MN MEDICAL CENTER,MINNEAPOLIS,MN,HENNEPIN,4,False,68.0,405.0,2.5,19.5
240084,ESSENTIA HEALTH VIRGINIA,VIRGINIA,MN,ST. LOUIS,4,False,63.0,326.0,3.6,21.6
240088,CENTRACARE- RICE MEMORIAL HOSPITAL,WILLMAR,MN,KANDIYOHI,3,False,60.0,317.0,3.5,21.4
240093,MAYO CLINIC HEALTH SYSTEM - MANKATO,MANKATO,MN,BLUE EARTH,5,False,77.0,1071.0,3.1,20.0
240100,SANFORD BEMIDJI MEDICAL CENTER,BEMIDJI,MN,BELTRAMI,4,False,66.0,310.0,3.2,21.4
240101,ESSENTIA HEALTH ST MARYS - DETROIT LAKES,DETROIT LAKES,MN,BECKER,4,False,73.0,428.0,3.5,21.8
240104,ST FRANCIS REGIONAL MEDICAL CENTER,SHAKOPEE,MN,SCOTT,3,False,68.0,1268.0,3.0,20.7
240106,REGIONS HOSPITAL,SAINT PAUL,MN,RAMSEY,3,False,73.0,1087.0,2.7,19.4
240115,MERCY HOSPITAL,COON RAPIDS,MN,ANOKA,3,False,66.0,462.0,2.8,20.1
240141,FAIRVIEW NORTHLAND REGIONAL HOSPITAL,PRINCETON,MN,MILLE LACS,4,False,75.0,303.0,3.4,21.5
240166,MAYO CLINIC HEALTH SYSTEM - FAIRMONT,FAIRMONT,MN,MARTIN,5,False,72.0,196.0,3.2,20.3
240187,HUTCHINSON HEALTH,HUTCHINSON,MN,MC LEOD,3,False,78.0,268.0,3.4,22.3
240206,RED LAKE HOSPITAL,REDLAKE,MN,BELTRAMI,Not Available,False,,,,
240207,M HEALTH FAIRVIEW RIDGES HOSPITAL,BURNSVILLE,MN,DAKOTA,4,False,66.0,476.0,2.9,21.4
240210,M HEALTH FAIRVIEW ST JOHN'S HOSPITAL,MAPLEWOOD,MN,RAMSEY,5,False,63.0,456.0,2.7,20.4
240213,M HEALTH FAIRVIEW WOODWINDS HOSPITAL,WOODBURY,MN,WASHINGTON,4,False,69.0,479.0,3.1,20.0
240214,MAPLE GROVE HOSPITAL,MAPLE GROVE,MN,HENNEPIN,5,False,77.0,891.0,3.2,20.5
250001,UNIVERSITY OF MISSISSIPPI MED CENTER,JACKSON,MS,HINDS,2,False,73.0,1583.0,4.1,23.4
250002,TISHOMINGO HEALTH SERVICES INC,IUKA,MS,TISHOMINGO,2,False,78.0,124.0,4.2,21.0
250004,NORTH MISSISSIPPI MEDICAL CENTER,TUPELO,MS,LEE,2,False,67.0,1101.0,5.0,20.6
250006,BAPTIST MEMORIAL HOSPITAL UNION COUNTY,NEW ALBANY,MS,UNION,4,False,75.0,409.0,4.3,19.6
250007,Memorial Hospital Biloxi,BILOXI,MS,HARRISON,1,False,47.0,176.0,4.6,21.8
250009,MAGNOLIA REGIONAL HEALTH CENTER,CORINTH,MS,ALCORN,2,False,78.0,413.0,5.1,21.1
250017,PROGRESSIVE HEALTH GROUP OF HOUSTON,HOUSTON,MS,CHICKASAW,Not Available,False,,,,
250018,JASPER GENERAL HOSPITAL,BAY SPRINGS,MS,JASPER,Not Available,False,,,,
250019,MEMORIAL HOSPITAL AT GULFPORT,GULFPORT,MS,HARRISON,3,False,66.0,458.0,5.1,23.7
250020,WEBSTER GENERAL HOSPITAL/ SWING BED,EUPORA,MS,WEBSTER,4,False,82.0,127.0,5.8,20.0
250025,NORTH MISSISSIPPI MEDICAL CENTER-GILMORE AMORY,AMORY,MS,MONROE,3,False,79.0,315.0,4.2,22.4
250027,WINSTON MEDICAL CENTER,LOUISVILLE,MS,WINSTON,Not Available,False,,,5.7,
250031,MERIT HEALTH RIVER REGION,VICKSBURG,MS,WARREN,2,False,64.0,270.0,4.9,22.2
250034,BAPTIST MEMORIAL HOSPITAL NORTH MS,OXFORD,MS,LAFAYETTE,4,False,76.0,690.0,3.2,22.8
250036,GEORGE REGIONAL HEALTH SYSTEM,LUCEDALE,MS,GEORGE,1,False,81.0,101.0,6.5,21.8
250038,MERIT HEALTH MADISON,CANTON,MS,MADISON,3,False,76.0,149.0,4.6,22.2
250040,SINGING RIVER HEALTH SYSTEM,PASCAGOULA,MS,JACKSON,1,False,70.0,1104.0,5.7,20.5
250042,NORTHWEST MISSISSISSIPPI REGIONAL MEDICAL CENTER,CLARKSDALE,MS,COAHOMA,3,False,,,4.9,21.2
250043,NESHOBA COUNTY GENERAL HOSPITAL,PHILADELPHIA,MS,NESHOBA,3,False,,,6.1,
250044,BAPTIST MEMORIAL HOSPITAL BOONEVILLE,BOONEVILLE,MS,PRENTISS,3,False,,,5.5,20.4
250048,ST DOMINIC-JACKSON MEMORIAL HOSPITAL,JACKSON,MS,HINDS,2,False,73.0,559.0,4.6,21.0
250049,BEACHAM MEMORIAL HOSPITAL,MAGNOLIA,MS,PIKE,Not Available,False,,,4.1,21.2
250050,BAPTIST MEMORIAL HOSPITAL-OKTIBBEHA COUNTY,STARKVILLE,MS,OKTIBBEHA,2,False,56.0,266.0,5.4,22.0
250057,KING'S DAUGHTERS MEDICAL CENTER-BROOKHAVEN,BROOKHAVEN,MS,LINCOLN,3,False,72.0,330.0,5.7,21.0
250058,SOUTH CENTRAL REG MED CTR,LAUREL,MS,JONES,1,False,68.0,856.0,7.6,22.3
250061,YALOBUSHA GENERAL HOSPITAL,WATER VALLEY,MS,YALOBUSHA,Not Available,False,,,3.6,
250067,CLAY COUNTY MEDICAL CORPORATION,WEST POINT,MS,CLAY,3,False,74.0,125.0,4.4,22.6
250069,OCHSNER RUSH HOSPITAL,MERIDIAN,MS,LAUDERDALE,3,False,72.0,589.0,4.4,21.8
250072,MERIT HEALTH CENTRAL,JACKSON,MS,HINDS,3,False,,,4.1,22.2
250077,WAYNE GENERAL HOSPITAL,WAYNESBORO,MS,WAYNE,3,False,,,4.0,22.0
250078,FORREST GENERAL HOSPITAL,HATTIESBURG,MS,FORREST,2,False,72.0,1811.0,4.6,21.6
250081,ANDERSON REGIONAL MEDICAL CENTER SOUTH CAMPUS,MERIDIAN,MS,LAUDERDALE,Not Available,False,,,,
250082,DELTA HEALTH SYSTEM - THE MEDICAL CENTER,GREENVILLE,MS,WASHINGTON,1,False,61.0,647.0,7.8,22.2
250084,MERIT HEALTH NATCHEZ,NATCHEZ,MS,ADAMS,2,False,58.0,187.0,4.7,22.8
250085,MARION GENERAL HOSPITAL,COLUMBIA,MS,MARION,1,False,,,3.8,
250093,BOLIVAR MEDICAL CENTER,CLEVELAND,MS,BOLIVAR,1,False,63.0,185.0,5.9,20.6
250094,MERIT HEALTH WESLEY,HATTIESBURG,MS,LAMAR,2,False,61.0,322.0,4.5,21.9
250095,SOUTH SUNFLOWER COUNTY HOSPITAL,INDIANOLA,MS,SUNFLOWER,2,False,,,5.6,21.8
250096,CROSSGATES RIVER OAKS HOSPITAL,BRANDON,MS,RANKIN,2,False,,,3.4,
250097,SOUTHWEST MS REGIONAL MEDICAL CENTER,MCCOMB,MS,PIKE,2,False,67.0,512.0,5.4,22.4
250099,GREENWOOD LEFLORE HOSPITAL,GREENWOOD,MS,LEFLORE,1,False,,,4.4,20.8
250100,BMH-GOLDEN TRIANGLE,COLUMBUS,MS,LOWNDES,3,False,76.0,733.0,4.0,20.0
250102,MISSISSIPPI BAPTIST MEDICAL CENTER,JACKSON,MS,HINDS,2,False,73.0,1261.0,4.0,22.8
250104,ANDERSON REGIONAL MEDICAL CENTER,MERIDIAN,MS,LAUDERDALE,2,False,59.0,910.0,4.2,22.0
250117,HIGHLAND COMMUNITY  HOSPITAL,PICAYUNE,MS,PEARL RIVER,1,False,,,4.6,21.5
250123,SINGING RIVER GULFPORT,GULFPORT,MS,HARRISON,2,False,73.0,289.0,4.6,20.9
250124,MAGEE GENERAL HOSPITAL,MAGEE,MS,SIMPSON,2,False,,,5.5,
250127,CHOCTAW HEALTH CENTER,PHILADELPHIA,MS,NESHOBA,Not Available,False,,,,
250134,WHITFIELD MEDICAL SURGICAL HOSPITAL,WHITFIELD,MS,RANKIN,Not Available,False,,,,
250136,MERIT HEALTH WOMEN'S HOSPITAL,FLOWOOD,MS,RANKIN,Not Available,False,,,,
250138,MERIT HEALTH RIVER OAKS,FLOWOOD,MS,RANKIN,1,False,52.0,501.0,4.5,21.8
250141,BAPTIST MEMORIAL HOSPITAL DESOTO,SOUTHAVEN,MS,DE SOTO,3,False,66.0,1025.0,2.7,20.9
250151,ALLIANCE HEALTH CENTER,MERIDIAN,MS,LAUDERDALE,Not Available,False,,,3.5,
250152,MISSISSIPPI METHODIST REHAB CTR,JACKSON,MS,HINDS,Not Available,False,,,,
250162,OCHSNER MEDICAL CENTER-HANCOCK,BAY SAINT LOUIS,MS,HANCOCK,3,False,75.0,176.0,3.8,21.0
250167,METHODIST HEALTHCARE - OLIVE BRANCH HOSPITAL,OLIVE BRANCH,MS,DE SOTO,4,False,74.0,540.0,5.4,21.3
250168,UNIVERSITY OF MISSISSIPPI MEDICAL CENTER- GRENADA,GRENADA,MS,GRENADA,1,False,74.0,157.0,5.2,22.7
250172,HIGHLAND HILLS MEDICAL CENTER,SENATOBIA,MS,TATE,Not Available,False,,,4.7,
250174,"ALLIANCE HEALTHCARE SYSTEM, INC",HOLLY SPRINGS,MS,MARSHALL,Not Available,False,,,,
260001,MERCY HOSPITAL JOPLIN,JOPLIN,MO,JASPER,1,False,70.0,437.0,4.0,21.0
260005,SSM ST JOSEPH HEALTH CENTER,SAINT CHARLES,MO,ST. CHARLES,3,False,67.0,598.0,3.0,22.6
260006,MOSAIC LIFE CARE AT ST JOSEPH,SAINT JOSEPH,MO,BUCHANAN,4,False,68.0,1152.0,3.2,21.8
260009,BOTHWELL REGIONAL HEALTH CENTER,SEDALIA,MO,PETTIS,4,False,64.0,309.0,4.7,22.3
260011,SSM HEALTH ST. MARY'S HOSPITAL - JEFFERSON CITY,JEFFERSON CITY,MO,COLE,3,False,75.0,613.0,3.6,23.5
260017,PHELPS COUNTY REGIONAL MEDICAL CENTER,ROLLA,MO,PHELPS,2,False,71.0,493.0,5.1,24.2
260020,MERCY HOSPITAL ST LOUIS,SAINT LOUIS,MO,ST. LOUIS,4,False,73.0,1572.0,2.7,23.7
260022,NORTHEAST REGIONAL MEDICAL CENTER,KIRKSVILLE,MO,ADAIR,2,False,63.0,301.0,4.0,21.3
260023,MERCY HOSPITAL JEFFERSON,CRYSTAL CITY,MO,JEFFERSON,4,False,76.0,468.0,3.5,22.7
260024,TEXAS COUNTY MEMORIAL HOSPITAL,HOUSTON,MO,TEXAS,2,False,76.0,131.0,6.4,21.3
260025,HANNIBAL REGIONAL HOSPITAL,HANNIBAL,MO,MARION,2,False,69.0,792.0,4.2,22.9
260027,RESEARCH MEDICAL CENTER,KANSAS CITY,MO,JACKSON,2,False,58.0,679.0,3.8,21.0
260032,BARNES JEWISH HOSPITAL,SAINT LOUIS,MO,ST. LOUIS CITY,4,False,72.0,7124.0,2.7,23.9
260034,BATES COUNTY MEMORIAL HOSPITAL,BUTLER,MO,BATES,3,False,,,4.8,
260040,COX MEDICAL CENTERS,SPRINGFIELD,MO,GREENE,3,False,65.0,1234.0,3.5,19.8
260048,TRUMAN MEDICAL CENTER HOSPITAL HILL,KANSAS CITY,MO,JACKSON,3,False,62.0,950.0,3.7,21.5
260052,MERCY HOSPITAL WASHINGTON,WASHINGTON,MO,FRANKLIN,4,False,70.0,376.0,3.3,20.3
260057,CAMERON REGIONAL MEDICAL CENTER,CAMERON,MO,CLINTON,1,False,67.0,167.0,6.8,21.7
260059,MERCY HOSPITAL LEBANON,LEBANON,MO,LACLEDE,4,False,65.0,233.0,3.4,19.4
260061,NEVADA REGIONAL MEDICAL CENTER,NEVADA,MO,VERNON,Not Available,False,72.0,103.0,5.8,21.3
260062,SAINT LUKES NORTH HOSPITAL,KANSAS CITY,MO,PLATTE,5,False,73.0,1032.0,4.0,21.8
260065,MERCY HOSPITAL SPRINGFIELD,SPRINGFIELD,MO,GREENE,3,False,68.0,1825.0,3.7,21.0
260068,BOONE HOSPITAL CENTER,COLUMBIA,MO,BOONE,4,False,73.0,1505.0,3.4,21.4
260070,PEMISCOT COUNTY MEMORIAL HOSPITAL,HAYTI,MO,PEMISCOT,Not Available,False,,,4.7,
260074,MOBERLY REGIONAL MEDICAL CENTER,MOBERLY,MO,RANDOLPH,2,False,70.0,135.0,4.1,21.7
260077,MERCY HOSPITAL SOUTH,SAINT LOUIS,MO,ST. LOUIS,2,False,64.0,1542.0,3.0,21.6
260078,OZARKS HEALTHCARE,WEST PLAINS,MO,HOWELL,2,False,66.0,367.0,5.1,20.9
260081,SSM ST CLARE HEALTH CENTER,FENTON,MO,JEFFERSON,4,False,78.0,568.0,2.9,22.5
260085,ST JOSEPH MEDICAL CENTER,KANSAS CITY,MO,JACKSON,3,False,63.0,462.0,3.3,20.5
260091,SSM HEALTH ST MARY'S HOSPITAL - ST LOUIS,SAINT LOUIS,MO,ST. LOUIS,3,False,62.0,920.0,3.2,21.8
260094,COX MEDICAL CENTER BRANSON,BRANSON,MO,TANEY,4,False,70.0,623.0,3.0,20.0
260095,CENTERPOINT MEDICAL CENTER,INDEPENDENCE,MO,JACKSON,3,False,62.0,717.0,4.1,20.8
260096,NKC HEALTH,NORTH KANSAS CITY,MO,CLAY,4,False,74.0,535.0,3.4,19.7
260097,WESTERN MISSOURI MEDICAL CENTER,WARRENSBURG,MO,JOHNSON,4,False,73.0,299.0,5.1,21.1
260102,UNIVERSITY HEALTH LAKEWOOD MEDICAL CENTER,KANSAS CITY,MO,JACKSON,4,False,65.0,341.0,3.5,20.1
260104,SSM HEALTH DEPAUL HOSPITAL ST LOUIS,BRIDGETON,MO,ST. LOUIS,4,False,57.0,600.0,3.1,21.4
260105,SSM HEALTH SAINT LOUIS UNIVERSITY HOSPITAL,SAINT LOUIS,MO,ST. LOUIS CITY,1,False,63.0,846.0,3.1,21.0
260108,MISSOURI BAPTIST MEDICAL CENTER,SAINT LOUIS,MO,ST. LOUIS,5,False,74.0,2956.0,2.6,22.6
260110,MERCY HOSPITAL SOUTHEAST,CAPE GIRARDEAU,MO,CAPE GIRARDEAU,2,False,67.0,917.0,4.3,22.6
260113,MISSOURI DELTA MEDICAL CENTER,SIKESTON,MO,SCOTT,2,False,59.0,312.0,4.3,22.9
260119,POPLAR BLUFF REGIONAL MEDICAL CENTER,POPLAR BLUFF,MO,BUTLER,2,False,60.0,521.0,4.2,22.8
260137,FREEMAN HEALTH SYSTEM - FREEMAN WEST,JOPLIN,MO,JASPER,2,False,69.0,637.0,4.5,21.1
260138,ST LUKES HOSPITAL OF KANSAS CITY,KANSAS CITY,MO,JACKSON,5,False,79.0,3042.0,3.0,19.9
260141,UNIVERSITY OF MISSOURI HEALTH CARE,COLUMBIA,MO,BOONE,3,False,65.0,1680.0,4.7,22.4
260142,FITZGIBBON HOSPITAL,MARSHALL,MO,SALINE,2,False,68.0,287.0,4.7,22.3
260160,MERCY HOSPITAL STODDARD,DEXTER,MO,STODDARD,2,False,,,4.1,21.6
260162,BARNES-JEWISH WEST COUNTY HOSPITAL,CREVE COEUR,MO,ST. LOUIS,5,False,83.0,522.0,3.4,22.7
260163,PARKLAND HEALTH CENTER,FARMINGTON,MO,ST. FRANCOIS,4,False,70.0,523.0,3.4,22.2
260175,GOLDEN VALLEY MEMORIAL HOSPITAL,CLINTON,MO,HENRY,3,False,70.0,408.0,4.9,19.4
260177,LIBERTY HOSPITAL,LIBERTY,MO,CLAY,2,False,73.0,1318.0,4.0,22.9
260179,ST LUKES HOSPITAL,CHESTERFIELD,MO,ST. LOUIS,4,False,78.0,1825.0,2.9,19.2
260180,CHRISTIAN HOSPITAL NORTHEAST,SAINT LOUIS,MO,ST. LOUIS,4,False,65.0,1757.0,2.9,20.7
260183,SAINT FRANCIS MEDICAL CENTER,CAPE GIRARDEAU,MO,CAPE GIRARDEAU,3,False,78.0,375.0,3.4,21.5
260186,LAKE REGIONAL HEALTH SYSTEM,OSAGE BEACH,MO,CAMDEN,3,False,73.0,669.0,4.9,21.3
260190,LEE'S SUMMIT MEDICAL CENTER,LEES SUMMIT,MO,JACKSON,3,False,73.0,515.0,3.8,23.9
260191,BARNES-JEWISH ST PETERS HOSPITAL,SAINT PETERS,MO,ST. CHARLES,3,False,66.0,867.0,3.7,22.7
260193,ST MARY'S MEDICAL CENTER,BLUE SPRINGS,MO,JACKSON,3,False,63.0,478.0,3.2,23.4
260195,CITIZENS MEMORIAL HOSPITAL,BOLIVAR,MO,POLK,3,False,71.0,369.0,4.4,19.2
260200,SSM ST JOSEPH HOSPITAL WEST,LAKE SAINT LOUIS,MO,ST. CHARLES,3,False,64.0,676.0,2.9,22.7
260214,BELTON REGIONAL MEDICAL CENTER,BELTON,MO,CASS,2,False,59.0,447.0,4.2,21.6
260216,SAINT LUKE'S EAST  HOSPITAL,LEES SUMMIT,MO,JACKSON,4,False,76.0,2640.0,2.9,19.7
260219,PROGRESS WEST HOSPITAL,OFALLON,MO,ST. CHARLES,4,False,76.0,587.0,3.4,21.0
270003,ST PETERS HEALTH,HELENA,MT,LEWIS AND CLARK,3,False,64.0,739.0,3.5,20.3
270004,BILLINGS CLINIC HOSPITAL,BILLINGS,MT,YELLOWSTONE,4,False,69.0,1380.0,3.5,19.8
270012,BENEFIS HOSPITALS INC,GREAT FALLS,MT,CASCADE,2,False,62.0,395.0,4.5,20.9
270014,ST. PATRICK HOSPITAL,MISSOULA,MT,MISSOULA,5,False,77.0,422.0,3.1,20.5
270017,ST JAMES HOSPITAL,BUTTE,MT,SILVER BOW,2,False,72.0,438.0,3.6,19.4
270023,COMMUNITY MEDICAL CENTER,MISSOULA,MT,MISSOULA,3,False,62.0,695.0,4.0,22.9
270049,INTERMOUNTAIN HEALTH ST VINCENT REGIONAL HOSPITAL,BILLINGS,MT,YELLOWSTONE,4,False,75.0,976.0,3.3,18.7
270051,LOGAN HEALTH MEDICAL CENTER,KALISPELL,MT,FLATHEAD,3,False,65.0,502.0,5.0,20.4
270057,BOZEMAN HEALTH DEACONESS HOSPITAL,BOZEMAN,MT,GALLATIN,4,False,74.0,605.0,2.8,21.1
270074,P H S INDIAN HOSPITAL AT BROWNING - BLACKFEET,BROWNING,MT,GLACIER,Not Available,False,,,,
270086,GREAT FALLS CLINIC HOSPITAL,GREAT FALLS,MT,CASCADE,2,False,77.0,292.0,3.8,20.9
280003,BRYAN MEDICAL CENTER,LINCOLN,NE,LANCASTER,3,False,75.0,419.0,3.1,20.1
280009,CHI HEALTH GOOD SAMARITAN,KEARNEY,NE,BUFFALO,4,False,72.0,723.0,3.5,23.3
280013,THE NEBRASKA MEDICAL CENTER,OMAHA,NE,DOUGLAS,4,False,68.0,4685.0,2.8,20.5
280020,CHI HEALTH ST. ELIZABETH,LINCOLN,NE,LANCASTER,4,False,65.0,562.0,3.0,20.9
280023,CHI HEALTH ST. FRANCIS,GRAND ISLAND,NE,HALL,4,False,71.0,456.0,3.4,20.3
280032,MARY LANNING HEALTHCARE,HASTINGS,NE,ADAMS,2,False,72.0,519.0,3.9,20.1
280040,THE NEBRASKA METHODIST HOSPITAL,OMAHA,NE,DOUGLAS,4,False,82.0,3588.0,3.2,23.2
280059,TWELVE CLANS UNITY HOSPITAL,WINNEBAGO,NE,THURSTON,Not Available,False,,,,
280060,CHI HEALTH BERGAN MERCY,OMAHA,NE,DOUGLAS,4,False,66.0,589.0,3.5,21.2
280061,REGIONAL WEST MEDICAL CENTER,SCOTTSBLUFF,NE,SCOTT BLUFF,2,False,52.0,495.0,5.0,20.2
280065,GREAT PLAINS HEALTH,NORTH PLATTE,NE,LINCOLN,3,False,60.0,715.0,3.6,20.4
280077,METHODIST FREMONT HEALTH,FREMONT,NE,DODGE,2,False,73.0,427.0,4.1,22.8
280081,CHI HEALTH IMMANUEL,OMAHA,NE,DOUGLAS,3,False,65.0,735.0,3.4,23.4
280105,CHI HEALTH MIDLANDS,PAPILLION,NE,SARPY,4,False,77.0,232.0,3.1,20.4
280111,"COLUMBUS COMMUNITY HOSPITAL, INC",COLUMBUS,NE,PLATTE,3,False,75.0,265.0,4.5,21.5
280125,FAITH HEALTH,NORFOLK,NE,MADISON,3,False,72.0,436.0,3.6,20.6
280127,LINCOLN SURGICAL HOSPITAL,LINCOLN,NE,LANCASTER,Not Available,False,,,3.8,
280128,CHI HEALTH NEBRASKA HEART,LINCOLN,NE,LANCASTER,4,False,86.0,582.0,3.4,20.0
280129,NEBRASKA ORTHOPAEDIC HOSPITAL,OMAHA,NE,DOUGLAS,Not Available,False,83.0,170.0,4.0,
280130,CHI HEALTH LAKESIDE,OMAHA,NE,DOUGLAS,4,False,66.0,522.0,3.3,19.7
280131,MIDWEST SURGICAL HOSPITAL LLC,OMAHA,NE,DOUGLAS,Not Available,False,88.0,278.0,3.8,
280132,BELLEVUE MEDICAL CENTER,BELLEVUE,NE,SARPY,4,False,74.0,1106.0,3.5,23.4
280133,"NEBRASKA SPINE HOSPITAL, LLC",OMAHA,NE,DOUGLAS,Not Available,False,81.0,493.0,3.7,
280134,KEARNEY REGIONAL MEDICAL CENTER,KEARNEY,NE,BUFFALO,4,False,77.0,744.0,3.6,21.2
280139,GRAND ISLAND REGIONAL MEDICAL CENTER,GRAND ISLAND,NE,HALL,2,False,72.0,578.0,4.3,20.5
290001,RENOWN REGIONAL MEDICAL CENTER,RENO,NV,WASHOE,3,False,67.0,849.0,3.4,22.2
290003,SUNRISE HOSPITAL AND MEDICAL CENTER,LAS VEGAS,NV,CLARK,2,False,60.0,664.0,3.9,22.5
290005,NORTH VISTA HOSPITAL,NORTH LAS VEGAS,NV,CLARK,3,False,59.0,411.0,4.4,22.9
290007,UNIVERSITY MEDICAL CENTER,LAS VEGAS,NV,CLARK,2,False,59.0,1740.0,3.8,23.8
290008,NORTHEASTERN NEVADA REGIONAL HOSPITAL,ELKO,NV,ELKO,3,False,58.0,235.0,4.1,21.8
290009,SAINT MARY'S REGIONAL MEDICAL CENTER,RENO,NV,WASHOE,4,False,66.0,520.0,3.6,21.8
290012,SAINT ROSE DOMINICAN HOSPITALS - ROSE DE LIMA,HENDERSON,NV,CLARK,Not Available,False,,,3.5,
290019,CARSON TAHOE REGIONAL MEDICAL CENTER,CARSON CITY,NV,CARSON CITY,2,False,70.0,1001.0,4.0,20.4
290021,VALLEY HOSPITAL MEDICAL CENTER,LAS VEGAS,NV,CLARK,2,False,56.0,376.0,4.5,22.8
290032,NORTHERN NEVADA MEDICAL CENTER,SPARKS,NV,WASHOE,3,False,71.0,1298.0,4.6,23.2
290039,MOUNTAINVIEW HOSPITAL,LAS VEGAS,NV,CLARK,4,False,69.0,671.0,3.3,20.9
290041,SUMMERLIN HOSPITAL MEDICAL CENTER,LAS VEGAS,NV,CLARK,3,False,65.0,569.0,3.8,23.1
290042,HARMON HOSPITAL,LAS VEGAS,NV,CLARK,Not Available,False,,,,
290045,SAINT ROSE DOMINICAN HOSPITALS - SIENA CAMPUS,HENDERSON,NV,CLARK,3,False,66.0,421.0,4.0,21.5
290046,SPRING VALLEY HOSPITAL MEDICAL CENTER,LAS VEGAS,NV,CLARK,3,False,67.0,621.0,3.7,22.2
290047,SOUTHERN HILLS HOSPITAL AND MEDICAL CENTER,LAS VEGAS,NV,CLARK,4,False,73.0,689.0,3.2,20.9
290049,RENOWN SOUTH MEADOWS MEDICAL CENTER,RENO,NV,WASHOE,3,False,70.0,499.0,3.4,21.8
290053,SAINT ROSE DOMINICAN HOSPITALS - SAN MARTIN CAMPUS,LAS VEGAS,NV,CLARK,4,False,76.0,510.0,4.2,19.4
290054,CENTENNIAL HILLS HOSPITAL MEDICAL CENTER,LAS VEGAS,NV,CLARK,2,False,62.0,541.0,4.2,20.4
290057,HENDERSON HOSPITAL,HENDERSON,NV,CLARK,2,False,60.0,582.0,4.2,22.3
290058,SAINT ROSE DOMINICAN HOSPITALS - NORTH LAS VEGAS,NORTH LAS VEGAS,NV,CLARK,Not Available,False,,,4.0,
290062,WEST HENDERSON HOSPITAL,HENDERSON,NV,CLARK,Not Available,False,,,3.7,21.0
300001,CONCORD HOSPITAL,CONCORD,NH,MERRIMACK,3,False,70.0,453.0,3.5,23.9
300003,MARY HITCHCOCK MEMORIAL HOSPITAL,LEBANON,NH,GRAFTON,3,False,73.0,1796.0,3.3,21.1
300005,CONCORD HOSPITAL- LACONIA,LACONIA,NH,BELKNAP,3,False,65.0,493.0,3.3,21.6
300011,ST JOSEPH HOSPITAL,NASHUA,NH,HILLSBOROUGH,4,False,69.0,1065.0,3.7,21.2
300012,ELLIOT HOSPITAL,MANCHESTER,NH,HILLSBOROUGH,2,False,71.0,542.0,4.9,21.0
300014,FRISBIE MEMORIAL HOSPITAL,ROCHESTER,NH,STRAFFORD,3,False,79.0,160.0,4.0,21.4
300017,PARKLAND MEDICAL CENTER,DERRY,NH,ROCKINGHAM,4,False,64.0,503.0,3.5,21.0
300018,WENTWORTH-DOUGLASS HOSPITAL,DOVER,NH,STRAFFORD,4,False,75.0,645.0,2.9,21.5
300019,CHESHIRE MEDICAL CENTER,KEENE,NH,CHESHIRE,4,False,64.0,443.0,4.4,22.1
300020,SOUTHERN NH MEDICAL CENTER,NASHUA,NH,HILLSBOROUGH,2,False,67.0,533.0,3.8,23.7
300023,EXETER HOSPITAL INC,EXETER,NH,ROCKINGHAM,4,False,68.0,408.0,4.2,22.1
300029,PORTSMOUTH REGIONAL HOSPITAL,PORTSMOUTH,NH,ROCKINGHAM,3,False,69.0,568.0,3.6,22.7
300034,CATHOLIC MEDICAL CENTER,MANCHESTER,NH,HILLSBOROUGH,4,False,67.0,713.0,2.8,24.1
310001,HACKENSACK UNIVERSITY MEDICAL CENTER,HACKENSACK,NJ,BERGEN,5,False,72.0,4034.0,2.9,19.9
310002,NEWARK BETH ISRAEL MEDICAL CENTER,NEWARK,NJ,ESSEX,2,False,63.0,548.0,3.1,22.0
310003,PALISADES MEDICAL CENTER,NORTH BERGEN,NJ,HUDSON,2,False,60.0,394.0,3.6,21.9
310005,HUNTERDON MEDICAL CENTER,FLEMINGTON,NJ,HUNTERDON,4,False,65.0,626.0,3.1,22.0
310006,ST MARY'S GENERAL HOSPITAL,PASSAIC,NJ,PASSAIC,3,False,67.0,504.0,3.3,22.6
310008,HOLY NAME MEDICAL CENTER,TEANECK,NJ,BERGEN,5,False,72.0,874.0,3.1,22.6
310009,CLARA MAASS MEDICAL CENTER,BELLEVILLE,NJ,ESSEX,3,False,63.0,675.0,3.5,21.9
310010,UNIVERSITY MEDICAL CENTER OF PRINCETON AT PLAINSBORO,PLAINSBORO,NJ,MIDDLESEX,4,False,71.0,422.0,3.0,20.1
310011,CAPE REGIONAL MEDICAL CENTER INC,CAPE MAY COURT HOUSE,NJ,CAPE MAY,3,False,,,4.8,22.5
310012,VALLEY HOSPITAL,PARAMUS,NJ,BERGEN,4,False,77.0,1370.0,2.8,20.6
310014,COOPER UNIVERSITY HOSPITAL,CAMDEN,NJ,CAMDEN,2,False,68.0,2158.0,3.8,20.8
310015,MORRISTOWN MEDICAL CENTER,MORRISTOWN,NJ,MORRIS,5,False,76.0,7518.0,2.0,18.8
310016,HEIGHTS UNIVERSITY HOSPITAL,JERSEY CITY,NJ,HUDSON,2,False,59.0,170.0,3.8,21.2
310017,CHILTON MEDICAL CENTER,POMPTON PLAINS,NJ,MORRIS,5,False,68.0,1482.0,3.0,18.7
310019,ST JOSEPH'S UNIVERSITY MEDICAL CENTER INC,PATERSON,NJ,PASSAIC,3,False,59.0,1521.0,3.4,22.0
310022,WEST JERSEY HOSPITAL,VOORHEES,NJ,CAMDEN,3,False,68.0,454.0,4.3,23.4
310024,ROBERT WOOD JOHNSON UNIVERSITY HOSPITAL AT RAHWAY,RAHWAY,NJ,UNION,4,False,66.0,360.0,3.1,21.6
310025,CAREPOINT HEALTH - BAYONNE MEDICAL CENTER,BAYONNE,NJ,HUDSON,1,False,48.0,216.0,4.1,24.2
310027,TRINITAS REGIONAL MEDICAL CENTER,ELIZABETH,NJ,UNION,3,False,58.0,462.0,3.9,21.6
310028,NEWTON MEDICAL CENTER,NEWTON,NJ,SUSSEX,4,False,65.0,1112.0,2.7,20.4
310029,VIRTUA OUR LADY OF LOURDES HOSPITAL,CAMDEN,NJ,CAMDEN,2,False,60.0,493.0,4.1,20.8
310031,DEBORAH HEART AND LUNG CENTER,BROWNS MILLS,NJ,BURLINGTON,3,False,80.0,962.0,4.2,20.2
310032,INSPIRA MEDICAL CENTER VINELAND,VINELAND,NJ,CUMBERLAND,3,False,62.0,1151.0,3.7,22.6
310034,RIVERVIEW MEDICAL CENTER,RED BANK,NJ,MONMOUTH,3,False,74.0,1396.0,3.3,19.8
310038,ROBERT WOOD JOHNSON UNIVERSITY HOSPITAL,NEW BRUNSWICK,NJ,MIDDLESEX,2,False,68.0,2393.0,2.9,19.6
310039,RARITAN BAY MEDICAL CENTER,PERTH AMBOY,NJ,MIDDLESEX,4,False,60.0,1016.0,3.2,22.3
310040,CAREPOINT HEALTH-HOBOKEN UNIVERSITY MEDICAL CENTER,HOBOKEN,NJ,HUDSON,1,False,48.0,140.0,4.0,22.1
310041,COMMUNITY MEDICAL CENTER,TOMS RIVER,NJ,OCEAN,1,False,63.0,2349.0,3.4,23.7
310044,CAPITAL HEALTH MEDICAL CENTER - HOPEWELL,PENNINGTON,NJ,MERCER,2,False,62.0,1608.0,4.0,22.8
310045,ENGLEWOOD HOSPITAL AND MEDICAL CENTER,ENGLEWOOD,NJ,BERGEN,4,False,75.0,1986.0,2.9,21.3
310047,SHORE MEDICAL CENTER,SOMERS POINT,NJ,ATLANTIC,3,False,65.0,369.0,4.7,20.0
310048,ROBERT WOOD JOHNSON UNIVERSITY HOSPITAL - SOMERSET,SOMERVILLE,NJ,SOMERSET,3,False,70.0,1212.0,3.3,23.3
310050,SAINT CLARE'S HOSPITAL/ DENVILLE CAMPUS,DENVILLE,NJ,MORRIS,2,False,58.0,908.0,4.2,25.4
310051,OVERLOOK MEDICAL CENTER,SUMMIT,NJ,UNION,5,False,69.0,2876.0,2.4,19.9
310052,OCEAN MEDICAL CENTER,BRICK,NJ,OCEAN,4,False,67.0,2391.0,3.2,21.1
310054,HACKENSACK MERIDIAN MOUNTAINSIDE MEDICAL,MONTCLAIR,NJ,ESSEX,4,False,61.0,683.0,4.0,22.0
310057,VIRTUA MOUNT HOLLY HOSPITAL,MOUNT HOLLY,NJ,BURLINGTON,3,False,59.0,422.0,4.7,22.2
310058,BERGEN NEW BRIDGE MEDICAL CENTER,PARAMUS,NJ,BERGEN,Not Available,False,,,3.5,
310060,ST LUKE'S WARREN HOSPITAL,PHILLIPSBURG,NJ,WARREN,5,False,72.0,598.0,3.7,21.3
310061,VIRTUA WILLINGBORO HOSPITAL,WILLINGBORO,NJ,BURLINGTON,3,False,57.0,392.0,3.5,20.2
310064,ATLANTICARE REGIONAL MEDICAL CENTER - CITY CAMPUS,ATLANTIC CITY,NJ,ATLANTIC,4,False,67.0,598.0,3.5,21.4
310069,INSPIRA MEDICAL CENTER MULLICA HILL,ELMER,NJ,SALEM,3,False,69.0,1696.0,3.6,22.1
310070,SAINT PETER'S UNIVERSITY HOSPITAL,NEW BRUNSWICK,NJ,MIDDLESEX,3,False,75.0,339.0,3.9,21.2
310073,JERSEY SHORE UNIVERSITY MEDICAL CENTER,NEPTUNE,NJ,MONMOUTH,4,False,66.0,4231.0,3.3,19.9
310074,JERSEY CITY MEDICAL CENTER,JERSEY CITY,NJ,HUDSON,3,False,66.0,819.0,3.5,23.1
310075,MONMOUTH MEDICAL CENTER,LONG BRANCH,NJ,MONMOUTH,3,False,71.0,1478.0,3.9,19.7
310076,COOPERMAN BARNABAS MEDICAL CENTER,LIVINGSTON,NJ,ESSEX,3,False,67.0,2189.0,3.3,20.7
310083,CAREWELL HEALTH MEDICAL CENTER,EAST ORANGE,NJ,ESSEX,1,False,41.0,149.0,4.2,22.2
310084,MONMOUTH MEDICAL CENTER-SOUTHERN CAMPUS,LAKEWOOD,NJ,OCEAN,3,False,68.0,473.0,3.2,21.7
310086,JEFFERSON STRATFORD HOSPITAL,STRATFORD,NJ,CAMDEN,2,False,66.0,1131.0,3.3,23.7
310092,CAPITAL HEALTH REGIONAL MEDICAL CENTER,TRENTON,NJ,MERCER,2,False,52.0,610.0,4.7,21.6
310096,SAINT MICHAEL'S MEDICAL CENTER,NEWARK,NJ,ESSEX,4,False,64.0,422.0,3.5,25.1
310108,JFK UNIVERSITY MEDICAL CENTER,EDISON,NJ,MIDDLESEX,3,False,57.0,2038.0,3.6,22.1
310110,ROBERT WOOD JOHNSON UNIVERSITY HOSPITAL AT HAMILTON,HAMILTON,NJ,MERCER,4,False,67.0,1032.0,3.6,22.8
310111,CENTRASTATE MEDICAL CENTER,FREEHOLD,NJ,MONMOUTH,4,False,66.0,1571.0,3.2,20.0
310112,BAYSHORE MEDICAL CENTER,HOLMDEL,NJ,MONMOUTH,4,False,68.0,832.0,3.9,21.3
310113,SOUTHERN OCEAN MEDICAL CENTER,MANAHAWKIN,NJ,OCEAN,4,False,64.0,1438.0,3.7,22.0
310115,AHS HOSPITAL CORP,HACKETTSTOWN,NJ,WARREN,4,False,61.0,499.0,2.8,20.5
310118,HUDSON REGIONAL HOSPITAL,SECAUCUS,NJ,HUDSON,2,False,60.0,363.0,3.9,22.2
310119,THE UNIVERSITY HOSPITAL,NEWARK,NJ,ESSEX,1,False,56.0,776.0,3.5,22.2
310130,HACKENSACK MERIDIAN HEALTH PASCACK VALLEY MEDICAL,WESTWOOD,NJ,BERGEN,5,False,69.0,443.0,4.0,19.9
320001,UNM HOSPITAL,ALBUQUERQUE,NM,BERNALILLO,2,False,63.0,1884.0,3.3,18.5
320002,CHRISTUS ST VINCENT REGIONAL MEDICAL CENTER,SANTA FE,NM,SANTA FE,4,False,70.0,466.0,3.9,19.6
320004,CHRISTUS SOUTHERN NEW MEXICO,ALAMOGORDO,NM,OTERO,3,False,65.0,367.0,5.3,21.8
320005,SAN JUAN REGIONAL MEDICAL CENTER INC,FARMINGTON,NM,SAN JUAN,2,False,63.0,381.0,4.7,20.8
320006,EASTERN NEW MEXICO MEDICAL CENTER,ROSWELL,NM,CHAVES,1,False,56.0,357.0,5.0,22.0
320009,LOVELACE MEDICAL CENTER,ALBUQUERQUE,NM,BERNALILLO,2,False,68.0,928.0,3.6,20.4
320011,PRESBYTERIAN ESPANOLA HOSPITAL,ESPANOLA,NM,RIO ARRIBA,Not Available,False,81.0,249.0,3.4,22.2
320017,LOVELACE WOMEN'S HOSPITAL,ALBUQUERQUE,NM,BERNALILLO,4,False,61.0,493.0,3.5,20.5
320018,MEMORIAL MEDICAL CENTER,LAS CRUCES,NM,DONA ANA,2,False,62.0,1078.0,4.9,23.3
320021,PRESBYTERIAN HOSPITAL,ALBUQUERQUE,NM,BERNALILLO,2,False,67.0,5750.0,3.4,20.6
320022,PLAINS REGIONAL MEDICAL CENTER,CLOVIS,NM,CURRY,2,False,62.0,315.0,3.5,20.7
320030,ARTESIA GENERAL HOSPITAL,ARTESIA,NM,EDDY,Not Available,False,,,4.5,20.7
320033,LOS ALAMOS MEDICAL CENTER,LOS ALAMOS,NM,LOS ALAMOS,Not Available,False,64.0,127.0,4.1,
320057,SANTA FE PHS INDIAN HOSPITAL,SANTA FE,NM,SANTA FE,Not Available,False,,,,
320059,NORTHERN NAVAJO MEDICAL CENTER,SHIPROCK,NM,SAN JUAN,3,False,71.0,128.0,4.5,
320060,ZUNI COMPREHENSIVE COMMUNITY HEALTH CENTER,ZUNI,NM,MCKINLEY,Not Available,False,,,3.9,
320061,GALLUP INDIAN MEDICAL CENTER,GALLUP,NM,MCKINLEY,2,False,61.0,135.0,3.9,21.9
320062,CROWNPOINT HEALTHCARE FACILITY,CROWNPOINT,NM,MCKINLEY,Not Available,False,,,4.1,
320063,CARLSBAD MEDICAL CENTER,CARLSBAD,NM,EDDY,1,False,45.0,224.0,4.9,21.6
320065,COVENANT HEALTH HOBBS HOSPITAL,HOBBS,NM,LEA,3,False,76.0,160.0,4.5,21.5
320074,LOVELACE WESTSIDE HOSPITAL,ALBUQUERQUE,NM,BERNALILLO,4,False,75.0,356.0,3.9,20.5
320084,ROOSEVELT GENERAL HOSPITAL,PORTALES,NM,ROOSEVELT,Not Available,False,,,3.8,
320085,MOUNTAIN VIEW REGIONAL MEDICAL CENTER,LAS CRUCES,NM,DONA ANA,2,False,55.0,513.0,3.9,21.3
320086,LOVELACE REGIONAL HOSPITAL - ROSWELL,ROSWELL,NM,CHAVES,2,False,66.0,180.0,4.1,21.7
320090,PRESBYTERIAN SANTA FE MEDICAL CENTER,SANTA FE,NM,SANTA FE,5,False,73.0,305.0,3.6,20.2
320091,THREE CROSSES REGIONAL HOSPITAL LLC,LAS CRUCES,NM,DONA ANA,3,False,78.0,515.0,4.5,21.9
330005,KALEIDA HEALTH,BUFFALO,NY,ERIE,3,False,64.0,4506.0,4.6,20.4
330006,ST JOSEPH'S MEDICAL CENTER,YONKERS,NY,WESTCHESTER,1,False,54.0,140.0,4.6,22.0
330009,BRONXCARE HOSPITAL CENTER,BRONX,NY,BRONX,1,False,54.0,569.0,3.2,27.5
330011,"OUR LADY OF LOURDES MEMORIAL HOSPITAL, INC",BINGHAMTON,NY,BROOME,3,False,58.0,615.0,3.5,21.5
330013,ALBANY MEDICAL CENTER HOSPITAL,ALBANY,NY,ALBANY,1,False,54.0,852.0,3.8,21.5
330014,JAMAICA HOSPITAL MEDICAL CENTER,JAMAICA,NY,QUEENS,1,False,58.0,1975.0,3.4,23.6
330019,"NEW YORK COMMUNITY HOSPITAL OF BROOKLYN, INC.",BROOKLYN,NY,KINGS,1,False,48.0,381.0,4.6,25.0
330023,VASSAR BROTHERS MEDICAL CENTER,POUGHKEEPSIE,NY,DUTCHESS,3,False,68.0,2026.0,2.6,20.9
330024,MOUNT SINAI HOSPITAL,NEW YORK,NY,NEW YORK,4,False,69.0,799.0,2.2,20.9
330027,NASSAU UNIVERSITY MEDICAL CENTER,EAST MEADOW,NY,NASSAU,1,False,44.0,588.0,3.3,23.3
330028,RICHMOND UNIVERSITY MEDICAL CENTER,STATEN ISLAND,NY,RICHMOND,1,False,45.0,378.0,4.2,23.7
330030,NEWARK-WAYNE COMMUNITY HOSPITAL,NEWARK,NY,WAYNE,2,False,64.0,792.0,3.8,22.6
330033,CHENANGO MEMORIAL HOSPITAL,NORWICH,NY,CHENANGO,2,False,76.0,278.0,4.3,20.5
330043,NS/LIJ HS SOUTHSIDE HOSPITAL,BAY SHORE,NY,SUFFOLK,3,False,66.0,511.0,3.3,21.3
330044,WYNN HOSPITAL,UTICA,NY,ONEIDA,1,False,54.0,1148.0,5.4,21.9
330045,NS/LIJ HS HUNTINGTON HOSPITAL,HUNTINGTON,NY,SUFFOLK,5,False,72.0,548.0,2.9,19.4
330046,MOUNT SINAI WEST,NEW YORK,NY,NEW YORK,4,False,59.0,450.0,2.3,22.0
330047,St Marys Healthcare,AMSTERDAM,NY,MONTGOMERY,3,False,65.0,446.0,4.3,21.9
330049,NORTHERN DUTCHESS HOSPITAL,RHINEBECK,NY,DUTCHESS,4,False,74.0,1688.0,2.9,21.3
330055,NEW YORK-PRESBYTERIAN/QUEENS,FLUSHING,NY,QUEENS,5,False,64.0,704.0,2.4,19.2
330056,BROOKLYN HOSPITAL CENTER - DOWNTOWN CAMPUS,BROOKLYN,NY,KINGS,2,False,59.0,351.0,3.6,25.7
330057,ST PETER'S HOSPITAL,ALBANY,NY,ALBANY,2,False,72.0,543.0,3.4,21.2
330058,GENEVA GENERAL HOSPITAL,GENEVA,NY,ONTARIO,2,False,55.0,409.0,5.0,24.7
330059,MONTEFIORE MEDICAL CENTER,BRONX,NY,BRONX,3,False,63.0,4904.0,2.4,21.8
330065,NIAGARA FALLS MEMORIAL MEDICAL CENTER,NIAGARA FALLS,NY,NIAGARA,1,False,53.0,315.0,6.5,22.3
330073,UNITED MEMORIAL MEDICAL CENTER,BATAVIA,NY,GENESEE,2,False,64.0,803.0,3.5,19.7
330074,F F THOMPSON HOSPITAL,CANANDAIGUA,NY,ONTARIO,2,False,73.0,467.0,3.6,22.9
330078,SISTERS OF CHARITY HOSPITAL,BUFFALO,NY,ERIE,3,False,65.0,1114.0,3.8,22.3
330079,ADIRONDACK MEDICAL CENTER - SARANAC LAKE,SARANAC LAKE,NY,FRANKLIN,4,False,82.0,518.0,4.1,21.2
330080,LINCOLN MEDICAL & MENTAL HEALTH CENTER,BRONX,NY,BRONX,2,False,56.0,484.0,3.6,24.5
330085,AURELIA OSBORN FOX MEMORIAL HOSPITAL,ONEONTA,NY,OTSEGO,3,False,62.0,242.0,3.7,23.3
330086,MONTEFIORE MOUNT VERNON HOSPITAL,MOUNT VERNON,NY,WESTCHESTER,3,False,64.0,188.0,4.2,22.6
330090,ARNOT OGDEN MEDICAL CENTER,ELMIRA,NY,CHEMUNG,2,False,60.0,654.0,5.2,23.9
330094,COLUMBIA MEMORIAL HOSPITAL,HUDSON,NY,COLUMBIA,1,False,58.0,331.0,4.8,23.6
330096,JONES MEMORIAL HOSPITAL,WELLSVILLE,NY,ALLEGANY,4,False,74.0,302.0,3.3,20.2
330100,NY EYE AND EAR INFIRMARY OF MOUNT SINAI,NEW YORK,NY,NEW YORK,Not Available,False,,,,
330101,NEW YORK-PRESBYTERIAN HOSPITAL,NEW YORK,NY,NEW YORK,5,False,69.0,2640.0,1.8,20.4
330102,KENMORE MERCY HOSPITAL,KENMORE,NY,ERIE,3,False,75.0,1016.0,4.2,20.5
330103,OLEAN GENERAL HOSPITAL,OLEAN,NY,CATTARAUGUS,1,False,45.0,599.0,5.2,21.0
330104,NYACK HOSPITAL,NYACK,NY,ROCKLAND,2,False,60.0,1080.0,3.5,22.5
330106,NORTH SHORE UNIVERSITY HOSPITAL,MANHASSET,NY,NASSAU,5,False,71.0,741.0,2.5,21.7
330107,PECONIC BAY MEDICAL CENTER,RIVERHEAD,NY,SUFFOLK,2,False,67.0,447.0,3.8,23.8
330111,BERTRAND CHAFFEE HOSPITAL,SPRINGVILLE,NY,ERIE,Not Available,False,63.0,181.0,5.9,22.7
330115,ONEIDA HEALTH HOSPITAL,ONEIDA,NY,MADISON,2,False,73.0,324.0,4.0,20.6
330119,LENOX HILL HOSPITAL,NEW YORK,NY,NEW YORK,5,False,68.0,446.0,2.9,20.1
330125,ROCHESTER GENERAL HOSPITAL,ROCHESTER,NY,MONROE,2,False,59.0,3464.0,2.8,22.8
330126,GARNET HEALTH MEDICAL CENTER,MIDDLETOWN,NY,ORANGE,4,False,64.0,1214.0,4.4,22.0
330127,JACOBI MEDICAL CENTER,BRONX,NY,BRONX,2,False,60.0,660.0,3.2,23.6
330128,ELMHURST HOSPITAL CENTER,ELMHURST,NY,QUEENS,2,False,59.0,690.0,3.3,22.5
330135,BON SECOURS COMMUNITY HOSPITAL,PORT JERVIS,NY,ORANGE,2,False,64.0,227.0,3.9,24.3
330136,BASSETT HEALTHCARE,COOPERSTOWN,NY,OTSEGO,2,False,63.0,1059.0,3.4,22.4
330140,ST JOSEPH'S HOSPITAL HEALTH CENTER,SYRACUSE,NY,ONONDAGA,2,False,73.0,521.0,3.4,23.3
330141,LONG ISLAND COMMUNITY HOSPITAL,PATCHOGUE,NY,SUFFOLK,4,False,51.0,846.0,2.4,20.3
330151,ST JAMES HOSPITAL,HORNELL,NY,STEUBEN,3,False,73.0,188.0,4.0,21.4
330153,ELLIS HOSPITAL,SCHENECTADY,NY,SCHENECTADY,3,False,59.0,1510.0,4.0,19.4
330157,SAMARITAN MEDICAL CENTER,WATERTOWN,NY,JEFFERSON,2,False,65.0,608.0,4.9,21.3
330158,GOOD SAMARITAN HOSPITAL OF SUFFERN,SUFFERN,NY,ROCKLAND,3,False,57.0,1797.0,3.9,23.9
330160,STATEN ISLAND UNIVERSITY HOSPITAL,STATEN ISLAND,NY,RICHMOND,3,False,58.0,420.0,3.2,20.9
330162,NORTHERN WESTCHESTER HOSPITAL,MOUNT KISCO,NY,WESTCHESTER,5,False,76.0,491.0,2.7,18.0
330164,HIGHLAND HOSPITAL,ROCHESTER,NY,MONROE,3,False,66.0,1104.0,3.3,21.5
330166,"WESTFIELD MEMORIAL HOSPITAL, INC",WESTFIELD,NY,CHAUTAUQUA,Not Available,False,,,3.6,
330169,MOUNT SINAI BETH ISRAEL,NEW YORK,NY,NEW YORK,3,False,61.0,181.0,3.0,22.9
330175,GUTHRIE CORTLAND REGIONAL MEDICAL CENTER,CORTLAND,NY,CORTLAND,3,False,59.0,555.0,4.2,22.2
330180,"SAMARITAN HOSPITAL OF TROY, NEW YORK",TROY,NY,RENSSELAER,3,False,65.0,506.0,4.5,22.3
330181,NORTHWELL HOSPITAL GLEN COVE,GLEN COVE,NY,NASSAU,5,False,80.0,658.0,3.3,19.0
330182,ST FRANCIS HOSPITAL - THE HEART CENTER,ROSLYN,NY,NASSAU,5,False,81.0,3070.0,2.6,18.5
330184,MONTEFIORE NEW ROCHELLE HOSPITAL,NEW ROCHELLE,NY,WESTCHESTER,1,False,58.0,509.0,3.4,23.5
330185,JOHN T MATHER MEMORIAL HOSPITAL  OF PORT JEFFERSON,PORT JEFFERSON,NY,SUFFOLK,5,False,75.0,552.0,3.3,18.4
330188,MOUNT ST. MARY'S HOSPITAL & HEALTH CENTER,LEWISTON,NY,NIAGARA,2,False,68.0,425.0,5.0,21.6
330191,GLENS FALLS HOSPITAL,GLENS FALLS,NY,WARREN,3,False,65.0,1756.0,4.3,20.8
330193,FLUSHING HOSPITAL MEDICAL CENTER,FLUSHING,NY,QUEENS,2,False,65.0,1013.0,3.7,21.5
330194,MAIMONIDES MEDICAL CENTER,BROOKLYN,NY,KINGS,2,False,56.0,2225.0,3.2,23.1
330195,LONG ISLAND JEWISH MEDICAL CENTER,NEW HYDE PARK,NY,NASSAU,4,False,66.0,681.0,2.5,20.4
330196,SOUTH BROOKLYN HEALTH,BROOKLYN,NY,KINGS,2,False,63.0,451.0,3.4,22.5
330197,CANTON-POTSDAM HOSPITAL,POTSDAM,NY,ST. LAWRENCE,2,False,69.0,445.0,3.7,21.1
330198,MOUNT SINAI SOUTH NASSAU,OCEANSIDE,NY,NASSAU,3,False,61.0,861.0,3.1,22.6
330199,METROPOLITAN HOSPITAL CENTER,NEW YORK,NY,NEW YORK,3,False,64.0,352.0,3.4,23.1
330202,KINGS COUNTY HOSPITAL CENTER,BROOKLYN,NY,KINGS,1,False,64.0,428.0,3.3,21.6
330203,CROUSE HOSPITAL,SYRACUSE,NY,ONONDAGA,2,False,67.0,627.0,3.7,21.9
330204,BELLEVUE HOSPITAL CENTER,NEW YORK,NY,NEW YORK,2,False,64.0,514.0,2.8,22.3
330205,ST ANTHONY COMMUNITY HOSPITAL,WARWICK,NY,ORANGE,4,False,76.0,335.0,3.4,21.3
330208,ST JOHN'S RIVERSIDE HOSPITAL,YONKERS,NY,WESTCHESTER,3,False,65.0,438.0,4.5,22.3
330214,NYU LANGONE HOSPITALS,NEW YORK,NY,NEW YORK,5,False,72.0,10034.0,1.6,18.7
330215,"ROME MEMORIAL HOSPITAL, INC",ROME,NY,ONEIDA,2,False,64.0,512.0,5.5,22.2
330218,OSWEGO HOSPITAL,OSWEGO,NY,OSWEGO,3,False,73.0,395.0,4.4,22.1
330219,ERIE COUNTY MEDICAL CENTER,BUFFALO,NY,ERIE,2,False,66.0,1060.0,4.1,21.5
330221,WYCKOFF HEIGHTS MEDICAL CENTER,BROOKLYN,NY,KINGS,2,False,60.0,847.0,4.1,24.3
330222,SARATOGA HOSPITAL,SARATOGA SPRINGS,NY,SARATOGA,3,False,73.0,522.0,3.1,20.7
330224,HEALTHALLIANCE HOSPITAL MARYS AVENUE CAMPUS,KINGSTON,NY,ULSTER,1,False,54.0,776.0,4.0,22.8
330226,UNITY HOSPITAL,ROCHESTER,NY,MONROE,2,False,58.0,2517.0,3.2,26.0
330229,"BROOKS-TLC HOSPITAL SYSTEM, INC",DUNKIRK,NY,CHAUTAUQUA,1,False,65.0,190.0,4.8,21.4
330231,QUEENS HOSPITAL CENTER,JAMAICA,NY,QUEENS,2,False,65.0,378.0,3.6,22.4
330233,BROOKDALE HOSPITAL MEDICAL CENTER,BROOKLYN,NY,KINGS,1,False,44.0,958.0,4.3,25.0
330234,WESTCHESTER MEDICAL CENTER,VALHALLA,NY,WESTCHESTER,2,False,57.0,3294.0,3.5,21.4
330235,AUBURN  COMMUNITY  HOSPITAL,AUBURN,NY,CAYUGA,2,False,52.0,475.0,4.4,23.7
330238,NICHOLAS H NOYES MEMORIAL HOSPITAL,DANSVILLE,NY,LIVINGSTON,3,False,67.0,425.0,4.3,22.3
330239,UPMC CHAUTAUQUA AT WCA,JAMESTOWN,NY,CHAUTAUQUA,2,False,60.0,509.0,4.2,23.4
330240,HARLEM HOSPITAL CENTER,NEW YORK,NY,NEW YORK,2,False,50.0,389.0,3.2,25.8
330241,UNIVERSITY HOSPITAL S U N Y HEALTH SCIENCE CENTER,SYRACUSE,NY,ONONDAGA,3,False,68.0,544.0,2.7,22.5
330246,ST CHARLES HOSPITAL,PORT JEFFERSON,NY,SUFFOLK,5,False,75.0,872.0,3.2,21.1
330250,THE UNIVERSITY OF VERMONT HEALTH NETWORK  - CHAMPL,PLATTSBURGH,NY,CLINTON,2,False,61.0,462.0,3.7,23.7
330259,MERCY MEDICAL CENTER,ROCKVILLE CENTRE,NY,NASSAU,5,False,65.0,840.0,3.5,19.8
330261,PHELPS HOSPITAL,SLEEPY HOLLOW,NY,WESTCHESTER,4,False,70.0,576.0,3.4,18.9
330264,MONTEFIORE ST LUKE'S CORNWALL,NEWBURGH,NY,ORANGE,2,False,62.0,1284.0,3.2,20.3
330265,CLIFTON SPRINGS HOSPITAL AND CLINIC,CLIFTON SPRINGS,NY,ONTARIO,2,False,69.0,441.0,4.1,22.8
330267,HUDSON VALLEY HOSPITAL CENTER,CORTLANDT MANOR,NY,WESTCHESTER,5,False,72.0,1262.0,2.8,23.2
330270,HOSPITAL FOR SPECIAL SURGERY,NEW YORK,NY,NEW YORK,5,False,83.0,897.0,2.4,
330273,PUTNAM HOSPITAL CENTER,CARMEL,NY,PUTNAM,3,False,71.0,622.0,3.2,20.0
330276,NATHAN LITTAUER HOSPITAL,GLOVERSVILLE,NY,FULTON,2,False,61.0,255.0,4.8,21.5
330277,CORNING HOSPITAL,CORNING,NY,STEUBEN,3,False,69.0,726.0,4.0,20.2
330279,MERCY HOSPITAL OF BUFFALO,BUFFALO,NY,ERIE,2,False,66.0,2796.0,3.9,19.1
330285,STRONG MEMORIAL HOSPITAL,ROCHESTER,NY,MONROE,3,False,63.0,946.0,3.4,20.8
330286,GOOD SAMARITAN HOSPITAL MEDICAL CENTER,WEST ISLIP,NY,SUFFOLK,3,False,61.0,2456.0,3.8,19.4
330304,WHITE PLAINS HOSPITAL CENTER,WHITE PLAINS,NY,WESTCHESTER,5,False,72.0,2028.0,2.6,20.5
330307,CAYUGA MEDICAL CENTER AT ITHACA,ITHACA,NY,TOMPKINS,3,False,65.0,668.0,4.5,20.3
330331,PLAINVIEW HOSPITAL,PLAINVIEW,NY,NASSAU,4,False,66.0,770.0,3.1,21.7
330332,CHSLI ST JOSEPH HOSPITAL,BETHPAGE,NY,NASSAU,3,False,66.0,902.0,3.5,19.9
330350,SUNY/DOWNSTATE UNIVERSITY HOSPITAL OF BROOKLYN,BROOKLYN,NY,KINGS,1,False,61.0,505.0,3.6,23.0
330386,GARNET HEALTH  MEDICAL CENTER CATSKILLS,HARRIS,NY,SULLIVAN,2,False,58.0,216.0,4.0,21.4
330393,SUNY/STONY BROOK UNIVERSITY HOSPITAL,STONY BROOK,NY,SUFFOLK,5,False,67.0,2286.0,2.8,22.1
330394,"UNITED HEALTH SERVICES HOSPITALS, INC",BINGHAMTON,NY,BROOME,2,False,63.0,1718.0,3.3,21.8
330395,ST JOHN'S EPISCOPAL HOSPITAL AT SOUTH SHORE,FAR ROCKAWAY,NY,QUEENS,1,False,52.0,760.0,5.3,23.3
330396,WOODHULL MEDICAL & MENTAL HEALTH CENTER,BROOKLYN,NY,KINGS,2,False,55.0,402.0,3.2,22.9
330399,ST BARNABAS HOSPITAL,BRONX,NY,BRONX,1,False,54.0,679.0,3.5,27.6
330401,ST CATHERINE OF SIENA HOSPITAL,SMITHTOWN,NY,SUFFOLK,5,False,66.0,962.0,3.1,19.2
330405,HELEN HAYES HOSPITAL,WEST HAVERSTRAW,NY,ROCKLAND,Not Available,False,,,,
330406,SUNNYVIEW HOSPITAL AND REHABILITATION CENTER,SCHENECTADY,NY,SCHENECTADY,Not Available,False,,,3.5,
330411,UNITY SPECIALTY HOSPITAL,ROCHESTER,NY,MONROE,Not Available,False,,,,
340001,CAROLINAS MEDICAL CENTER-NORTHEAST,CONCORD,NC,CABARRUS,4,False,70.0,1423.0,3.5,19.5
340002,MEMORIAL MISSION HOSPITAL AND ASHEVILLE SURGERY CE,ASHEVILLE,NC,BUNCOMBE,3,False,58.0,835.0,3.4,20.6
340003,NORTHERN REGIONAL HOSPITAL,MOUNT AIRY,NC,SURRY,4,False,77.0,421.0,3.5,21.8
340004,HIGH POINT REGIONAL HEALTH SYSTEM,HIGH POINT,NC,GUILFORD,2,False,64.0,1012.0,4.0,21.8
340008,SCOTLAND MEMORIAL HOSPITAL,LAURINBURG,NC,SCOTLAND,3,False,69.0,427.0,4.6,22.6
340010,UNC HEALTH CARE WAYNE,GOLDSBORO,NC,WAYNE,3,False,63.0,616.0,4.9,22.3
340013,RUTHERFORD REGIONAL MEDICAL CENTER,RUTHERFORDTON,NC,RUTHERFORD,2,False,58.0,369.0,5.2,20.2
340014,NOVANT HEALTH FORSYTH MEDICAL CENTER,WINSTON-SALEM,NC,FORSYTH,4,False,73.0,456.0,4.1,20.8
340015,NOVANT HEALTH ROWAN MEDICAL CENTER,SALISBURY,NC,ROWAN,4,False,63.0,419.0,4.3,21.0
340016,HARRIS REGIONAL HOSPITAL,SYLVA,NC,JACKSON,3,False,66.0,332.0,3.9,20.6
340017,PARDEE HOSPITAL HENDERSON COUNTY,HENDERSONVILLE,NC,HENDERSON,5,False,77.0,1052.0,3.5,21.9
340020,CENTRAL CAROLINA HOSPITAL,SANFORD,NC,LEE,2,False,55.0,307.0,4.1,21.5
340021,ATRIUM HEALTH CLEVELAND,SHELBY,NC,CLEVELAND,3,False,70.0,1023.0,3.8,22.9
340023,ADVENTHEALTH HENDERSONVILLE,HENDERSONVILLE,NC,HENDERSON,5,False,81.0,859.0,3.6,19.2
340024,SAMPSON REGIONAL MEDICAL CENTER,CLINTON,NC,SAMPSON,2,False,68.0,314.0,5.1,21.9
340027,UNC LENOIR HEALTH CARE,KINSTON,NC,LENOIR,4,False,64.0,547.0,4.1,22.5
340028,CAPE FEAR VALLEY MEDICAL CENTER,FAYETTEVILLE,NC,CUMBERLAND,2,False,62.0,3022.0,3.4,23.2
340030,DUKE UNIVERSITY HOSPITAL,DURHAM,NC,DURHAM,5,False,78.0,1341.0,2.3,20.6
340032,CAROMONT REGIONAL MEDICAL CENTER,GASTONIA,NC,GASTON,4,False,69.0,1402.0,3.8,20.8
340039,IREDELL MEMORIAL HOSPITAL INC,STATESVILLE,NC,IREDELL,3,False,68.0,623.0,3.7,20.9
340040,ECU HEALTH MEDICAL CENTER,GREENVILLE,NC,PITT,2,False,68.0,4679.0,3.2,21.3
340041,CALDWELL MEMORIAL HOSPITAL,LENOIR,NC,CALDWELL,3,False,65.0,525.0,3.9,22.1
340042,ONSLOW MEMORIAL HOSPITAL,JACKSONVILLE,NC,ONSLOW,1,False,57.0,706.0,5.3,21.7
340047,NORTH CAROLINA BAPTIST HOSPITAL,WINSTON-SALEM,NC,FORSYTH,4,False,71.0,1479.0,3.6,20.3
340049,NORTH CAROLINA SPECIALTY HOSPITAL,DURHAM,NC,DURHAM,Not Available,False,80.0,261.0,3.9,
340050,SOUTHEASTERN REGIONAL MEDICAL CENTER,LUMBERTON,NC,ROBESON,2,False,67.0,640.0,4.5,19.9
340051,WATAUGA MEDICAL CENTER,BOONE,NC,WATAUGA,3,False,77.0,597.0,3.5,20.9
340053,NOVANT HEALTH PRESBYTERIAN MEDICAL CENTER,CHARLOTTE,NC,MECKLENBURG,5,False,68.0,349.0,3.9,20.2
340060,UNC ROCKINGHAM,EDEN,NC,ROCKINGHAM,4,False,72.0,221.0,4.7,23.3
340061,UNC HOSPITALS,CHAPEL HILL,NC,ORANGE,5,False,77.0,2558.0,3.0,18.8
340064,WILKES REGIONAL MEDICAL CENTER,NORTH WILKESBORO,NC,WILKES,3,False,68.0,589.0,4.4,21.3
340068,COLUMBUS REGIONAL HEALTHCARE SYSTEM,WHITEVILLE,NC,COLUMBUS,1,False,60.0,337.0,4.8,22.4
340069,"WAKEMED, RALEIGH CAMPUS",RALEIGH,NC,WAKE,4,False,73.0,685.0,2.6,20.4
340070,ALAMANCE REGIONAL MEDICAL CENTER,BURLINGTON,NC,ALAMANCE,3,False,62.0,587.0,3.1,20.7
340071,BETSY JOHNSON REGIONAL HOSPITAL,DUNN,NC,HARNETT,3,False,64.0,460.0,4.0,21.7
340075,"BLUE RIDGE HEALTHCARE HOSPITALS, INC",MORGANTON,NC,BURKE,4,False,67.0,594.0,4.5,22.4
340084,ATRIUM HEALTH ANSON,WADESBORO,NC,ANSON,Not Available,False,,,4.2,21.5
340085,NOVANT HEALTH THOMASVILLE MEDICAL CENTER,THOMASVILLE,NC,DAVIDSON,3,False,68.0,294.0,4.1,21.5
340087,THE MCDOWELL HOSPITAL,MARION,NC,MC DOWELL,3,False,76.0,284.0,4.0,22.8
340090,JOHNSTON HEALTH,SMITHFIELD,NC,JOHNSTON,4,False,76.0,1891.0,3.9,21.6
340091,"MOSES H. CONE MEMORIAL HOSPITAL, THE",GREENSBORO,NC,GUILFORD,3,False,74.0,830.0,2.3,20.3
340096,LEXINGTON MEMORIAL HOSPITAL INC,LEXINGTON,NC,DAVIDSON,2,False,71.0,562.0,3.9,22.6
340097,HUGH CHATHAM MEMORIAL HOSPITAL,ELKIN,NC,SURRY,3,False,70.0,378.0,5.3,22.4
340098,ATRIUM HEALTH PINEVILLE,CHARLOTTE,NC,MECKLENBURG,3,False,73.0,1299.0,2.9,22.6
340099,VIDANT ROANOKE CHOWAN HOSPITAL,AHOSKIE,NC,HERTFORD,2,False,62.0,301.0,4.5,21.3
340107,VIDANT EDGECOMBE HOSPITAL,TARBORO,NC,EDGECOMBE,3,False,76.0,310.0,4.2,22.0
340109,SENTARA ALBEMARLE MEDICAL CENTER,ELIZABETH CITY,NC,PASQUOTANK,3,False,72.0,852.0,3.5,21.0
340113,CAROLINAS MEDICAL CENTER/BEHAV HEALTH,CHARLOTTE,NC,MECKLENBURG,4,False,69.0,1371.0,3.3,20.8
340114,REX HOSPITAL,RALEIGH,NC,WAKE,5,False,78.0,5160.0,3.0,20.6
340115,FIRSTHEALTH MOORE REGIONAL HOSPITAL,PINEHURST,NC,MOORE,4,False,78.0,1855.0,3.6,19.7
340116,FRYE REGIONAL MEDICAL CENTER,HICKORY,NC,CATAWBA,2,False,62.0,1705.0,4.1,22.7
340119,STANLY REGIONAL MEDICAL CENTER,ALBEMARLE,NC,STANLY,3,False,70.0,431.0,4.0,20.9
340120,VIDANT DUPLIN HOSPITAL,KENANSVILLE,NC,DUPLIN,3,False,75.0,335.0,4.0,23.8
340123,RANDOLPH HOSPITAL,ASHEBORO,NC,RANDOLPH,4,False,66.0,371.0,5.1,20.4
340126,WILSON MEDICAL CENTER,WILSON,NC,WILSON,1,False,54.0,492.0,4.0,18.5
340127,GRANVILLE HEALTH SYSTEMS,OXFORD,NC,GRANVILLE,2,False,66.0,118.0,4.1,20.6
340129,DUKE HEALTH LAKE NORMAN HOSPITAL,MOORESVILLE,NC,IREDELL,1,False,53.0,433.0,4.6,22.5
340130,ATRIUM HEALTH UNION,MONROE,NC,UNION,4,False,74.0,1026.0,3.3,23.0
340131,CAROLINA EAST MEDICAL CENTER,NEW BERN,NC,CRAVEN,4,False,75.0,1125.0,4.2,21.5
340132,MARIA PARHAM MEDICAL CENTER,HENDERSON,NC,VANCE,2,False,50.0,360.0,4.7,22.0
340141,NOVANT HEALTH NEW HANOVER REGIONAL MEDICAL CENTER,WILMINGTON,NC,NEW HANOVER,3,False,56.0,382.0,4.7,19.4
340142,CARTERET GENERAL HOSPITAL,MOREHEAD CITY,NC,CARTERET,2,False,74.0,321.0,5.5,23.3
340143,CATAWBA VALLEY MEDICAL CENTER,HICKORY,NC,CATAWBA,2,False,74.0,575.0,4.6,18.7
340145,ATRIUM HEALTH LINCOLN,LINCOLNTON,NC,LINCOLN,3,False,80.0,894.0,4.1,23.3
340147,UNC HEALTH NASH,ROCKY MOUNT,NC,NASH,4,False,69.0,1357.0,3.8,21.1
340148,NOVANT HEALTH MEDICAL PARK HOSPITAL,WINSTON-SALEM,NC,FORSYTH,5,False,89.0,150.0,4.2,
340151,ECU HEALTH NORTH HOSPITAL,ROANOKE RAPIDS,NC,HALIFAX,2,False,58.0,374.0,3.6,22.3
340155,DUKE REGIONAL HOSPITAL,DURHAM,NC,DURHAM,5,False,72.0,604.0,2.5,20.3
340156,CHEROKEE INDIAN HOSPITAL AUTHORITY,CHEROKEE,NC,SWAIN,Not Available,False,,,3.7,
340158,NOVANT HEALTH BRUNSWICK MEDICAL CENTER,SUPPLY,NC,BRUNSWICK,4,False,68.0,432.0,5.1,20.5
340159,PERSON MEMORIAL HOSPITAL,ROXBORO,NC,PERSON,3,False,,,3.9,22.2
340166,ATRIUM HEALTH UNIVERSITY CITY,CHARLOTTE,NC,MECKLENBURG,3,False,64.0,954.0,3.8,21.0
340168,WILMINGTON TREATMENT CENTER,WILMINGTON,NC,NEW HANOVER,Not Available,False,,,,
340171,NOVANT HEALTH MATTHEWS MEDICAL CENTER,MATTHEWS,NC,MECKLENBURG,5,False,71.0,341.0,3.5,20.0
340173,"WAKEMED, CARY HOSPITAL",CARY,NC,WAKE,5,False,79.0,459.0,2.7,23.2
340183,NOVANT HEALTH HUNTERSVILLE MEDICAL CENTER,HUNTERSVILLE,NC,MECKLENBURG,4,False,70.0,369.0,3.9,21.1
340184,HAYWOOD REGIONAL MEDICAL CENTER,CLYDE,NC,HAYWOOD,3,False,64.0,796.0,5.2,21.7
340188,CAPE FEAR VALLEY HOKE HOSPITAL,RAEFORD,NC,HOKE,4,False,79.0,166.0,3.7,23.0
340190,NOVANT HEALTH MINT HILL MEDICAL CENTER,CHARLOTTE,NC,MECKLENBURG,5,False,81.0,351.0,3.5,20.7
340195,NOVANT HEALTH BALLANTYNE MEDICAL CENTER,CHARLOTTE,NC,MECKLENBURG,Not Available,False,83.0,309.0,3.0,21.1
350002,CHI ST ALEXIUS HEALTH,BISMARCK,ND,BURLEIGH,4,False,69.0,596.0,3.0,21.4
350006,TRINITY HOSPITALS,MINOT,ND,WARD,3,False,60.0,642.0,4.4,23.3
350011,SANFORD MEDICAL CENTER FARGO,FARGO,ND,CASS,4,False,65.0,452.0,3.4,19.9
350015,SANFORD MEDICAL CENTER BISMARCK,BISMARCK,ND,BURLEIGH,4,False,63.0,368.0,3.2,19.0
350019,ALTRU HOSPITAL,GRAND FORKS,ND,GRAND FORKS,3,False,59.0,906.0,3.8,20.5
350063,P H S INDIAN HOSP AT BELCOURT-QUENTIN N BURDICK,BELCOURT,ND,ROLETTE,3,False,,,3.9,
350070,ESSENTIA HEALTH,FARGO,ND,CASS,3,False,71.0,627.0,3.4,19.8
360001,MERCY HEALTH-ANDERSON HOSPITAL,CINCINNATI,OH,HAMILTON,4,False,70.0,1019.0,3.0,19.8
360002,UNIVERSITY HOSPITALS SAMARITAN MEDICAL CENTER,ASHLAND,OH,ASHLAND,4,False,73.0,377.0,4.0,21.0
360003,"UNIVERSITY OF CINCINNATI MEDICAL CENTER, LLC",CINCINNATI,OH,HAMILTON,3,False,68.0,1709.0,3.3,21.3
360006,RIVERSIDE METHODIST HOSPITAL,COLUMBUS,OH,FRANKLIN,4,False,71.0,520.0,3.0,19.5
360008,SOUTHERN OHIO MEDICAL CENTER,PORTSMOUTH,OH,SCIOTO,4,False,73.0,634.0,4.8,20.3
360009,LIMA MEMORIAL HEALTH SYSTEM,LIMA,OH,ALLEN,3,False,63.0,433.0,4.3,24.1
360010,UNION HOSPITAL,DOVER,OH,TUSCARAWAS,3,False,66.0,517.0,3.8,20.2
360011,MARION GENERAL HOSPITAL,MARION,OH,MARION,4,False,65.0,726.0,3.7,23.9
360012,MOUNT CARMEL ST ANN'S,WESTERVILLE,OH,FRANKLIN,3,False,64.0,505.0,3.8,20.5
360013,WILSON MEMORIAL HOSPITAL,SIDNEY,OH,SHELBY,2,False,61.0,277.0,4.9,20.8
360014,OHIOHEALTH O'BLENESS HOSPITAL,ATHENS,OH,ATHENS,3,False,71.0,515.0,3.7,20.9
360016,THE JEWISH HOSPITAL-MERCY HEALTH,CINCINNATI,OH,HAMILTON,4,False,74.0,772.0,3.3,23.3
360017,GRANT MEDICAL CENTER,COLUMBUS,OH,FRANKLIN,2,False,68.0,1065.0,3.2,22.9
360020,SUMMA HEALTH SYSTEM,AKRON,OH,SUMMIT,3,False,69.0,3943.0,2.6,20.6
360025,FIRELANDS REGIONAL MEDICAL CENTER,SANDUSKY,OH,ERIE,4,False,72.0,456.0,5.5,23.9
360026,KETTERING HEALTH GREENE MEMORIAL,XENIA,OH,GREENE,5,False,,,4.0,21.4
360027,AKRON GENERAL MEDICAL CENTER,AKRON,OH,SUMMIT,5,False,63.0,2590.0,2.4,19.9
360029,WOOD COUNTY HOSPITAL,BOWLING GREEN,OH,WOOD,4,False,74.0,348.0,4.6,20.1
360032,GRAND LAKE HEALTH SYSTEM,SAINT MARYS,OH,AUGLAIZE,4,False,71.0,246.0,4.9,21.1
360035,MOUNT CARMEL EAST & WEST,COLUMBUS,OH,FRANKLIN,2,False,67.0,1128.0,4.3,19.2
360036,WOOSTER COMMUNITY HOSPITAL,WOOSTER,OH,WAYNE,4,False,78.0,575.0,4.9,22.0
360039,GENESIS HOSPITAL,ZANESVILLE,OH,MUSKINGUM,5,False,70.0,1810.0,4.0,19.2
360040,KNOX COMMUNITY HOSPITAL,MOUNT VERNON,OH,KNOX,3,False,73.0,349.0,3.8,20.8
360041,PARMA COMMUNITY GENERAL HOSPITAL,PARMA,OH,CUYAHOGA,4,False,71.0,1725.0,3.8,24.0
360046,MCCULLOUGH-HYDE MEMORIAL HOSPITAL,OXFORD,OH,BUTLER,3,False,78.0,338.0,4.7,21.8
360048,UNIVERSITY OF TOLEDO MEDICAL CENTER,TOLEDO,OH,LUCAS,3,False,68.0,1136.0,4.3,21.5
360051,MIAMI VALLEY HOSPITAL,DAYTON,OH,MONTGOMERY,3,False,62.0,430.0,3.1,21.4
360054,HOLZER MEDICAL CENTER,GALLIPOLIS,OH,GALLIA,4,False,67.0,470.0,4.4,19.8
360055,INSIGHT HOSPITAL AND MEDICAL CENTER TRUMBULL,WARREN,OH,TRUMBULL,2,False,,,4.1,23.1
360056,MERCY HEALTH - FAIRFIELD HOSPITAL,FAIRFIELD,OH,BUTLER,3,False,69.0,1121.0,3.5,20.0
360058,MERCER COUNTY JOINT TOWNSHIP COMMUNITY HOSPITAL,COLDWATER,OH,MERCER,3,False,80.0,362.0,4.9,20.7
360059,METROHEALTH SYSTEM,CLEVELAND,OH,CUYAHOGA,3,False,73.0,1359.0,3.4,23.0
360064,MH ST ELIZABETH YOUNGSTOWN HOSPITAL,YOUNGSTOWN,OH,MAHONING,3,False,57.0,1055.0,4.0,24.0
360065,FISHER-TITUS HOSPITAL,NORWALK,OH,HURON,4,False,65.0,593.0,4.1,22.2
360066,MERCY HEALTH ST RITAS MEDICAL CENTER,LIMA,OH,ALLEN,4,False,71.0,884.0,3.1,21.6
360068,PROMEDICA TOLEDO HOSPITAL,TOLEDO,OH,LUCAS,4,False,70.0,939.0,4.1,20.5
360070,MERCY MEDICAL CENTER,CANTON,OH,STARK,3,False,63.0,1979.0,3.7,20.9
360071,VAN WERT COUNTY HOSPITAL,VAN WERT,OH,VAN WERT,5,False,76.0,239.0,4.1,19.9
360072,FAIRFIELD MEDICAL CENTER,LANCASTER,OH,FAIRFIELD,2,False,71.0,593.0,3.7,23.5
360075,UH REGIONAL HOSPITALS,CHARDON,OH,GEAUGA,4,False,77.0,1497.0,3.6,20.5
360076,ATRIUM MEDICAL CENTER,FRANKLIN,OH,WARREN,4,False,60.0,362.0,3.9,22.0
360077,FAIRVIEW HOSPITAL,CLEVELAND,OH,CUYAHOGA,5,False,74.0,2166.0,2.2,22.3
360078,UNIVERSITY HOSPITALS PORTAGE MEDICAL CENTER,RAVENNA,OH,PORTAGE,3,False,72.0,1084.0,4.1,22.4
360079,KETTERING HEALTH MAIN CAMPUS,KETTERING,OH,MONTGOMERY,3,False,75.0,1710.0,3.6,22.8
360080,EAST OHIO REGIONAL HOSPITAL,MARTINS FERRY,OH,BELMONT,2,False,,,4.5,22.5
360082,EUCLID HOSPITAL,EUCLID,OH,CUYAHOGA,4,False,68.0,413.0,3.7,21.2
360084,AULTMAN HOSPITAL,CANTON,OH,STARK,4,False,69.0,1839.0,3.9,19.2
360085,OHIO STATE UNIVERSITY STATE HEALTH SYSTEM,COLUMBUS,OH,FRANKLIN,3,False,70.0,2595.0,3.2,19.4
360086,SPRINGFIELD REGIONAL MEDICAL CENTER,SPRINGFIELD,OH,CLARK,4,False,62.0,1561.0,4.1,20.5
360087,LUTHERAN HOSPITAL,CLEVELAND,OH,CUYAHOGA,3,False,59.0,444.0,3.3,22.9
360089,MERCY HEALTH - TIFFIN HOSPITAL,TIFFIN,OH,SENECA,3,False,75.0,514.0,3.2,22.1
360091,MEDINA HOSPITAL,MEDINA,OH,MEDINA,5,False,67.0,1123.0,2.9,21.5
360092,MEMORIAL HOSPITAL,MARYSVILLE,OH,UNION,5,False,83.0,586.0,3.7,20.5
360095,BLANCHARD VALLEY HOSPITAL,FINDLAY,OH,HANCOCK,3,False,75.0,459.0,4.1,20.7
360096,EAST LIVERPOOL CITY HOSPITAL,EAST LIVERPOOL,OH,COLUMBIANA,3,False,64.0,404.0,3.2,22.7
360098,LAKE HEALTH,CONCORD,OH,LAKE,3,False,69.0,1933.0,3.7,24.0
360107,BELLEVUE HOSPITAL,BELLEVUE,OH,SANDUSKY,4,False,75.0,160.0,4.2,21.9
360109,COSHOCTON REGIONAL MEDICAL CENTER,COSHOCTON,OH,COSHOCTON,4,False,62.0,211.0,3.7,22.3
360112,MERCY ST VINCENT MEDICAL CENTER,TOLEDO,OH,LUCAS,3,False,71.0,2426.0,3.0,23.1
360118,OHIOHEALTH MANSFIELD HOSPITAL,MANSFIELD,OH,RICHLAND,3,False,67.0,527.0,3.6,23.0
360121,COMMUNITY HOSPITALS AND WELLNESS CENTERS,BRYAN,OH,WILLIAMS,3,False,74.0,277.0,4.0,21.4
360123,UH ST JOHN MEDICAL CENTER,WESTLAKE,OH,CUYAHOGA,4,False,74.0,1438.0,3.5,21.5
360125,ASHTABULA COUNTY MEDICAL CENTER,ASHTABULA,OH,ASHTABULA,3,False,73.0,613.0,4.7,26.9
360131,ALLIANCE COMMUNITY HOSPITAL,ALLIANCE,OH,STARK,4,False,70.0,310.0,5.0,20.9
360132,FORT HAMILTON HUGHES MEMORIAL HOSPITAL,HAMILTON,OH,BUTLER,3,False,67.0,702.0,3.4,21.4
360133,KETTERING HEALTH DAYTON,DAYTON,OH,MONTGOMERY,4,False,70.0,1603.0,3.2,21.2
360134,GOOD SAMARITAN HOSPITAL,CINCINNATI,OH,HAMILTON,4,False,72.0,1261.0,3.6,21.4
360137,UH CLEVELAND MEDICAL CENTER,CLEVELAND,OH,CUYAHOGA,3,False,69.0,4802.0,3.4,21.2
360143,MARYMOUNT HOSPITAL,GARFIELD HEIGHTS,OH,CUYAHOGA,5,False,66.0,837.0,2.6,22.2
360144,SOUTH POINTE HOSPITAL,WARRENSVILLE HEIGHTS,OH,CUYAHOGA,5,False,67.0,740.0,2.8,20.5
360145,UNIVERSITY HOSPITALS - ELYRIA MEDICAL CENTER,ELYRIA,OH,LORAIN,4,False,72.0,1366.0,3.8,20.9
360147,MARIETTA MEMORIAL HOSPITAL,MARIETTA,OH,WASHINGTON,3,False,71.0,665.0,4.9,22.8
360148,POMERENE HOSPITAL,MILLERSBURG,OH,HOLMES,3,False,73.0,344.0,4.8,20.6
360150,SUMMA WESTERN RESERVE HOSPITAL,CUYAHOGA FALLS,OH,SUMMIT,3,False,72.0,332.0,4.2,22.0
360152,DOCTORS HOSPITAL,COLUMBUS,OH,FRANKLIN,4,False,68.0,564.0,3.6,22.7
360155,SOUTHWEST GENERAL HEALTH CENTER,MIDDLEBURG HEIGHTS,OH,CUYAHOGA,4,False,73.0,1245.0,3.6,22.9
360156,MEMORIAL HOSPITAL,FREMONT,OH,SANDUSKY,4,False,69.0,273.0,4.4,21.9
360159,ADENA REGIONAL MEDICAL CENTER,CHILLICOTHE,OH,ROSS,3,False,59.0,1085.0,3.9,22.2
360161,MH ST JOSEPH WARREN HOSPITAL,WARREN,OH,TRUMBULL,3,False,64.0,603.0,3.8,23.6
360163,CHRIST HOSPITAL,CINCINNATI,OH,HAMILTON,5,False,78.0,1571.0,3.6,20.8
360170,BERGER HOSPITAL,CIRCLEVILLE,OH,PICKAWAY,3,False,79.0,542.0,4.2,23.4
360172,MERCY REGIONAL MEDICAL CENTER,LORAIN,OH,LORAIN,2,False,61.0,500.0,3.9,25.3
360174,UPPER VALLEY MEDICAL CENTER,TROY,OH,MIAMI,4,False,70.0,939.0,3.7,22.4
360175,TRIHEALTH CLINTON REGIONAL HOSPITAL,WILMINGTON,OH,CLINTON,2,False,65.0,209.0,4.5,21.8
360179,BETHESDA NORTH,CINCINNATI,OH,HAMILTON,3,False,72.0,1897.0,4.0,21.7
360180,CLEVELAND CLINIC,CLEVELAND,OH,CUYAHOGA,4,False,75.0,7072.0,2.0,21.3
360185,SALEM REGIONAL MEDICAL CENTER,SALEM,OH,COLUMBIANA,3,False,67.0,328.0,4.6,21.0
360189,MADISON HEALTH,LONDON,OH,MADISON,3,False,74.0,168.0,4.1,20.4
360197,MARY RUTAN HOSPITAL,BELLEFONTAINE,OH,LOGAN,4,False,73.0,210.0,4.9,20.9
360203,SOUTHEASTERN OHIO REGIONAL MEDICAL CENTER,CAMBRIDGE,OH,GUERNSEY,4,False,60.0,397.0,4.6,22.0
360210,GRADY MEMORIAL HOSPITAL,DELAWARE,OH,DELAWARE,4,False,78.0,500.0,3.9,22.8
360211,TRINITY MEDICAL CTR EAST &TRINITY MEDICAL CTR WEST,STEUBENVILLE,OH,JEFFERSON,2,False,66.0,668.0,3.7,22.6
360218,LICKING MEMORIAL HOSPITAL,NEWARK,OH,LICKING,2,False,70.0,595.0,5.4,20.5
360230,HILLCREST HOSPITAL,MAYFIELD HEIGHTS,OH,CUYAHOGA,5,False,67.0,2161.0,2.3,21.6
360234,MERCY HEALTH - WEST HOSPITAL,CINCINNATI,OH,HAMILTON,4,False,71.0,952.0,3.3,20.6
360236,MERCY HEALTH - CLERMONT HOSPITAL,BATAVIA,OH,CLERMONT,4,False,69.0,631.0,3.7,20.9
360239,KETTERING HEALTH MIAMISBURG,MIAMISBURG,OH,MONTGOMERY,4,False,73.0,759.0,3.7,22.7
360245,GLENBEIGH HEALTH SOURCES,ROCK CREEK,OH,ASHTABULA,Not Available,False,,,,
360259,BAY PARK COMMUNITY HOSPITAL,OREGON,OH,LUCAS,3,False,75.0,455.0,3.8,21.5
360263,INSTITUTE FOR ORTHOPAEDIC SURGERY,LIMA,OH,ALLEN,Not Available,False,80.0,164.0,3.9,
360266,MOUNT CARMEL NEW ALBANY SURGICAL HOSPITAL,NEW ALBANY,OH,FRANKLIN,Not Available,False,79.0,361.0,3.8,
360270,MERCY HEALTH - DEFIANCE HOSPITAL,DEFIANCE,OH,DEFIANCE,4,False,82.0,217.0,4.4,21.4
360276,HMHP ST ELIZABETH BOARDMAN HEALTH CENTER,BOARDMAN,OH,MAHONING,2,False,67.0,907.0,4.1,24.4
360348,DUBLIN METHODIST HOSPITAL,DUBLIN,OH,FRANKLIN,4,False,80.0,613.0,3.5,21.1
360351,CRYSTAL CLINIC ORTHOPAEDIC CENTER,AKRON,OH,SUMMIT,5,False,86.0,609.0,3.3,
360352,SURGICAL HOSPITAL AT SOUTHWOODS,YOUNGSTOWN,OH,MAHONING,4,False,91.0,239.0,3.8,
360354,WEST CHESTER HOSPITAL,WEST CHESTER,OH,BUTLER,3,False,70.0,1330.0,3.6,25.6
360355,OHIO VALLEY SURGICAL HOSPITAL,SPRINGFIELD,OH,CLARK,Not Available,False,,,3.8,
360358,DILEY RIDGE MEDICAL CENTER,CANAL WINCHESTER,OH,FRANKLIN,Not Available,False,,,3.6,
360359,UNIVERSITY HOSPITALS AHUJA MEDICAL CENTER,BEACHWOOD,OH,CUYAHOGA,3,False,68.0,1851.0,3.5,21.8
360360,SOIN MEDICAL CENTER,BEAVER CREEK,OH,GREENE,4,False,75.0,1440.0,3.4,21.8
360361,KINGS DAUGHTERS MEDICAL CENTER OHIO,PORTSMOUTH,OH,SCIOTO,Not Available,False,,,,
360364,CLEVELAND CLINIC AVON HOSPITAL,AVON,OH,LORAIN,5,False,81.0,1122.0,2.6,21.7
360365,AVITA ONTARIO,ONTARIO,OH,RICHLAND,4,False,78.0,246.0,5.1,22.0
360367,LAKE HEALTH BEACHWOOD MEDICAL CENTER,BEACHWOOD,OH,CUYAHOGA,Not Available,False,,,3.9,
360368,KETTERING HEALTH TROY,TROY,OH,MIAMI,5,False,84.0,405.0,3.2,22.8
360374,MERCY HEALTH KINGS MILLS HOSPITAL LLC,MASON,OH,WARREN,Not Available,False,78.0,341.0,3.7,21.2
360375,MOUNT CARMEL DUBLIN,DUBLIN,OH,FRANKLIN,Not Available,False,,,4.0,
370001,HILLCREST MEDICAL CENTER,TULSA,OK,TULSA,3,False,67.0,1372.0,3.6,20.0
370002,Integris Health Woodward Hospital,WOODWARD,OK,WOODWARD,3,False,63.0,144.0,4.3,22.3
370004,INTEGRIS MIAMI HOSPITAL,MIAMI,OK,OTTAWA,4,False,74.0,141.0,4.7,21.8
370006,INTEGRIS HEALTH PONCA CITY,PONCA CITY,OK,KAY,2,False,58.0,302.0,4.9,21.5
370008,NORMAN REGIONAL,NORMAN,OK,CLEVELAND,2,False,64.0,1807.0,4.9,22.5
370013,"MERCY HOSPITAL OKLAHOMA CITY, INC",OKLAHOMA CITY,OK,OKLAHOMA,4,False,74.0,1823.0,3.7,20.3
370014,ALLIANCEHEALTH DURANT,DURANT,OK,BRYAN,1,False,60.0,320.0,3.8,24.1
370015,HILLCREST HOSPITAL PRYOR,PRYOR,OK,MAYES,4,False,,,3.6,21.5
370016,INTEGRIS HEALTH ENID HOSPITAL,ENID,OK,GARFIELD,3,False,68.0,371.0,4.9,20.4
370018,ASCENSION ST JOHN JANE PHILLIPS,BARTLESVILLE,OK,WASHINGTON,3,False,71.0,417.0,5.2,20.6
370019,GREAT PLAINS REGIONAL MEDICAL CENTER,ELK CITY,OK,BECKHAM,2,False,64.0,216.0,4.2,21.0
370020,MERCY HOSPITAL ADA,ADA,OK,PONTOTOC,4,False,68.0,593.0,3.8,22.0
370022,JACKSON COUNTY MEMORIAL HOSPITAL AUTHORITY,ALTUS,OK,JACKSON,3,False,71.0,311.0,5.3,21.0
370023,"DUNCAN REGIONAL HOSPITAL, INC",DUNCAN,OK,STEPHENS,3,False,70.0,415.0,4.3,20.3
370025,SAINT FRANCIS HOSPITAL MUSKOGEE,MUSKOGEE,OK,MUSKOGEE,3,False,66.0,685.0,3.0,24.7
370026,ST MARY'S REGIONAL MEDICAL CENTER,ENID,OK,GARFIELD,3,False,73.0,415.0,5.2,21.4
370028,"INTEGRIS BAPTIST MEDICAL CENTER, INC",OKLAHOMA CITY,OK,OKLAHOMA,3,False,71.0,2285.0,4.3,21.0
370034,MCALESTER REGIONAL HEALTH CENTER,MCALESTER,OK,PITTSBURG,3,False,57.0,395.0,4.3,21.6
370037,SSM HEALTH ST ANTHONY HOSPITAL - OKLAHOMA CITY,OKLAHOMA CITY,OK,OKLAHOMA,4,False,72.0,1520.0,3.4,19.7
370039,HILLCREST HOSPITAL CLAREMORE,CLAREMORE,OK,ROGERS,4,False,67.0,308.0,4.5,20.9
370047,"MERCY HOSPITAL ARDMORE, INC",ARDMORE,OK,CARTER,4,False,70.0,428.0,3.3,22.8
370049,STILLWATER MEDICAL CENTER,STILLWATER,OK,PAYNE,4,False,76.0,546.0,3.6,24.2
370054,GRADY MEMORIAL HOSPITAL,CHICKASHA,OK,GRADY,2,False,66.0,144.0,5.5,21.9
370056,MEMORIAL HEALTH,LAWTON,OK,COMANCHE,2,False,62.0,830.0,4.5,22.4
370057,MUSCOGEE (CREEK) NATION MEDICAL CENTER,OKMULGEE,OK,OKMULGEE,Not Available,False,,,3.8,
370078,OKLAHOMA STATE UNIVERSITY MEDICAL CENTER,TULSA,OK,TULSA,2,False,70.0,971.0,4.5,20.7
370083,PUSHMATAHA HOSPITAL,ANTLERS,OK,PUSHMATAHA,3,False,,,4.7,21.9
370089,NORTHEASTERN HEALTH SYSTEM,TAHLEQUAH,OK,CHEROKEE,2,False,66.0,421.0,4.6,22.2
370091,"SAINT FRANCIS HOSPITAL, INC",TULSA,OK,TULSA,5,False,73.0,3423.0,2.7,20.8
370093,O U MEDICAL CENTER,OKLAHOMA CITY,OK,OKLAHOMA,2,False,63.0,2734.0,3.8,21.0
370094,SSM HEALTH ST ANTHONY HOSPITAL - MIDWEST,MIDWEST CITY,OK,OKLAHOMA,2,False,67.0,719.0,4.1,22.3
370097,SOUTHWESTERN MEDICAL CENTER,LAWTON,OK,COMANCHE,2,False,66.0,262.0,4.9,22.2
370099,HILLCREST HOSPITAL CUSHING,CUSHING,OK,PAYNE,4,False,,,3.8,21.9
370100,CHOCTAW MEMORIAL HOSPITAL,HUGO,OK,CHOCTAW,1,False,,,4.5,21.7
370106,INTEGRIS SOUTHWEST MEDICAL CENTER,OKLAHOMA CITY,OK,OKLAHOMA,2,False,64.0,762.0,4.6,23.2
370112,SEQUOYAH COUNTY-CITY OF SALLISAW HOSPITAL AUTHORIT,SALLISAW,OK,SEQUOYAH,3,False,,,4.0,21.3
370113,INTEGRIS GROVE HOSPITAL,GROVE,OK,DELAWARE,4,False,70.0,235.0,4.3,22.1
370114,ASCENSION ST JOHN MEDICAL CENTER,TULSA,OK,TULSA,3,False,57.0,456.0,4.4,21.5
370149,SSM HEALTH ST ANTHONY HOSPITAL - SHAWNEE,SHAWNEE,OK,POTTAWATOMIE,3,False,77.0,541.0,4.2,21.1
370158,PURCELL MUNICIPAL HOSPITAL,PURCELL,OK,MCCLAIN,3,False,,,4.1,
370166,WAGONER COMMUNITY HOSPITAL,WAGONER,OK,WAGONER,2,False,,,4.0,21.5
370170,LAWTON INDIAN HOSPITAL,LAWTON,OK,COMANCHE,Not Available,False,,,4.2,
370171,CHEROKEE NATION W W HASTINGS INDIAN HOSPITAL,TAHLEQUAH,OK,CHEROKEE,3,False,70.0,501.0,4.6,21.5
370172,CHOCTAW NATION HEALTH SERVICES AUTHORITY,TALIHINA,OK,LATIMER,Not Available,False,,,3.8,
370173,CLAREMORE INDIAN HOSPITAL,CLAREMORE,OK,ROGERS,Not Available,False,,,3.9,
370178,MEMORIAL HOSPITAL,STILWELL,OK,ADAIR,4,False,,,3.9,
370180,CHICKASAW NATION MEDICAL CENTER,ADA,OK,PONTOTOC,5,False,86.0,285.0,3.7,21.4
370183,HILLCREST HOSPITAL HENRYETTA,HENRYETTA,OK,OKMULGEE,Not Available,False,,,3.8,
370192,NORTHWEST SURGICAL HOSPITAL,OKLAHOMA CITY,OK,OKLAHOMA,Not Available,False,,,,
370199,"LAKESIDE WOMEN'S HOSPITAL, A MEMBER OF INTEGRIS HE",OKLAHOMA CITY,OK,OKLAHOMA,Not Available,False,80.0,271.0,,
370201,SURGICAL HOSPITAL OF OKLAHOMA,OKLAHOMA CITY,OK,OKLAHOMA,Not Available,False,,,3.8,
370202,HILLCREST HOSPITAL SOUTH,TULSA,OK,TULSA,3,False,70.0,909.0,3.7,20.9
370203,"COMMUNITY HOSPITAL, LLC",OKLAHOMA CITY,OK,OKLAHOMA,4,False,77.0,392.0,4.5,
370206,OKLAHOMA SPINE HOSPITAL,OKLAHOMA CITY,OK,OKLAHOMA,Not Available,False,78.0,507.0,3.3,
370210,"OKLAHOMA SURGICAL HOSPITAL, LLC",TULSA,OK,TULSA,5,False,78.0,381.0,3.8,
370211,INTEGRIS CANADIAN VALLEY HOSPITAL,YUKON,OK,CANADIAN,4,False,74.0,587.0,5.3,20.0
370212,OKLAHOMA CENTER FOR ORTHOPAEDIC & MULTI-SP,OKLAHOMA CITY,OK,OKLAHOMA,Not Available,False,,,3.9,
370214,LINDSAY MUNICIPAL HOSPITAL,LINDSAY,OK,GARVIN,Not Available,False,,,,
370215,"OKLAHOMA HEART HOSPITAL, LLC",OKLAHOMA CITY,OK,OKLAHOMA,4,False,90.0,1244.0,5.0,20.3
370216,TULSA SPINE & SPECIALTY HOSPITAL,TULSA,OK,TULSA,Not Available,False,90.0,427.0,4.2,
370218,"SAINT FRANCIS HOSPITAL SOUTH, LLC",TULSA,OK,TULSA,5,False,75.0,413.0,2.6,18.1
370220,ONECORE HEALTH,OKLAHOMA CITY,OK,OKLAHOMA,Not Available,False,,,4.1,
370222,MCBRIDE ORTHOPEDIC HOSPITAL,OKLAHOMA CITY,OK,OKLAHOMA,Not Available,False,82.0,315.0,4.3,
370225,"SUMMIT MEDICAL CENTER, LLC",EDMOND,OK,OKLAHOMA,Not Available,False,87.0,102.0,4.0,
370227,ST JOHN OWASSO,OWASSO,OK,TULSA,5,False,77.0,218.0,3.5,22.1
370228,"BAILEY MEDICAL CENTER, LLC",OWASSO,OK,TULSA,5,False,84.0,367.0,3.8,21.3
370234,"OKLAHOMA HEART HOSPITAL SOUTH, LLC",OKLAHOMA CITY,OK,OKLAHOMA,5,False,92.0,743.0,4.1,18.7
370235,ASCENSION ST JOHN BROKEN ARROW,BROKEN ARROW,OK,TULSA,4,False,77.0,348.0,4.0,22.3
370236,INTEGRIS HEALTH EDMOND HOSPITAL,EDMOND,OK,OKLAHOMA,2,False,77.0,641.0,5.0,22.3
370237,"SAINT FRANCIS HOSPITAL VINITA, INC",VINITA,OK,CRAIG,3,False,78.0,164.0,4.1,21.2
370240,INTEGRIS COMMUNITY HOSPITAL - COUNCIL CROSSING,OKLAHOMA CITY,OK,OKLAHOMA,Not Available,False,,,3.6,
370243,VALLEY COMMUNITY HOSPITAL,PAULS VALLEY,OK,GARVIN,Not Available,False,,,,
370244,COUNCIL OAK COMPREHENSIVE HEALTHCARE,TULSA,OK,TULSA,Not Available,False,,,3.8,
370245,CLINTON REGIONAL HOSPITAL,CLINTON,OK,CUSTER,Not Available,False,,,5.0,
370246,CARRUS LAKESIDE HOSPITAL,BRISTOW,OK,CREEK,Not Available,False,,,,
370247,EXCEPTIONAL COMMUNITY HOSPITAL ARDMORE,ARDMORE,OK,CARTER,Not Available,False,,,,
380001,MID-COLUMBIA MEDICAL CENTER,THE DALLES,OR,WASCO,4,False,59.0,284.0,3.7,20.0
380002,ASANTE THREE RIVERS MEDICAL CENTER,GRANTS PASS,OR,JOSEPHINE,3,False,69.0,1758.0,3.4,18.7
380004,PROVIDENCE ST VINCENT MEDICAL CENTER,PORTLAND,OR,WASHINGTON,4,False,73.0,421.0,2.9,21.7
380005,ASANTE ASHLAND COMMUNITY HOSPITAL,ASHLAND,OR,JACKSON,Not Available,False,81.0,341.0,3.4,20.8
380007,LEGACY EMANUEL MEDICAL CENTER,PORTLAND,OR,MULTNOMAH,3,False,74.0,1045.0,3.6,20.8
380009,OHSU HOSPITAL AND CLINICS,PORTLAND,OR,MULTNOMAH,3,False,70.0,812.0,3.4,20.3
380014,GOOD SAMARITAN REGIONAL MEDICAL CENTER,CORVALLIS,OR,BENTON,3,False,68.0,806.0,3.6,18.7
380017,LEGACY GOOD SAMARITAN MEDICAL CENTER,PORTLAND,OR,MULTNOMAH,4,False,73.0,1131.0,3.1,21.7
380018,ASANTE ROGUE REGIONAL MEDICAL CENTER,MEDFORD,OR,JACKSON,4,False,67.0,2449.0,3.7,17.4
380020,MCKENZIE-WILLAMETTE MEDICAL CENTER,SPRINGFIELD,OR,LANE,4,False,76.0,1356.0,4.1,19.7
380021,HILLSBORO MEDICAL CENTER,HILLSBORO,OR,WASHINGTON,3,False,62.0,718.0,4.1,21.4
380022,SAMARITAN ALBANY GENERAL HOSPITAL,ALBANY,OR,LINN,4,False,73.0,407.0,3.6,20.0
380025,LEGACY MOUNT HOOD MEDICAL CENTER,GRESHAM,OR,MULTNOMAH,3,False,69.0,815.0,3.7,21.3
380027,MERCY MEDICAL CENTER,ROSEBURG,OR,DOUGLAS,4,False,66.0,622.0,4.3,19.4
380029,LEGACY SILVERTON MEDICAL CENTER,SILVERTON,OR,MARION,Not Available,False,74.0,378.0,3.8,20.8
380037,PROVIDENCE NEWBERG MEDICAL CENTER,NEWBERG,OR,YAMHILL,4,False,78.0,524.0,3.5,20.6
380038,PROVIDENCE WILLAMETTE FALLS MEDICAL CENTER,OREGON CITY,OR,CLACKAMAS,4,False,70.0,560.0,3.1,21.7
380047,ST CHARLES MEDICAL CENTER - BEND,BEND,OR,DESCHUTES,4,False,75.0,892.0,3.2,19.3
380050,SKY LAKES MEDICAL CENTER,KLAMATH FALLS,OR,KLAMATH,2,False,65.0,1093.0,3.2,21.8
380051,SALEM HOSPITAL,SALEM,OR,MARION,3,False,69.0,2319.0,2.7,20.5
380052,SAINT ALPHONSUS MEDICAL CENTER ONTARIO,ONTARIO,OR,MALHEUR,2,False,72.0,227.0,4.2,21.4
380056,SANTIAM HOSPITAL & CLINICS,STAYTON,OR,MARION,Not Available,False,77.0,279.0,4.2,19.8
380060,ADVENTIST HEALTH PORTLAND,PORTLAND,OR,MULTNOMAH,4,False,71.0,704.0,3.6,20.7
380061,PROVIDENCE PORTLAND MEDICAL CENTER,PORTLAND,OR,MULTNOMAH,4,False,71.0,443.0,3.2,22.0
380071,WILLAMETTE VALLEY MEDICAL CENTER,MCMINNVILLE,OR,YAMHILL,2,False,63.0,321.0,5.1,21.2
380075,PROVIDENCE MEDFORD MEDICAL CENTER,MEDFORD,OR,JACKSON,2,False,74.0,632.0,3.6,22.0
380082,PROVIDENCE MILWAUKIE HOSPITAL,MILWAUKIE,OR,CLACKAMAS,3,False,66.0,598.0,3.5,21.9
380089,LEGACY MERIDIAN PARK MEDICAL CENTER,TUALATIN,OR,WASHINGTON,2,False,69.0,1185.0,3.5,20.3
380090,BAY AREA HOSPITAL,COOS BAY,OR,COOS,2,False,66.0,1158.0,3.9,22.1
380091,KAISER SUNNYSIDE MEDICAL CENTER,CLACKAMAS,OR,CLACKAMAS,4,False,68.0,3641.0,3.0,21.0
380102,SACRED HEART MEDICAL CENTER - RIVERBEND,SPRINGFIELD,OR,LANE,4,False,73.0,634.0,3.6,17.3
380103,KAISER FOUNDATION HOSPITAL WESTSIDE,HILLSBORO,OR,WASHINGTON,4,False,78.0,1448.0,3.7,19.8
390001,GEISINGER-COMMUNITY MEDICAL CENTER,SCRANTON,PA,LACKAWANNA,2,False,60.0,1416.0,3.2,24.2
390002,UPMC MCKEESPORT HOSPITAL,MC KEESPORT,PA,ALLEGHENY,3,False,62.0,363.0,3.5,21.1
390003,GEISINGER-BLOOMSBURG HOSPITAL,BLOOMSBURG,PA,COLUMBIA,4,False,79.0,467.0,3.8,22.4
390004,PENN STATE HEALTH HOLY SPIRIT MEDICAL CENTER,CAMP HILL,PA,CUMBERLAND,3,False,61.0,2012.0,3.3,22.7
390006,GEISINGER MEDICAL CENTER,DANVILLE,PA,MONTOUR,4,False,73.0,2760.0,3.1,23.7
390009,SAINT VINCENT HOSPITAL,ERIE,PA,ERIE,4,False,71.0,556.0,3.4,19.4
390012,JEFFERSON LANSDALE HOSPITAL,LANSDALE,PA,MONTGOMERY,3,False,61.0,733.0,3.6,21.9
390013,WELLSPAN EVANGELICAL COMMUNITY HOSPITAL,LEWISBURG,PA,UNION,4,False,78.0,474.0,3.9,20.1
390016,UPMC JAMESON,NEW CASTLE,PA,LAWRENCE,3,False,66.0,547.0,4.0,20.9
390025,KENSINGTON HOSPITAL,PHILADELPHIA,PA,PHILADELPHIA,Not Available,False,,,,
390026,TEMPLE HEALTH - CHESTNUT HILL HOSPITAL,PHILADELPHIA,PA,PHILADELPHIA,2,False,52.0,570.0,3.7,22.5
390027,TEMPLE UNIVERSITY HOSPITAL,PHILADELPHIA,PA,PHILADELPHIA,4,False,64.0,721.0,3.0,21.3
390028,UPMC MERCY,PITTSBURGH,PA,ALLEGHENY,4,False,74.0,459.0,3.4,20.3
390030,SCHUYLKILL MEDICAL CENTER - SOUTH JACKSON STREET,POTTSVILLE,PA,SCHUYLKILL,4,False,69.0,369.0,4.0,21.7
390032,ALLEGHENY VALLEY HOSPITAL,NATRONA,PA,ALLEGHENY,4,False,65.0,476.0,3.6,21.9
390035,ST LUKE'S HOSPITAL - UPPER BUCKS CAMPUS,QUAKERTOWN,PA,BUCKS,5,False,81.0,1106.0,3.3,22.3
390036,HERITAGE VALLEY BEAVER,BEAVER,PA,BEAVER,3,False,61.0,1142.0,4.2,22.0
390037,HERITAGE VALLEY SEWICKLEY,SEWICKLEY,PA,ALLEGHENY,4,False,67.0,836.0,4.4,21.7
390039,UPMC SOMERSET,SOMERSET,PA,SOMERSET,4,False,71.0,362.0,5.9,20.3
390041,UNIONTOWN HOSPITAL,UNIONTOWN,PA,FAYETTE,2,False,62.0,822.0,2.9,21.3
390042,"WASHINGTON HOSPITAL, THE",WASHINGTON,PA,WASHINGTON,4,False,70.0,598.0,6.4,21.6
390044,READING HOSPITAL,WEST READING,PA,BERKS,4,False,67.0,445.0,2.7,24.1
390045,UPMC WILLIAMSPORT,WILLIAMSPORT,PA,LYCOMING,3,False,76.0,497.0,3.7,20.9
390046,WELLSPAN YORK HOSPITAL,YORK,PA,YORK,4,False,66.0,404.0,2.6,21.3
390048,GEISINGER-LEWISTOWN HOSPITAL,LEWISTOWN,PA,MIFFLIN,5,False,72.0,588.0,2.9,21.4
390049,ST LUKES HOSPITAL,BETHLEHEM,PA,NORTHAMPTON,5,False,75.0,2011.0,2.8,24.4
390050,ALLEGHENY GENERAL HOSPITAL,PITTSBURGH,PA,ALLEGHENY,3,False,69.0,577.0,3.2,19.4
390056,PENN HIGHLANDS HUNTINGDON,HUNTINGDON,PA,HUNTINGDON,3,False,61.0,346.0,3.4,19.1
390057,ST LUKE'S HOSPITAL - GRAND VIEW CAMPUS,SELLERSVILLE,PA,BUCKS,4,False,70.0,385.0,3.9,22.8
390058,UPMC CARLISLE,CARLISLE,PA,CUMBERLAND,4,False,67.0,407.0,3.9,23.3
390062,CONEMAUGH NASON MEDICAL CENTER,ROARING SPRING,PA,BLAIR,5,False,77.0,687.0,4.1,21.9
390063,UPMC HAMOT,ERIE,PA,ERIE,3,False,70.0,410.0,3.7,21.9
390065,GETTYSBURG HOSPITAL,GETTYSBURG,PA,ADAMS,4,False,66.0,357.0,3.6,20.8
390066,WELLSPAN GOOD SAMARITAN HOSPITAL,LEBANON,PA,LEBANON,5,False,60.0,417.0,3.1,22.8
390067,UPMC PINNACLE HOSPITALS,HARRISBURG,PA,DAUPHIN,4,False,72.0,450.0,3.1,22.1
390068,UPMC LITITZ,LITITZ,PA,LANCASTER,4,False,77.0,397.0,4.2,22.2
390070,LOWER BUCKS HOSPITAL,BRISTOL,PA,BUCKS,3,False,59.0,452.0,4.0,21.8
390073,UPMC ALTOONA,ALTOONA,PA,BLAIR,3,False,57.0,518.0,3.3,21.7
390079,ROBERT PACKER HOSPITAL,SAYRE,PA,BRADFORD,2,False,74.0,549.0,3.6,21.6
390086,PENN HIGHLANDS DUBOIS,DUBOIS,PA,CLEARFIELD,2,False,61.0,1036.0,4.5,23.4
390090,WEST PENN HOSPITAL,PITTSBURGH,PA,ALLEGHENY,3,False,76.0,438.0,3.2,20.9
390091,UPMC NORTHWEST,SENECA,PA,VENANGO,4,False,69.0,529.0,3.9,24.5
390093,INDEPENDENCE HEALTH SYSTEM CLARION HOSPITAL,CLARION,PA,CLARION,2,False,66.0,261.0,6.2,22.4
390096,PENN STATE HEALTH ST. JOSEPH,READING,PA,BERKS,3,False,71.0,1574.0,3.7,21.7
390097,HOLY REDEEMER HOSPITAL AND MEDICAL CENTER,MEADOWBROOK,PA,MONTGOMERY,3,False,69.0,357.0,3.9,19.5
390100,LANCASTER GENERAL HOSPITAL,LANCASTER,PA,LANCASTER,5,False,74.0,462.0,2.6,19.2
390101,UPMC MEMORIAL,YORK,PA,YORK,4,False,73.0,407.0,3.8,22.5
390102,UPMC ST MARGARET,PITTSBURGH,PA,ALLEGHENY,3,False,76.0,481.0,3.3,22.7
390107,UPMC PASSAVANT,PITTSBURGH,PA,ALLEGHENY,4,False,76.0,500.0,3.2,20.5
390110,CONEMAUGH MEMORIAL MEDICAL CENTER,JOHNSTOWN,PA,CAMBRIA,2,False,54.0,2404.0,3.8,21.9
390111,HOSPITAL OF UNIV OF PENNSYLVANIA,PHILADELPHIA,PA,PHILADELPHIA,5,False,82.0,689.0,2.0,19.7
390112,CHAN SOON- SHIONG MEDICAL CENTER AT WINDBER,WINDBER,PA,SOMERSET,2,False,78.0,293.0,5.2,20.8
390113,MEADVILLE MEDICAL CENTER,MEADVILLE,PA,CRAWFORD,4,False,68.0,509.0,3.9,21.2
390114,MAGEE WOMENS HOSPITAL OF UPMC HEALTH SYSTEM,PITTSBURGH,PA,ALLEGHENY,4,False,73.0,368.0,3.6,21.0
390115,JEFFERSON HEALTH- NORTHEAST,PHILADELPHIA,PA,PHILADELPHIA,2,False,61.0,2494.0,3.6,23.2
390116,SUBURBAN COMMUNITY HOSPITAL,NORRISTOWN,PA,MONTGOMERY,4,False,,,4.0,20.5
390117,UPMC BEDFORD MEMORIAL,EVERETT,PA,BEDFORD,4,False,68.0,282.0,3.9,21.0
390123,POTTSTOWN HOSPITAL,POTTSTOWN,PA,MONTGOMERY,2,False,59.0,600.0,3.5,20.5
390125,WAYNE MEMORIAL HOSPITAL,HONESDALE,PA,WAYNE,2,False,60.0,298.0,4.9,20.4
390127,PHOENIXVILLE HOSPITAL,PHOENIXVILLE,PA,CHESTER,3,False,70.0,743.0,4.5,24.0
390133,LEHIGH VALLEY HOSPITAL,ALLENTOWN,PA,LEHIGH,4,False,68.0,1709.0,3.2,22.9
390137,WILKES-BARRE GENERAL HOSPITAL,WILKES-BARRE,PA,LUZERNE,2,False,59.0,704.0,4.5,22.6
390138,WELLSPAN WAYNESBORO HOSPITAL,WAYNESBORO,PA,FRANKLIN,4,False,81.0,442.0,4.3,21.0
390139,BRYN MAWR HOSPITAL,BRYN MAWR,PA,MONTGOMERY,5,False,78.0,1670.0,2.9,20.8
390142,JEFFERSON EINSTEIN PHILADELPHIA HOSPITAL,PHILADELPHIA,PA,PHILADELPHIA,3,False,62.0,577.0,2.9,20.9
390145,EXCELA HEALTH WESTMORELAND REGIONAL HOSPITAL,GREENSBURG,PA,WESTMORELAND,3,False,60.0,546.0,3.1,18.6
390146,WARREN GENERAL HOSPITAL,WARREN,PA,WARREN,3,False,66.0,262.0,5.0,21.6
390147,PENN HIGHLANDS MON VALLEY,MONONGAHELA,PA,WASHINGTON,1,False,53.0,325.0,4.3,20.5
390150,UPMC GREENE,WAYNESBURG,PA,GREENE,Not Available,False,,,5.1,20.9
390151,WELLSPAN CHAMBERSBURG HOSPITAL,CHAMBERSBURG,PA,FRANKLIN,4,False,67.0,612.0,3.1,21.7
390153,PAOLI HOSPITAL,PAOLI,PA,CHESTER,5,False,75.0,2148.0,3.1,21.7
390156,MERCY CATHOLIC MEDICAL CENTER- MERCY FITZGERALD,DARBY,PA,DELAWARE,2,False,60.0,527.0,3.7,20.3
390160,CANONSBURG GENERAL HOSPITAL,CANONSBURG,PA,WASHINGTON,3,False,77.0,337.0,3.6,20.3
390162,ST LUKE'S HOSPITAL - EASTON CAMPUS,EASTON,PA,NORTHAMPTON,4,False,75.0,329.0,3.5,21.7
390163,ACMH HOSPITAL,KITTANNING,PA,ARMSTRONG,3,False,64.0,292.0,4.0,19.9
390164,UPMC PRESBYTERIAN SHADYSIDE,PITTSBURGH,PA,ALLEGHENY,4,False,71.0,612.0,2.6,23.1
390168,INDEPENDENCE HEALTH SYSTEM BUTLER MEMORIAL HOSPITA,BUTLER,PA,BUTLER,2,False,69.0,781.0,4.3,21.9
390173,INDIANA REGIONAL MEDICAL CENTER,INDIANA,PA,INDIANA,2,False,62.0,706.0,5.5,24.4
390174,THOMAS JEFFERSON UNIVERSITY HOSPITAL,PHILADELPHIA,PA,PHILADELPHIA,3,False,66.0,2505.0,3.0,21.0
390178,UPMC HORIZON,GREENVILLE,PA,MERCER,4,False,69.0,537.0,4.3,20.8
390179,CHESTER COUNTY HOSPITAL,WEST CHESTER,PA,CHESTER,5,False,78.0,592.0,3.4,18.3
390180,CROZER CHESTER MEDICAL CENTER,UPLAND,PA,DELAWARE,1,False,,,4.1,22.7
390183,ST LUKE'S MINERS MEMORIAL HOSPITAL,COALDALE,PA,SCHUYLKILL,4,False,78.0,509.0,3.2,23.1
390184,PENN HIGHLANDS CONNELLSVILLE,CONNELLSVILLE,PA,FAYETTE,Not Available,False,,,4.2,
390185,LEHIGH VALLEY HOSPITAL - HAZLETON,HAZLETON,PA,LUZERNE,2,False,61.0,352.0,4.3,22.9
390195,MAIN LINE HOSPITAL LANKENAU,WYNNEWOOD,PA,MONTGOMERY,4,False,74.0,1793.0,3.0,22.3
390198,LECOM MEDICAL CENTER AND BEHAVIORAL HEALTH PAV,ERIE,PA,ERIE,1,False,72.0,109.0,5.3,20.6
390199,PUNXSUTAWNEY AREA HOSPITAL,PUNXSUTAWNEY,PA,JEFFERSON,2,False,79.0,327.0,5.8,21.9
390201,LEHIGH VALLEY HOSPITAL - POCONO,EAST STROUDSBURG,PA,MONROE,3,False,70.0,363.0,4.4,23.2
390203,DOYLESTOWN HOSPITAL,DOYLESTOWN,PA,BUCKS,4,False,78.0,867.0,4.0,20.8
390204,NAZARETH HOSPITAL,PHILADELPHIA,PA,PHILADELPHIA,2,False,57.0,403.0,4.3,22.2
390211,SHARON REGIONAL MEDICAL CENTER,SHARON,PA,MERCER,3,False,,,4.2,21.6
390217,EXCELA HEALTH - FRICK HOSPITAL,MOUNT PLEASANT,PA,WESTMORELAND,3,False,67.0,451.0,3.2,18.6
390219,EXCELA HEALTH LATROBE HOSPITAL,LATROBE,PA,WESTMORELAND,4,False,66.0,627.0,3.8,19.7
390222,RIDDLE MEMORIAL HOSPITAL,MEDIA,PA,DELAWARE,4,False,69.0,1266.0,2.9,21.7
390223,PENN PRESBYTERIAN MEDICAL CENTER,PHILADELPHIA,PA,PHILADELPHIA,4,False,70.0,443.0,2.6,19.0
390225,WELLSPAN EPHRATA COMMUNITY HOSPITAL,EPHRATA,PA,LANCASTER,5,False,67.0,416.0,3.0,19.2
390226,PENNSYLVANIA HOSPITAL,PHILADELPHIA,PA,PHILADELPHIA,4,False,70.0,448.0,3.0,20.8
390228,ST CLAIR HOSPITAL,PITTSBURGH,PA,ALLEGHENY,4,False,69.0,471.0,4.5,20.0
390231,JEFFERSON ABINGTON HOSPITAL,ABINGTON,PA,MONTGOMERY,3,False,58.0,1180.0,3.6,22.6
390233,UPMC HANOVER,HANOVER,PA,YORK,4,False,73.0,458.0,3.8,23.0
390237,REGIONAL HOSPITAL OF SCRANTON,SCRANTON,PA,LACKAWANNA,2,False,62.0,1258.0,4.2,21.4
390256,MILTON S HERSHEY MEDICAL CENTER,HERSHEY,PA,DAUPHIN,4,False,76.0,4740.0,3.1,22.2
390258,ST MARY MEDICAL CENTER,LANGHORNE,PA,BUCKS,2,False,63.0,433.0,4.2,22.0
390265,JEFFERSON HOSPITAL,JEFFERSON HILLS,PA,ALLEGHENY,4,False,73.0,608.0,3.7,20.7
390266,GROVE CITY MEDICAL CENTER,GROVE CITY,PA,MERCER,4,False,71.0,187.0,4.3,21.4
390267,FORBES HOSPITAL,MONROEVILLE,PA,ALLEGHENY,3,False,69.0,359.0,3.2,22.9
390268,MOUNT NITTANY MEDICAL CENTER,STATE COLLEGE,PA,CENTRE,5,False,69.0,410.0,3.0,20.8
390270,GEISINGER WYOMING VALLEY MEDICAL CENTER,WILKES BARRE,PA,LUZERNE,4,False,62.0,1592.0,3.0,23.2
390272,VALLEY FORGE MEDICAL CENTER,NORRISTOWN,PA,MONTGOMERY,Not Available,False,,,3.5,
390278,EAGLEVILLE HOSPITAL,EAGLEVILLE,PA,MONTGOMERY,Not Available,False,,,,
390304,ROXBOROUGH MEMORIAL HOSPITAL,PHILADELPHIA,PA,PHILADELPHIA,2,False,54.0,462.0,4.3,24.0
390307,EDGEWOOD SURGICAL HOSPITAL,TRANSFER,PA,MERCER,Not Available,False,,,,
390316,SURGICAL INSTITUTE OF READING,WYOMISSING,PA,BERKS,Not Available,False,85.0,220.0,3.7,
390322,ROTHMAN ORTHOPAEDIC SPECIALTY HOSPITAL,BENSALEM,PA,BUCKS,Not Available,False,86.0,181.0,3.8,
390323,ADVANCED SURGICAL HOSPITAL,WASHINGTON,PA,WASHINGTON,Not Available,False,90.0,312.0,3.7,
390324,PHYSICIANS CARE SURGICAL HOSPITAL,ROYERSFORD,PA,MONTGOMERY,Not Available,False,88.0,114.0,4.2,
390325,OSS ORTHOPAEDIC HOSPITAL,YORK,PA,YORK,Not Available,False,91.0,277.0,3.5,
390327,WELLSPAN SURGERY AND REHABILITATION HOSPITAL,YORK,PA,YORK,Not Available,False,87.0,109.0,3.8,
390328,UPMC EAST,MONROEVILLE,PA,ALLEGHENY,4,False,74.0,455.0,3.4,23.3
390329,JEFFERSON EINSTEIN MONTGOMERY HOSPITAL,EAST NORRITON,PA,MONTGOMERY,4,False,62.0,766.0,3.7,22.1
390330,ST LUKE'S HOSPITAL - MONROE CAMPUS,STROUDSBURG,PA,MONROE,5,False,76.0,935.0,3.3,25.0
390331,WILLS EYE HOSPITAL,PHILADELPHIA,PA,PHILADELPHIA,Not Available,False,,,,
390332,GEISINGER ST. LUKE'S  HOSPITAL,ORWIGSBURG,PA,SCHUYLKILL,5,False,84.0,1002.0,3.1,22.9
390333,"AHN EMERUS WESTMORELAND, LLC",GREENSBURG,PA,WESTMORELAND,Not Available,False,81.0,288.0,3.8,
390334,AHN WEXFORD HOSPITAL,WEXFORD,PA,ALLEGHENY,5,False,89.0,1170.0,3.3,20.7
390335,ST LUKE'S HOSPITAL - CARBON CAMPUS,LEHIGHTON,PA,CARBON,5,False,86.0,755.0,3.2,23.9
390336,PENN STATE HEALTH HAMPDEN MEDICAL CENTER,ENOLA,PA,CUMBERLAND,4,False,78.0,1279.0,3.0,22.9
390338,LEHIGH VALLEY HOSPITAL - DICKSON CITY,DICKSON CITY,PA,LACKAWANNA,3,False,77.0,616.0,3.7,22.8
390339,PENN STATE HEALTH LANCASTER MEDICAL CENTER,LANCASTER,PA,LANCASTER,3,False,77.0,1443.0,3.1,23.1
390430,LEHIGH VALLEY HOSPITAL - MACUNGIE,MACUNGIE,PA,LEHIGH,Not Available,False,87.0,148.0,3.3,
400001,PRESBYTERIAN COMMUNITY HOSPITAL,SAN JUAN,PR,SAN JUAN,Not Available,False,,,6.0,22.7
400003,HOSPITAL METROPOLITANO DR PILA,PONCE,PR,PONCE,Not Available,False,,,5.8,22.9
400004,"ASOCIACION HOSPITAL DEL MAESTRO, INC",SAN JUAN,PR,SAN JUAN,Not Available,False,,,6.3,23.4
400005,HOPE MEDICAL CENTER,HUMACAO,PR,HUMACAO,Not Available,False,,,,
400006,DOCTORS' CENTER HOSPITAL SAN JUAN,SANTURCE,PR,SAN JUAN,Not Available,False,59.0,319.0,5.1,23.1
400007,RYDER MEMORIAL HOSPITAL INC,HUMACAO,PR,HUMACAO,Not Available,False,,,8.6,20.7
400010,HOSPITAL GENERAL DE CASTANER,CASTANER,PR,LARES,Not Available,False,,,,
400011,"HOSPITAL MENONITA HUMACAO, INC",HUMACAO,PR,HUMACAO,Not Available,False,,,5.1,25.7
400012,HOSPITAL ONCOLOGICO DR ISAAC GONZALEZ MARTINEZ,SAN JUAN,PR,SAN JUAN,Not Available,False,,,4.1,
400013,HOSPITAL MENONITA DE CAYEY,CAYEY,PR,CAYEY,Not Available,False,,,7.6,21.2
400014,BELLA VISTA HOSPITAL,MAYAGUEZ,PR,MAYAGUEZ,Not Available,False,,,4.7,22.3
400015,SAN JUAN MUNICIPALITY HOSPITAL,RIO PIEDRAS,PR,SAN JUAN,Not Available,False,,,5.5,
400016,AUXILIO MUTUO HOSPITAL,SAN JUAN,PR,SAN JUAN,4,False,,,6.1,22.6
400018,HOSPITAL MENONITA DE AIBONITO,AIBONITO,PR,AIBONITO,Not Available,False,,,7.0,24.9
400019,HOSPITAL PAVIA SANTURCE,SAN JUAN,PR,SAN JUAN,1,False,,,7.2,22.9
400021,HOSPITAL DE LA CONCEPCION,SAN GERMAN,PR,SAN GERMAN,Not Available,False,,,6.6,25.0
400022,HOSPITAL DAMAS INC,PONCE,PR,PONCE,Not Available,False,60.0,319.0,6.8,21.7
400032,BAYAMON MEDICAL CENTER,BAYAMON,PR,BAYAMON,Not Available,False,46.0,449.0,7.8,23.5
400044,HOSPITAL EPISCOPAL SAN LUCAS II,PONCE,PR,PONCE,Not Available,False,,,7.8,21.9
400048,HOSPITAL MENONITA GUAYAMA,GUAYAMA,PR,GUAYANILLA,Not Available,False,,,10.1,23.2
400061,HOSPITAL UNIVERSITARIO DE ADULTO,RIO PIEDRAS,PR,SAN JUAN,Not Available,False,,,8.0,
400079,HOSPITAL  COMUNITARIO BUEN SAMARITANO INC,AGUADILLA,PR,AGUADILLA,Not Available,False,,,12.8,22.5
400087,HOSPITAL PAVIA ARECIBO,ARECIBO,PR,ARECIBO,Not Available,False,,,7.9,21.1
400098,HOSPITAL SAN FRANCISCO,SAN JUAN,PR,SAN JUAN,Not Available,False,,,8.5,24.5
400102,DOCTORS' CENTER BAYAMON,BAYAMON,PR,BAYAMON,Not Available,False,54.0,332.0,6.3,25.6
400103,MAYAGUEZ MEDICAL CENTER DR RAMON EMETERIO BETANCES,MAYAGUEZ,PR,MAYAGUEZ,1,False,50.0,468.0,9.4,24.0
400104,HOSPITAL MENONITA CAGUAS INC,CAGUAS,PR,CAGUAS,Not Available,False,,,11.7,25.1
400105,HOSPITAL UNIVERSITARIO DR RUIZ ARNAU,BAYAMON,PR,BAYAMON,Not Available,False,,,5.1,21.5
400106,METROPOLITAN HOSPITAL,SAN JUAN,PR,SAN JUAN,Not Available,False,,,5.9,22.9
400109,HOSPITAL ESPANOL AUXILIO MUTUO SAN PABLO,BAYAMON,PR,BAYAMON,Not Available,False,,,8.9,23.5
400110,HOSPITAL PAVIA YAUCO,YAUCO,PR,YAUCO,Not Available,False,,,10.8,20.8
400111,HOSPITAL SAN CARLOS BORROMEO,MOCA,PR,MOCA,Not Available,False,,,7.9,19.9
400112,"HOSPITAL UPR, DR  FEDERICO TRILLA",CAROLINA,PR,CAROLINA,Not Available,False,,,8.1,24.6
400113,HOSPITAL MENONITA PONCE,PONCE,PR,PONCE,Not Available,False,,,8.4,24.8
400114,MANATI MEDICAL CENTER DR OTERO LOPEZ,MANATI,PR,MANATI,1,False,62.0,441.0,9.3,21.7
400115,CENTRO MEDICO WILMA N VAZQUEZ,VEGA BAJA,PR,VEGA BAJA,Not Available,False,,,8.4,21.3
400117,HOSPITAL METROPOLITANO  DR SUSONI,ARECIBO,PR,ARECIBO,Not Available,False,,,10.3,23.9
400118,"DOCTORS' CENTER HOSPITAL, INC",MANATI,PR,MANATI,1,False,64.0,330.0,8.2,28.3
400120,HOSPITAL PAVIA CAGUAS,CAGUAS,PR,CAGUAS,Not Available,False,,,12.3,29.3
400122,PROFESSIONAL HOSPITAL GUAYNABO INC,GUAYNABO,PR,GUAYNABO,Not Available,False,,,,
400123,HOSPITAL PEREA,MAYAGUEZ,PR,MAYAGUEZ,Not Available,False,,,7.6,21.9
400124,CENTRO CARDIOVASCULAR DE PUERTO RICO Y EL CARIBE,SAN JUAN,PR,SAN JUAN,Not Available,False,,,6.3,22.4
400127,ASEM,SAN JUAN,PR,SAN JUAN,Not Available,False,,,7.4,
400128,"HOSPITAL PAVIA HATO REY, INC",HATO REY,PR,SAN JUAN,Not Available,False,,,5.4,21.8
400130,HOSPITAL METROPOLITANO DE LA MONTANA,BDA NUEVA,PR,UTUADO,Not Available,False,,,,
400131,CARIBBEAN MEDICAL CENTER,FAJARDO,PR,FAJARDO,Not Available,False,,,,
400132,DOCTORS CENTER HOSPITAL  CAROLINA LLC,CAROLINA,PR,SAN JUAN,Not Available,False,55.0,340.0,7.1,22.6
400134,THE SAN JORGE HOSPITAL INC,SAN JUAN,PR,SAN JUAN,Not Available,False,,,,
400135,HOSPITAL  CENTRO COMPRENSIVO DEL CANCER,SAN JUAN,PR,SAN JUAN,Not Available,False,,,5.0,
400137,DOCTORS CENTER HOSPITAL ORLANDO HEALTH DORADO,DORADO,PR,DORADO,2,False,70.0,342.0,7.6,22.7
400138,PUERTO RICO WOMEN AND CHILDREN HOSPITAL LLC,BAYAMON,PR,BAYAMON,Not Available,False,,,,
400139,HOSPITAL EPISCOPAL  SAN LUCAS METRO,SAN JUAN,PR,SAN JUAN,Not Available,False,,,,
400141,CENTRO MEDICO DEL NORESTE,FAJARDO,PR,FAJARDO,Not Available,False,,,,
410004,ROGER WILLIAMS MEDICAL CENTER,PROVIDENCE,RI,PROVIDENCE,3,False,60.0,353.0,4.0,21.1
410005,OUR LADY OF FATIMA HOSPITAL,NORTH PROVIDENCE,RI,PROVIDENCE,3,False,69.0,500.0,4.2,21.9
410006,NEWPORT HOSPITAL,NEWPORT,RI,NEWPORT,4,False,76.0,415.0,3.6,20.5
410007,RHODE ISLAND HOSPITAL,PROVIDENCE,RI,PROVIDENCE,4,False,67.0,393.0,3.3,19.9
410008,SOUTH COUNTY HOSPITAL INC,WAKEFIELD,RI,WASHINGTON,4,False,78.0,1176.0,4.2,20.1
410009,KENT COUNTY MEMORIAL HOSPITAL,WARWICK,RI,KENT,3,False,64.0,1297.0,4.1,22.0
410010,WOMEN & INFANTS HOSPITAL OF RHODE ISLAND,PROVIDENCE,RI,PROVIDENCE,4,False,63.0,503.0,3.8,
410011,LANDMARK MEDICAL CENTER,WOONSOCKET,RI,PROVIDENCE,2,False,57.0,433.0,4.5,25.3
410012,THE MIRIAM HOSPITAL,PROVIDENCE,RI,PROVIDENCE,4,False,69.0,413.0,3.0,23.0
410013,WESTERLY HOSPITAL,WESTERLY,RI,WASHINGTON,4,False,74.0,689.0,3.2,18.7
420002,PIEDMONT MEDICAL CENTER,ROCK HILL,SC,YORK,2,False,51.0,1338.0,3.3,19.4
420004,MUSC MEDICAL CENTER,CHARLESTON,SC,CHARLESTON,2,False,70.0,1358.0,3.7,21.7
420005,MCLEOD MEDICAL CENTER - DILLON,DILLON,SC,DILLON,3,False,77.0,206.0,4.0,22.1
420007,SPARTANBURG MEDICAL CENTER,SPARTANBURG,SC,SPARTANBURG,2,False,69.0,939.0,4.2,21.3
420009,PRISMA HEALTH OCONEE MEMORIAL HOSPITAL,SENECA,SC,OCONEE,4,False,75.0,919.0,3.1,19.7
420010,CAROLINA PINES REGIONAL MEDICAL CENTER,HARTSVILLE,SC,DARLINGTON,2,False,73.0,359.0,4.4,21.3
420011,CANNON MEMORIAL HOSPITAL,PICKENS,SC,PICKENS,Not Available,False,,,5.1,21.6
420015,PRISMA HEALTH BAPTIST EASLEY HOSPITAL,EASLEY,SC,PICKENS,4,False,68.0,682.0,3.1,22.4
420018,PRISMA HEALTH RICHLAND HOSPITAL,COLUMBIA,SC,RICHLAND,3,False,67.0,1307.0,3.1,20.2
420019,MUSC HEALTH CHESTER MEDICAL CENTER,CHESTER,SC,CHESTER,Not Available,False,64.0,109.0,4.4,21.8
420020,TIDELANDS GEORGETOWN MEMORIAL HOSPITAL,GEORGETOWN,SC,GEORGETOWN,2,False,64.0,477.0,4.4,22.5
420023,ST FRANCIS-DOWNTOWN,GREENVILLE,SC,GREENVILLE,4,False,75.0,1476.0,3.1,22.0
420026,MUSC HEALTH COLUMBIA MEDICAL CENTER DOWNTOWN,COLUMBIA,SC,RICHLAND,3,False,68.0,978.0,3.7,22.3
420027,ANMED HEALTH,ANDERSON,SC,ANDERSON,4,False,71.0,626.0,3.7,23.0
420030,COLLETON MEDICAL CENTER,WALTERBORO,SC,COLLETON,3,False,70.0,357.0,4.3,22.4
420033,PRISMA HEALTH GREER MEMORIAL HOSPITAL,SPARTANBURG,SC,SPARTANBURG,5,False,81.0,749.0,3.2,19.9
420036,MUSC HEALTH LANCASTER MEDICAL CENTER,LANCASTER,SC,LANCASTER,4,False,67.0,608.0,4.0,22.8
420037,PRISMA HEALTH HILLCREST HOSPITAL,SIMPSONVILLE,SC,GREENVILLE,4,False,72.0,487.0,3.8,21.1
420038,PRISMA HEALTH LAURENS COUNTY HOSPITAL,CLINTON,SC,LAURENS,4,False,71.0,257.0,2.9,21.3
420043,CHEROKEE MEDICAL CENTER,GAFFNEY,SC,CHEROKEE,2,False,71.0,138.0,4.1,23.1
420048,KERSHAWHEALTH,CAMDEN,SC,KERSHAW,3,False,61.0,434.0,4.3,20.1
420049,CONWAY MEDICAL CENTER,CONWAY,SC,HORRY,2,False,69.0,748.0,4.8,21.3
420051,MCLEOD REGIONAL MEDICAL CENTER-PEE DEE,FLORENCE,SC,FLORENCE,3,False,74.0,957.0,3.0,23.9
420053,NEWBERRY COUNTY MEMORIAL HOSPITAL,NEWBERRY,SC,NEWBERRY,3,False,85.0,212.0,4.5,21.2
420055,MUSC HEALTH MARION MEDICAL CENTER,MULLINS,SC,MARION,3,False,76.0,128.0,3.6,20.9
420065,BON SECOURS-ST FRANCIS XAVIER HOSPITAL,CHARLESTON,SC,CHARLESTON,3,False,76.0,1697.0,3.4,21.3
420067,BEAUFORT COUNTY MEMORIAL HOSPITAL,BEAUFORT,SC,BEAUFORT,4,False,61.0,825.0,4.2,21.1
420070,PRISMA HEALTH TUOMEY HOSPITAL,SUMTER,SC,SUMTER,3,False,61.0,751.0,3.5,25.1
420071,SELF REGIONAL HEALTHCARE,GREENWOOD,SC,GREENWOOD,4,False,72.0,1000.0,5.5,20.4
420072,HAMPTON REGIONAL MEDICAL CENTER,VARNVILLE,SC,HAMPTON,Not Available,False,,,3.9,19.6
420073,LEXINGTON MEDICAL CENTER,WEST COLUMBIA,SC,LEXINGTON,3,False,80.0,4647.0,3.7,22.8
420078,PRISMA HEALTH GREENVILLE MEMORIAL HOSPITAL,GREENVILLE,SC,GREENVILLE,4,False,66.0,2694.0,2.9,19.0
420079,TRIDENT MEDICAL CENTER,CHARLESTON,SC,CHARLESTON,3,False,66.0,1239.0,3.4,19.6
420080,NOVANT HEALTH HILTON HEAD MEDICAL CENTER,HILTON HEAD ISLAND,SC,BEAUFORT,2,False,56.0,524.0,4.0,22.9
420082,AIKEN REGIONAL MEDICAL CENTER,AIKEN,SC,AIKEN,2,False,63.0,694.0,5.2,23.6
420085,GRAND STRAND REGIONAL MEDICAL CENTER,MYRTLE BEACH,SC,HORRY,2,False,69.0,605.0,3.4,21.6
420086,PRISMA HEALTH BAPTIST,COLUMBIA,SC,RICHLAND,4,False,72.0,835.0,3.3,22.9
420087,ROPER HOSPITAL,CHARLESTON,SC,CHARLESTON,4,False,78.0,2725.0,2.8,20.4
420089,NOVANT HEALTH EAST COOPER MEDICAL CENTER,MOUNT PLEASANT,SC,CHARLESTON,4,False,73.0,479.0,3.7,21.3
420091,MUSC HEALTH FLORENCE MEDICAL CENTER,FLORENCE,SC,FLORENCE,3,False,72.0,1010.0,3.7,23.4
420098,TIDELANDS WACCAMAW COMMUNITY HOSPITAL,MURRELLS INLET,SC,HORRY,4,False,73.0,581.0,4.3,23.3
420101,COASTAL CAROLINA HOSPITAL,HARDEEVILLE,SC,JASPER,4,False,62.0,469.0,4.5,21.1
420102,PRISMA HEALTH  PATEWOOD HOSPITAL,GREENVILLE,SC,GREENVILLE,5,False,81.0,445.0,4.0,
420103,PELHAM MEDICAL CENTER,GREER,SC,GREENVILLE,5,False,85.0,543.0,3.7,19.6
420104,MOUNT PLEASANT HOSPITAL,MOUNT PLEASANT,SC,CHARLESTON,5,False,82.0,783.0,3.3,22.7
420105,MCLEOD LORIS  HOSPITAL,LORIS,SC,HORRY,4,False,77.0,1010.0,4.1,22.8
420106,PRISMA HEALTH BAPTIST PARKRIDGE,COLUMBIA,SC,LEXINGTON,4,False,75.0,752.0,3.4,20.3
420107,MCLEOD HEALTH CHERAW,CHERAW,SC,CHESTERFIELD,3,False,74.0,190.0,4.2,22.5
420108,UNION MEDICAL CENTER,UNION,SC,UNION,Not Available,False,,,4.5,20.5
420109,MCLEOD HEALTH CLARENDON,MANNING,SC,CLARENDON,3,False,70.0,343.0,3.3,21.3
420110,ROPER ST FRANCIS HOSPITAL-BERKELEY INC,SUMMERVILLE,SC,DORCHESTER,5,False,80.0,609.0,3.7,21.5
430005,"PRAIRIE LAKES HEALTHCARE SYSTEM, INC",WATERTOWN,SD,CODINGTON,3,False,69.0,302.0,4.5,22.7
430008,BROOKINGS HEALTH SYSTEM,BROOKINGS,SD,BROOKINGS,4,False,80.0,316.0,3.9,21.1
430012,AVERA SACRED HEART HOSPITAL,YANKTON,SD,YANKTON,3,False,70.0,439.0,3.8,21.4
430014,AVERA ST LUKES,ABERDEEN,SD,BROWN,4,False,77.0,547.0,3.8,21.2
430015,AVERA ST MARY'S HOSPITAL,PIERRE,SD,HUGHES,2,False,71.0,263.0,3.8,21.2
430016,AVERA MCKENNAN HOSPITAL & UNIVERSITY HEALTH CENTER,SIOUX FALLS,SD,MINNEHAHA,4,False,74.0,711.0,3.3,21.2
430027,SANFORD USD MEDICAL CENTER,SIOUX FALLS,SD,MINNEHAHA,5,False,73.0,372.0,3.2,20.5
430048,MONUMENT HEALTH SPEARFISH HOSPITAL,SPEARFISH,SD,LAWRENCE,4,False,75.0,115.0,3.7,20.9
430077,MONUMENT HEALTH RAPID CITY HOSPITAL,RAPID CITY,SD,PENNINGTON,3,False,65.0,1948.0,3.2,19.2
430084,PHS INDIAN HOSPITAL AT ROSEBUD,ROSEBUD,SD,TODD,Not Available,False,,,4.0,
430089,DUNES SURGICAL HOSPITAL,DAKOTA DUNES,SD,UNION,Not Available,False,81.0,158.0,3.8,
430090,SIOUX FALLS SPECIALTY HOSPITAL,SIOUX FALLS,SD,MINNEHAHA,Not Available,False,82.0,173.0,4.0,
430091,BLACK HILLS SURGICAL HOSPITAL LLC,RAPID CITY,SD,PENNINGTON,Not Available,False,88.0,392.0,3.3,
430093,SAME DAY SURGERY CENTER LLC,RAPID CITY,SD,PENNINGTON,Not Available,False,,,,
430095,AVERA HEART HOSPITAL OF SOUTH DAKOTA,SIOUX FALLS,SD,LINCOLN,5,False,86.0,976.0,3.6,20.1
430097,SANFORD MEDICAL CENTER ABERDEEN,ABERDEEN,SD,BROWN,4,False,75.0,208.0,4.1,20.8
430098,PINE RIDGE IHS HOSPITAL,PINE RIDGE,SD,OGLALA LAKOTA COUNTY,Not Available,False,,,3.6,
440002,JACKSON-MADISON COUNTY GENERAL HOSPITAL,JACKSON,TN,MADISON,3,False,70.0,2020.0,4.1,20.5
440003,HIGHPOINT HEALTH-SUMNER WITH ASCENSION SAINT THOMA,GALLATIN,TN,SUMNER,3,False,63.0,1050.0,4.4,22.2
440006,TRISTAR SKYLINE MEDICAL CENTER,NASHVILLE,TN,DAVIDSON,2,False,68.0,622.0,4.0,20.9
440007,UNITY MEDICAL CENTER,MANCHESTER,TN,COFFEE,3,False,100.0,139.0,5.9,20.9
440008,HENDERSON COUNTY COMMUNITY HOSPITAL,LEXINGTON,TN,HENDERSON,Not Available,False,73.0,112.0,8.4,
440009,CUMBERLAND MEDICAL CENTER,CROSSVILLE,TN,CUMBERLAND,4,False,66.0,540.0,4.6,20.2
440011,BLOUNT MEMORIAL HOSPITAL,MARYVILLE,TN,BLOUNT,2,False,61.0,539.0,5.8,20.6
440012,WELLMONT BRISTOL REGIONAL MEDICAL CENTER,BRISTOL,TN,SULLIVAN,2,False,61.0,1494.0,4.2,22.6
440015,"UNIVERSITY HEALTH SYSTEM, INC",KNOXVILLE,TN,KNOX,4,False,73.0,1645.0,3.7,20.4
440016,BAPTIST MEMORIAL HOSPITAL - CARROLL COUNTY,HUNTINGDON,TN,CARROLL,4,False,74.0,130.0,4.7,20.8
440017,WELLMONT HOLSTON VALLEY MEDICAL CENTER,KINGSPORT,TN,SULLIVAN,2,False,61.0,1342.0,4.4,22.3
440018,SYCAMORE SHOALS HOSPITAL,ELIZABETHTON,TN,CARTER,2,False,74.0,441.0,3.9,20.7
440020,SOUTHERN TENNESSEE REGIONAL HEALTH SYSTEM PULASKI,PULASKI,TN,GILES,3,False,62.0,117.0,4.1,20.5
440029,WILLIAMSON MEDICAL CENTER,FRANKLIN,TN,WILLIAMSON,5,False,77.0,734.0,4.5,19.1
440030,MORRISTOWN HAMBLEN HOSPITAL ASSOCIATION,MORRISTOWN,TN,HAMBLEN,2,False,65.0,647.0,4.5,20.4
440031,ROANE MEDICAL CENTER,HARRIMAN,TN,ROANE,4,False,76.0,479.0,4.0,22.0
440032,HAWKINS COUNTY MEMORIAL HOSPITAL,ROGERSVILLE,TN,HAWKINS,Not Available,False,,,4.5,21.7
440033,LAFOLLETTE MEDICAL CENTER,LA FOLLETTE,TN,CAMPBELL,3,False,59.0,191.0,4.4,21.3
440034,METHODIST MEDICAL CENTER OF OAK RIDGE,OAK RIDGE,TN,ANDERSON,4,False,72.0,942.0,4.0,22.4
440035,VANDERBILT CLARKSVILLE HOSPITAL,CLARKSVILLE,TN,MONTGOMERY,1,False,44.0,640.0,5.6,23.0
440039,VANDERBILT UNIVERSITY MEDICAL CENTER,NASHVILLE,TN,DAVIDSON,5,False,76.0,1643.0,2.9,19.1
440046,TRISTAR HORIZON MEDICAL CENTER,DICKSON,TN,DICKSON,3,False,71.0,631.0,4.7,22.1
440048,BAPTIST MEMORIAL HOSPITAL,MEMPHIS,TN,SHELBY,3,False,65.0,2087.0,2.9,21.1
440049,METHODIST HOSPITALS OF MEMPHIS,MEMPHIS,TN,SHELBY,3,False,64.0,3470.0,4.1,21.0
440050,GREENEVILLE COMMUNITY HOSPITAL,GREENEVILLE,TN,GREENE,2,False,64.0,593.0,4.8,22.1
440053,SAINT THOMAS RUTHERFORD HOSPITAL,MURFREESBORO,TN,RUTHERFORD,3,False,65.0,466.0,3.9,20.4
440056,TENNOVA HEALTHCARE-JEFFERSON MEMORIAL HOSPITAL,JEFFERSON CITY,TN,JEFFERSON,2,False,67.0,323.0,4.7,22.0
440057,CLAIBORNE MEDICAL CENTER,TAZEWELL,TN,CLAIBORNE,Not Available,False,70.0,147.0,5.0,21.7
440058,SOUTHERN TENNESSEE REGIONAL HEALTH SYSTEM WINCHEST,WINCHESTER,TN,FRANKLIN,3,False,67.0,434.0,4.7,20.3
440059,COOKEVILLE REGIONAL MEDICAL CENTER,COOKEVILLE,TN,PUTNAM,2,False,69.0,627.0,4.1,21.7
440060,WEST TENNESSEE HEALTHCARE MILAN HOSPITAL,MILAN,TN,GIBSON,Not Available,False,82.0,103.0,4.4,
440061,VOLUNTEER COMMUNITY HOSPITAL,MARTIN,TN,WEAKLEY,2,False,77.0,140.0,4.4,20.9
440063,JOHNSON CITY MEDICAL CENTER,JOHNSON CITY,TN,WASHINGTON,1,False,58.0,1356.0,4.2,22.4
440065,TRISTAR NORTHCREST MEDICAL CENTER,SPRINGFIELD,TN,ROBERTSON,3,False,71.0,595.0,3.6,22.4
440068,STARR REGIONAL MEDICAL CENTER ATHENS,ATHENS,TN,MC MINN,3,False,62.0,347.0,4.8,20.3
440072,DYERSBURG REGIONAL MEDICAL CENTER,DYERSBURG,TN,DYER,4,False,68.0,321.0,4.5,21.0
440073,MAURY REGIONAL HOSPITAL,COLUMBIA,TN,MAURY,3,False,76.0,448.0,5.0,23.1
440081,LECONTE MEDICAL CENTER,SEVIERVILLE,TN,SEVIER,5,False,75.0,635.0,3.9,20.5
440082,ASCENSION SAINT THOMAS HOSPITAL,NASHVILLE,TN,DAVIDSON,3,False,74.0,448.0,3.3,17.4
440084,SWEETWATER HOSPITAL ASSOCIATION,SWEETWATER,TN,MONROE,1,False,66.0,279.0,5.9,23.6
440091,"MEMORIAL HEALTHCARE SYSTEM, INC",CHATTANOOGA,TN,HAMILTON,5,False,77.0,606.0,3.8,19.0
440102,LINCOLN MEDICAL CENTER,FAYETTEVILLE,TN,LINCOLN,3,False,71.0,115.0,4.9,21.8
440104,ERLANGER MEDICAL CENTER,CHATTANOOGA,TN,HAMILTON,4,False,67.0,800.0,3.5,20.5
440109,HARDIN MEDICAL CENTER,SAVANNAH,TN,HARDIN,2,False,68.0,193.0,5.7,21.3
440110,FORT LOUDOUN MEDICAL CENTER,LENOIR CITY,TN,LOUDON,4,False,67.0,413.0,3.5,22.8
440111,METRO NASHVILLE GENERAL HOSPITAL,NASHVILLE,TN,DAVIDSON,4,False,69.0,123.0,3.7,
440120,PHYSICIANS REGIONAL MEDICAL CENTER,POWELL,TN,KNOX,3,False,68.0,1762.0,4.4,22.5
440125,FORT SANDERS REGIONAL MEDICAL CENTER,KNOXVILLE,TN,KNOX,3,False,67.0,1219.0,4.2,22.4
440130,BAPTIST MEMORIAL HOSPITAL UNION CITY,UNION CITY,TN,OBION,4,False,73.0,321.0,4.9,20.6
440131,BAPTIST MEMORIAL HOSPITAL TIPTON,COVINGTON,TN,TIPTON,3,False,75.0,171.0,3.8,23.4
440132,WEST TENNESSEE HEALTHCARE HENRY COUNTY HOSPITAL,PARIS,TN,HENRY,3,False,72.0,289.0,4.5,20.7
440137,VANDERBILT BEDFORD HOSPITAL,SHELBYVILLE,TN,BEDFORD,4,False,70.0,245.0,3.6,20.0
440144,VANDERBILT TULLAHOMA-HARTON HOSPITAL,TULLAHOMA,TN,COFFEE,3,False,68.0,512.0,4.4,20.8
440148,DEKALB COMMUNITY HOSPITAL,SMITHVILLE,TN,DE KALB,Not Available,False,,,3.7,
440150,TRISTAR SUMMIT MEDICAL CENTER,HERMITAGE,TN,DAVIDSON,4,False,67.0,736.0,3.7,22.5
440151,SAINT THOMAS RIVER PARK HOSPITAL,MCMINNVILLE,TN,WARREN,3,False,68.0,350.0,4.6,21.5
440152,REGIONAL ONE HEALTH,MEMPHIS,TN,SHELBY,1,False,61.0,1209.0,4.5,20.7
440153,TENNOVA HEALTHCARE - NEWPORT MEDICAL CENTER,NEWPORT,TN,COCKE,4,False,71.0,238.0,3.7,22.4
440156,PARKRIDGE MEDICAL CENTER,CHATTANOOGA,TN,HAMILTON,4,False,71.0,1383.0,3.8,20.5
440159,DELTA SPECIALTY HOSPITAL,MEMPHIS,TN,SHELBY,Not Available,False,,,,
440161,TRISTAR CENTENNIAL MEDICAL CENTER,NASHVILLE,TN,DAVIDSON,4,False,75.0,648.0,3.3,19.2
440173,PARKWEST MEDICAL CENTER,KNOXVILLE,TN,KNOX,3,False,69.0,1528.0,3.9,20.3
440175,SOUTHERN TENNESSEE REGIONAL HEALTH SYSTEM LAWRENCE,LAWRENCEBURG,TN,LAWRENCE,3,False,71.0,291.0,5.6,21.0
440176,INDIAN PATH COMMUNITY HOSPITAL,KINGSPORT,TN,SULLIVAN,Not Available,False,72.0,382.0,3.9,21.1
440183,ST FRANCIS HOSPITAL,MEMPHIS,TN,SHELBY,1,False,51.0,949.0,4.9,24.1
440184,FRANKLIN WOODS COMMUNITY HOSPITAL,JOHNSON CITY,TN,WASHINGTON,3,False,76.0,1221.0,3.6,20.0
440185,AFFILIATE OF VITRUVIAN HEALTH,CLEVELAND,TN,BRADLEY,2,False,60.0,574.0,4.4,20.3
440187,LIVINGSTON REGIONAL HOSPITAL,LIVINGSTON,TN,OVERTON,2,False,71.0,278.0,4.7,20.2
440192,SAINT THOMAS HIGHLANDS HOSPITAL,SPARTA,TN,WHITE,Not Available,False,80.0,115.0,5.2,
440193,VANDERBILT WILSON COUNTY HOSPITAL,LEBANON,TN,WILSON,5,False,72.0,637.0,3.5,20.1
440194,TRISTAR HENDERSONVILLE MEDICAL CENTER,HENDERSONVILLE,TN,SUMNER,4,False,68.0,687.0,3.8,22.3
440197,TRISTAR SOUTHERN HILLS MEDICAL CENTER,NASHVILLE,TN,DAVIDSON,4,False,72.0,519.0,3.9,22.3
440200,STONES RIVER HOSPITAL,WOODBURY,TN,CANNON,Not Available,False,,,4.0,
440218,SAINT THOMAS HOSPITAL FOR SPINAL SURGERY,NASHVILLE,TN,DAVIDSON,Not Available,False,78.0,261.0,3.4,
440227,TRISTAR STONECREST MEDICAL CENTER,SMYRNA,TN,RUTHERFORD,4,False,71.0,502.0,3.9,22.1
440228,SAINT FRANCIS BARTLETT MEDICAL CENTER,BARTLETT,TN,SHELBY,1,False,56.0,871.0,4.6,21.8
440231,TRUSTPOINT HOSPITAL,MURFREESBORO,TN,RUTHERFORD,Not Available,False,,,,
440238,HAYWOOD COUNTY COMMUNITY HOSPITAL,BROWNSVILLE,TN,HAYWOOD,Not Available,False,,,5.2,
450002,THE HOSPITALS OF PROVIDENCE - MEMORIAL CAMPUS,EL PASO,TX,EL PASO,2,False,54.0,541.0,3.7,20.6
450007,PETERSON REGIONAL MEDICAL CENTER,KERRVILLE,TX,KERR,4,False,80.0,779.0,4.3,21.0
450010,UNITED REGIONAL HEALTH CARE SYSTEM,WICHITA FALLS,TX,WICHITA,3,False,71.0,488.0,4.3,23.9
450011,CHI ST JOSEPH HEALTH REGIONAL HOSPITAL,BRYAN,TX,BRAZOS,2,False,66.0,1193.0,3.3,21.3
450015,PARKLAND HEALTH & HOSPITAL SYSTEM,DALLAS,TX,DALLAS,3,True,70.0,1989.0,2.6,20.5
450018,UNIVERSITY OF TEXAS MEDICAL BRANCH GALVESTON,GALVESTON,TX,GALVESTON,3,False,73.0,1536.0,2.8,22.2
450021,BAYLOR UNIVERSITY MEDICAL CENTER,DALLAS,TX,DALLAS,4,True,71.0,2542.0,2.5,22.6
450023,CITIZENS MEDICAL CENTER,VICTORIA,TX,VICTORIA,3,False,73.0,964.0,4.3,21.2
450024,UNIVERSITY MEDICAL CENTER OF EL PASO,EL PASO,TX,EL PASO,3,False,67.0,2426.0,4.7,21.0
450028,VALLEY BAPTIST MEDICAL CENTER- BROWNSVILLE,BROWNSVILLE,TX,CAMERON,3,False,57.0,428.0,3.6,20.9
450029,LAREDO MEDICAL CENTER,LAREDO,TX,WEBB,4,False,58.0,386.0,3.5,22.6
450032,CHRISTUS GOOD SHEPHERD MEDICAL CENTER,LONGVIEW,TX,GREGG,4,False,74.0,503.0,3.5,22.8
450033,VHS HARLINGEN HOSPITAL COMPANY LLC,HARLINGEN,TX,CAMERON,2,False,63.0,727.0,3.5,20.1
450034,CHRISTUS SOUTHEAST TEXAS- ST ELIZABETH,BEAUMONT,TX,JEFFERSON,4,False,65.0,455.0,5.3,22.0
450035,ST JOSEPH MEDICAL CENTER,HOUSTON,TX,HARRIS,3,False,58.0,267.0,4.6,22.4
450039,JPS HEALTH NETWORK,FORT WORTH,TX,TARRANT,4,True,69.0,2442.0,3.6,21.2
450040,COVENANT MEDICAL CENTER,LUBBOCK,TX,LUBBOCK,3,False,70.0,868.0,3.8,20.2
450042,ASCENSION PROVIDENCE,WACO,TX,MC LENNAN,2,False,70.0,375.0,4.9,21.4
450044,UT OF TEXAS  SOUTHWESTERN UNIVERSITY HOSPITAL - WILLIAM P. CLEMENTS JR.,DALLAS,TX,DALLAS,4,True,83.0,3378.0,2.4,19.2
450046,CHRISTUS SPOHN HOSPITAL CORPUS CHRISTI,CORPUS CHRISTI,TX,NUECES,3,False,72.0,474.0,4.9,18.9
450051,METHODIST DALLAS MEDICAL CENTER,DALLAS,TX,DALLAS,3,True,75.0,1126.0,3.8,19.6
450054,BAYLOR SCOTT & WHITE MEDICAL CENTER - TEMPLE,TEMPLE,TX,BELL,5,False,74.0,2016.0,3.0,19.3
450055,ROLLING PLAINS MEMORIAL HOSPITAL,SWEETWATER,TX,NOLAN,Not Available,False,86.0,118.0,5.4,21.9
450056,ASCENSION SETON MEDICAL CENTER AUSTIN,AUSTIN,TX,TRAVIS,3,False,65.0,447.0,3.3,20.3
450058,BAPTIST MEDICAL CENTER,SAN ANTONIO,TX,BEXAR,3,False,66.0,3690.0,4.8,19.8
450064,TEXAS HEALTH ARLINGTON MEMORIAL HOSPITAL,ARLINGTON,TX,TARRANT,4,True,70.0,889.0,3.7,21.6
450068,MEMORIAL HERMANN - TEXAS MEDICAL CENTER,HOUSTON,TX,HARRIS,4,False,72.0,2509.0,2.8,21.4
450072,CHI ST LUKE'S HEALTH BRAZOSPORT,LAKE JACKSON,TX,BRAZORIA,4,False,68.0,477.0,4.0,23.0
450079,BAYLOR SCOTT & WHITE MEDICAL CENTER AT IRVING,IRVING,TX,DALLAS,5,True,75.0,821.0,2.7,21.1
450080,TITUS REGIONAL MEDICAL CENTER,MOUNT PLEASANT,TX,TITUS,3,False,68.0,437.0,3.9,21.8
450082,CHRISTUS SPOHN HOSPITAL BEEVILLE,BEEVILLE,TX,BEE,2,False,59.0,142.0,3.7,21.4
450083,UT HEALTH EAST TEXAS TYLER REGIONAL HOSPITAL,TYLER,TX,SMITH,2,False,65.0,1615.0,4.5,22.2
450087,MEDICAL CITY NORTH HILLS,NORTH RICHLAND HILLS,TX,TARRANT,2,True,71.0,540.0,3.8,23.7
450090,NORTH TEXAS MEDICAL CENTER,GAINESVILLE,TX,COOKE,4,False,71.0,300.0,3.9,20.2
450092,FORT DUNCAN MEDICAL CENTER,EAGLE PASS,TX,MAVERICK,3,False,59.0,143.0,4.7,22.5
450097,HCA HOUSTON HEALTHCARE SOUTHEAST,PASADENA,TX,HARRIS,3,False,67.0,708.0,3.6,21.1
450101,BAYLOR SCOTT & WHITE MEDICAL CENTER HILLCREST,WACO,TX,MC LENNAN,4,False,78.0,1536.0,3.7,21.7
450102,CHRISTUS MOTHER FRANCES HOSPITAL,TYLER,TX,SMITH,4,False,72.0,561.0,4.0,20.7
450104,GUADALUPE REGIONAL MEDICAL CENTER,SEGUIN,TX,GUADALUPE,2,False,84.0,296.0,5.1,21.7
450107,LAS PALMAS MEDICAL CENTER A CAMPUS OF LPDS HEALTHC,EL PASO,TX,EL PASO,2,False,64.0,1372.0,3.7,22.3
450108,CONNALLY MEMORIAL MEDICAL CENTER,FLORESVILLE,TX,WILSON,3,False,,,5.4,21.5
450119,SOUTH TEXAS HEALTH SYSTEM,EDINBURG,TX,HIDALGO,4,False,67.0,1529.0,3.1,22.0
450124,DELL SETON  MED CENTER AT THE UNIVERSITY OF TX,AUSTIN,TX,TRAVIS,4,False,78.0,431.0,3.2,21.8
450128,KNAPP MEDICAL CENTER,WESLACO,TX,HIDALGO,5,False,63.0,418.0,3.1,20.3
450132,MEDICAL CENTER HOSPITAL,ODESSA,TX,ECTOR,3,False,69.0,2131.0,4.1,20.5
450133,MIDLAND MEMORIAL HOSPITAL,MIDLAND,TX,MIDLAND,1,False,62.0,783.0,4.2,20.1
450135,TEXAS HEALTH HARRIS METHODIST FORT WORTH,FORT WORTH,TX,TARRANT,4,True,75.0,3735.0,2.5,20.3
450137,BAYLOR SCOTT AND WHITE ALL SAINTS MEDICAL CENTER,FORT WORTH,TX,TARRANT,4,True,74.0,1160.0,2.7,20.9
450144,PERMIAN REGIONAL MEDICAL CENTER ANDREWS COUNTY HO,ANDREWS,TX,ANDREWS,Not Available,False,,,4.7,
450147,DE TAR HOSPITAL NAVARRO,VICTORIA,TX,VICTORIA,2,False,65.0,443.0,4.2,21.8
450148,TEXAS HEALTH HARRIS METHODIST HOSPITAL CLEBURNE,CLEBURNE,TX,JOHNSON,5,True,72.0,327.0,3.8,19.9
450152,ADVENTHEALTH CENTRAL TEXAS,KILLEEN,TX,BELL,3,False,76.0,492.0,3.7,23.1
450154,VAL VERDE REGIONAL MEDICAL CENTER,DEL RIO,TX,VAL VERDE,3,False,59.0,103.0,4.9,20.3
450155,HEREFORD REGIONAL MEDICAL CENTER,HEREFORD,TX,DEAF SMITH,Not Available,False,,,4.6,
450162,GRACE SURGICAL HOSPITAL,LUBBOCK,TX,LUBBOCK,Not Available,False,,,3.9,
450163,CHRISTUS SPOHN HOSPITAL KLEBERG,KINGSVILLE,TX,KLEBERG,2,False,71.0,189.0,4.2,20.1
450165,METHODIST HOSPITAL ATASCOSA,JOURDANTON,TX,ATASCOSA,3,False,69.0,139.0,4.2,21.1
450176,MISSION REGIONAL MEDICAL CENTER,MISSION,TX,HIDALGO,4,False,67.0,531.0,3.9,22.9
450184,MEMORIAL HERMANN HOSPITAL SYSTEM,HOUSTON,TX,HARRIS,3,False,72.0,2132.0,3.0,21.4
450193,Baylor St Lukes Medical Center,HOUSTON,TX,HARRIS,4,False,70.0,518.0,2.9,20.0
450194,UT HEALTH EAST TEXAS JACKSONVILLE HOSPITAL,JACKSONVILLE,TX,CHEROKEE,Not Available,False,75.0,149.0,3.9,21.9
450196,PARIS REGIONAL MEDICAL CENTER,PARIS,TX,LAMAR,1,False,56.0,1114.0,5.2,22.5
450200,WADLEY REGIONAL MEDICAL CENTER,TEXARKANA,TX,BOWIE,Not Available,False,,,,
450203,MEDICAL CITY WEATHERFORD,WEATHERFORD,TX,PARKER,2,True,69.0,700.0,4.7,23.3
450209,NORTHWEST TEXAS HOSPITAL,AMARILLO,TX,POTTER,3,False,65.0,671.0,3.8,21.8
450210,UT HEALTH EAST TEXAS CARTHAGE HOSPITAL,CARTHAGE,TX,PANOLA,5,False,,,4.3,21.2
450211,CHI ST LUKES HEALTH MEMORIAL LUFKIN,LUFKIN,TX,ANGELINA,2,False,71.0,521.0,4.5,21.3
450213,UNIVERSITY HEALTH SYSTEM,SAN ANTONIO,TX,BEXAR,3,False,77.0,2347.0,3.6,20.6
450222,HCA HOUSTON HEALTHCARE CONROE,CONROE,TX,MONTGOMERY,2,False,61.0,554.0,4.2,22.7
450229,HENDRICK MEDICAL CENTER,ABILENE,TX,TAYLOR,3,False,63.0,359.0,4.2,19.9
450231,BSA HOSPITAL,AMARILLO,TX,POTTER,2,False,73.0,1676.0,4.7,19.7
450235,MEMORIAL HOSPITAL,GONZALES,TX,GONZALES,Not Available,False,,,5.1,
450236,CHRISTUS MOTHER FRANCES HOSPITAL SULPHUR SPRINGS,SULPHUR SPRINGS,TX,HOPKINS,4,False,82.0,402.0,4.2,19.2
450237,CHRISTUS SANTA ROSA MEDICAL CENTER,SAN ANTONIO,TX,BEXAR,3,False,72.0,485.0,4.5,20.7
450241,FAITH COMMUNITY HOSPITAL,JACKSBORO,TX,JACK,Not Available,False,,,4.0,
450253,BELLVILLE MEDICAL CENTER,BELLVILLE,TX,AUSTIN,Not Available,False,,,,
450272,CHRISTUS SANTA ROSA HOSPITAL-SAN MARCOS,SAN MARCOS,TX,HAYS,4,False,71.0,848.0,3.8,21.6
450289,HARRIS HEALTH,HOUSTON,TX,HARRIS,3,False,71.0,530.0,3.4,21.0
450292,TEXAS HEALTH PRESBYTERIAN HOSPITAL KAUFMAN,KAUFMAN,TX,KAUFMAN,Not Available,True,79.0,141.0,4.0,20.8
450324,TEXOMA MEDICAL CENTER,DENISON,TX,GRAYSON,4,False,65.0,622.0,3.3,22.6
450330,OAKBEND MEDICAL CENTER,RICHMOND,TX,FORT BEND,3,False,60.0,227.0,4.9,22.4
450346,BAPTIST BEAUMONT HOSPITAL,BEAUMONT,TX,JEFFERSON,3,False,69.0,1200.0,5.5,21.1
450347,HUNTSVILLE MEMORIAL HOSPITAL,HUNTSVILLE,TX,WALKER,2,False,64.0,314.0,4.5,23.4
450351,TEXAS HEALTH HARRIS METHODIST HOSPITAL STEPHENVILL,STEPHENVILLE,TX,ERATH,4,False,79.0,190.0,3.7,20.7
450352,HUNT REGIONAL MEDICAL CENTER,GREENVILLE,TX,HUNT,2,True,62.0,686.0,4.7,21.3
450358,HOUSTON METHODIST HOSPITAL,HOUSTON,TX,HARRIS,5,False,79.0,7035.0,2.1,18.9
450369,CHILDRESS REGIONAL MEDICAL CENTER,CHILDRESS,TX,CHILDRESS,Not Available,False,,,3.7,21.4
450370,COLUMBUS COMMUNITY HOSPITAL,COLUMBUS,TX,COLORADO,2,False,67.0,119.0,4.7,21.6
450372,BAYLOR SCOTT & WHITE MEDICAL CENTER- WAXAHACHIE,WAXAHACHIE,TX,ELLIS,4,True,75.0,589.0,3.1,21.5
450379,DALLAS MEDICAL CENTER,DALLAS,TX,DALLAS,3,True,60.0,214.0,4.1,20.5
450388,METHODIST HOSPITAL,SAN ANTONIO,TX,BEXAR,4,False,69.0,4150.0,3.3,21.1
450389,UT HEALTH EAST TEXAS ATHENS HOSPITAL,ATHENS,TX,HENDERSON,2,False,72.0,322.0,4.7,22.8
450395,CHI ST LUKES HEALTH MEMORIAL LIVINGSTON,LIVINGSTON,TX,POLK,4,False,75.0,146.0,3.7,20.8
450399,BROWNFIELD REGIONAL MEDICAL CENTER,BROWNFIELD,TX,TERRY,Not Available,False,,,4.4,
450400,PARKVIEW REGIONAL HOSPITAL,MEXIA,TX,LIMESTONE,Not Available,False,,,4.4,21.7
450403,MEDICAL CENTER OF MCKINNEY,MCKINNEY,TX,COLLIN,3,True,67.0,688.0,3.6,23.9
450419,TEXAS HEALTH HARRIS METHODIST HOSPITAL AZLE,AZLE,TX,TARRANT,4,True,67.0,196.0,3.9,20.6
450422,BAYLOR SCOTT AND WHITE MEDICAL CENTER UPTOWN,DALLAS,TX,DALLAS,Not Available,True,,,4.1,
450424,HOUSTON METHODIST BAYTOWN HOSPITAL,BAYTOWN,TX,HARRIS,5,False,79.0,1585.0,2.7,19.2
450431,ST DAVID'S MEDICAL CENTER,AUSTIN,TX,TRAVIS,4,False,73.0,1827.0,3.3,20.5
450447,NAVARRO REGIONAL HOSPITAL,CORSICANA,TX,NAVARRO,2,False,61.0,213.0,3.7,24.1
450451,GLEN ROSE MEDICAL CENTER,GLEN ROSE,TX,SOMERVELL,Not Available,False,,,4.5,
450460,TYLER COUNTY HOSPITAL,WOODVILLE,TX,TYLER,Not Available,False,,,4.2,
450462,TEXAS HEALTH PRESBYTERIAN HOSPITAL DALLAS,DALLAS,TX,DALLAS,4,True,69.0,1857.0,3.0,19.5
450465,MATAGORDA REGIONAL MEDICAL CENTER,BAY CITY,TX,MATAGORDA,5,False,75.0,145.0,4.2,20.5
450469,WILSON N JONES REGIONAL MEDICAL CENTER,SHERMAN,TX,GRAYSON,2,False,55.0,167.0,4.6,21.8
450475,UT HEALTH EAST TEXAS HENDERSON HOSPITAL,HENDERSON,TX,RUSK,5,False,71.0,129.0,4.5,20.5
450484,WOODLAND HEIGHTS MEDICAL CENTER,LUFKIN,TX,ANGELINA,3,False,64.0,424.0,4.1,22.1
450489,MEDICAL ARTS HOSPITAL,LAMESA,TX,DAWSON,Not Available,False,,,4.1,
450508,NACOGDOCHES MEMORIAL HOSPITAL,NACOGDOCHES,TX,NACOGDOCHES,2,False,71.0,142.0,4.6,21.7
450518,THE MEDICAL CENTER OF SOUTHEAST TEXAS,PORT ARTHUR,TX,JEFFERSON,3,False,61.0,308.0,4.4,21.9
450537,METHODIST RICHARDSON MEDICAL CENTER,RICHARDSON,TX,COLLIN,4,True,79.0,1275.0,4.2,20.4
450539,COVENANT HOSPITAL PLAINVIEW,PLAINVIEW,TX,HALE,4,False,71.0,144.0,4.4,21.0
450563,BAYLOR SCOTT & WHITE MEDICAL CENTER  GRAPEVINE,GRAPEVINE,TX,TARRANT,4,True,77.0,1448.0,2.9,23.1
450565,PALO PINTO GENERAL HOSPITAL,MINERAL WELLS,TX,PALO PINTO,3,False,68.0,127.0,4.5,21.3
450571,SHANNON MEDICAL CENTER,SAN ANGELO,TX,TOM GREEN,3,False,68.0,483.0,3.7,20.6
450573,CHRISTUS JASPER MEMORIAL HOSPITAL,JASPER,TX,JASPER,4,False,,,3.7,20.9
450584,WILBARGER GENERAL HOSPITAL,VERNON,TX,WILBARGER,Not Available,False,,,5.4,
450587,HENDRICK MEDICAL CENTER BROWNWOOD,BROWNWOOD,TX,BROWN,1,False,57.0,392.0,5.4,21.3
450596,LAKE GRANBURY MEDICAL CENTER,GRANBURY,TX,HOOD,3,False,57.0,449.0,4.2,22.6
450597,CUERO REGIONAL HOSPITAL,CUERO,TX,DE WITT,4,False,,,4.0,21.3
450604,HILL COUNTRY MEMORIAL HOSPITAL,FREDERICKSBURG,TX,GILLESPIE,4,False,74.0,420.0,4.6,21.8
450610,MEMORIAL HERMANN MEMORIAL CITY HOSPITAL,HOUSTON,TX,HARRIS,4,False,70.0,902.0,3.1,21.3
450617,HCA HOUSTON HEALTHCARE CLEAR LAKE,WEBSTER,TX,HARRIS,4,False,63.0,1085.0,3.6,20.3
450634,MEDICAL CITY DENTON,DENTON,TX,DENTON,4,True,65.0,1338.0,4.1,21.4
450638,HCA HOUSTON HEALTHCARE NORTHWEST,HOUSTON,TX,HARRIS,2,False,62.0,816.0,3.2,22.8
450639,TEXAS HEALTH HARRIS METHODIST HURST-EULESS-BEDFORD,BEDFORD,TX,TARRANT,4,True,71.0,1005.0,3.2,20.6
450641,NOCONA GENERAL HOSPITAL,NOCONA,TX,MONTAGUE,1,False,,,5.3,21.4
450643,DOCTORS HOSPITAL OF LAREDO,LAREDO,TX,WEBB,4,False,67.0,452.0,3.6,22.4
450644,HCA HOUSTON HEALTHCARE WEST,HOUSTON,TX,HARRIS,1,False,59.0,714.0,3.4,21.0
450647,MEDICAL CITY DALLAS HOSPITAL,DALLAS,TX,DALLAS,3,True,65.0,1291.0,3.5,21.3
450651,MEDICAL CITY PLANO,PLANO,TX,COLLIN,3,True,65.0,1436.0,3.4,21.8
450653,SCENIC MOUNTAIN MEDICAL CENTER,BIG SPRING,TX,HOWARD,Not Available,False,,,5.1,21.1
450654,STARR COUNTY MEMORIAL HOSPITAL,RIO GRANDE CITY,TX,STARR,2,False,,,3.4,20.7
450656,NACOGDOCHES MEDICAL CENTER,NACOGDOCHES,TX,NACOGDOCHES,3,False,73.0,629.0,3.6,23.6
450658,FREESTONE MEDICAL CENTER,FAIRFIELD,TX,FREESTONE,Not Available,False,,,4.1,21.4
450659,HCA HOUSTON HEALTHCARE MEDICAL CENTER,HOUSTON,TX,HARRIS,4,False,66.0,778.0,3.6,21.2
450661,ODESSA REGIONAL MEDICAL CENTER,ODESSA,TX,ECTOR,3,False,61.0,304.0,4.7,20.9
450662,VALLEY REGIONAL MEDICAL CENTER,BROWNSVILLE,TX,CAMERON,2,False,62.0,809.0,4.2,21.1
450668,SIERRA MEDICAL CENTER,EL PASO,TX,EL PASO,2,False,63.0,1319.0,3.8,22.4
450669,MEDICAL CITY LEWISVILLE,LEWISVILLE,TX,DENTON,3,True,70.0,564.0,3.9,20.4
450670,HCA HOUSTON HEALTHCARE TOMBALL,TOMBALL,TX,HARRIS,3,False,65.0,642.0,3.8,20.8
450672,MEDICAL CITY FORT WORTH,FORT WORTH,TX,TARRANT,2,True,69.0,719.0,4.1,20.4
450674,"WOMANS HOSPITAL OF TEXAS,THE",HOUSTON,TX,HARRIS,4,False,67.0,920.0,3.8,
450675,MEDICAL CITY ARLINGTON,ARLINGTON,TX,TARRANT,2,True,59.0,810.0,3.4,22.1
450677,TEXAS HEALTH HUGULEY HOSPITAL FORT WORTH SOUTH,FORT WORTH,TX,TARRANT,3,True,74.0,1449.0,3.6,20.2
450678,WHITE ROCK MEDICAL CENTER,DALLAS,TX,DALLAS,2,True,,,3.6,22.7
450684,MEMORIAL HERMANN NORTHEAST HOSPITAL,HUMBLE,TX,HARRIS,3,False,71.0,619.0,3.3,22.0
450686,UNIVERSITY MEDICAL CENTER,LUBBOCK,TX,LUBBOCK,2,False,76.0,601.0,3.8,19.9
450688,DALLAS REGIONAL MEDICAL CENTER,MESQUITE,TX,DALLAS,3,True,64.0,464.0,4.0,21.5
450690,UNIVERSITY OF TEXAS HEALTH SCIENCE CENTER AT TYLER,TYLER,TX,SMITH,4,False,78.0,142.0,4.2,20.9
450694,EL CAMPO MEMORIAL HOSPITAL,EL CAMPO,TX,WHARTON,3,False,53.0,123.0,4.1,22.3
450698,LAMB HEALTHCARE CENTER,LITTLEFIELD,TX,LAMB,Not Available,False,,,3.8,
450702,LONGVIEW REGIONAL MEDICAL CENTER,LONGVIEW,TX,GREGG,3,False,70.0,719.0,4.5,23.3
450709,HOUSTON METHODIST CLEAR LAKE HOSPITAL,NASSAU BAY,TX,HARRIS,5,False,82.0,1198.0,2.9,21.2
450711,RIO GRANDE REGIONAL HOSPITAL,MCALLEN,TX,HIDALGO,4,False,66.0,527.0,3.2,21.0
450713,ST DAVID'S SOUTH AUSTIN MEDICAL CENTER,AUSTIN,TX,TRAVIS,3,False,66.0,574.0,4.1,20.4
450718,ROUND ROCK MEDICAL CENTER,ROUND ROCK,TX,WILLIAMSON,3,False,71.0,902.0,3.9,19.6
450723,METHODIST CHARLTON MEDICAL CENTER,DALLAS,TX,DALLAS,3,True,72.0,861.0,3.8,21.7
450730,CARROLLTON REGIONAL MEDICAL CENTER,CARROLLTON,TX,DENTON,2,True,61.0,249.0,4.1,22.5
450742,BAYLOR SCOTT AND WHITE MEDICAL CENTER LAKE POINTE,ROWLETT,TX,DALLAS,4,True,72.0,688.0,4.3,21.7
450743,TEXAS HEALTH PRESBYTERIAN HOSPITAL DENTON,DENTON,TX,DENTON,5,True,78.0,1027.0,3.2,19.5
450747,PALESTINE REGIONAL MEDICAL CENTER,PALESTINE,TX,ANDERSON,1,False,61.0,217.0,5.2,21.2
450755,COVENANT HOSPITAL LEVELLAND,LEVELLAND,TX,HOCKLEY,Not Available,False,,,4.3,
450771,TEXAS HEALTH PRESBYTERIAN HOSPITAL PLANO,PLANO,TX,COLLIN,4,True,72.0,1447.0,3.1,20.6
450774,TOPS SURGICAL SPECIALTY HOSPITAL,HOUSTON,TX,HARRIS,Not Available,False,79.0,129.0,3.8,
450775,HCA HOUSTON HEALTHCARE KINGWOOD,KINGWOOD,TX,HARRIS,3,False,57.0,1187.0,3.4,22.3
450779,TEXAS HEALTH HARRIS METHODIST HOSPITAL SOUTHWEST F,FORT WORTH,TX,TARRANT,5,True,77.0,1609.0,3.2,20.6
450788,"CORPUS CHRISTI MEDICAL CENTER,THE",CORPUS CHRISTI,TX,NUECES,4,False,65.0,1399.0,4.2,20.9
450801,CHRISTUS ST MICHAEL HEALTH SYSTEM,TEXARKANA,TX,BOWIE,3,False,71.0,587.0,5.0,20.3
450804,TEXAS ORTHOPEDIC HOSPITAL,HOUSTON,TX,HARRIS,Not Available,False,83.0,429.0,3.8,
450808,NORTHWEST HILLS SURGICAL HOSPITAL,AUSTIN,TX,TRAVIS,Not Available,False,,,3.9,
450809,NORTH AUSTIN MEDICAL CENTER,AUSTIN,TX,TRAVIS,3,False,66.0,1005.0,3.2,20.1
450820,HOUSTON METHODIST SUGARLAND HOSPITAL,SUGAR LAND,TX,FORT BEND,5,False,78.0,3134.0,2.6,20.5
450822,MEDICAL CITY LAS COLINAS,IRVING,TX,DALLAS,4,True,66.0,531.0,3.8,20.9
450825,CORNERSTONE REGIONAL HOSPITAL,EDINBURG,TX,HIDALGO,Not Available,False,,,3.9,
450828,CHRISTUS SPOHN HOSPITAL ALICE,ALICE,TX,JIM WELLS,3,False,77.0,184.0,4.1,19.6
450831,SURGERY SPECIALTY HOSPITALS OF AMERICA SE HOUSTON,PASADENA,TX,HARRIS,Not Available,False,,,,
450833,ENNIS REGIONAL MEDICAL CENTER,ENNIS,TX,ELLIS,Not Available,True,,,3.8,
450834,"PHYSICIANS CENTRE,THE",BRYAN,TX,BRAZOS,Not Available,False,84.0,199.0,3.6,
450840,TEXAS HEALTH PRESBYTERIAN HOSPITAL ALLEN,ALLEN,TX,COLLIN,4,True,76.0,563.0,3.5,22.4
450844,HOUSTON METHODIST WILLOWBROOK HOSPITAL,HOUSTON,TX,HARRIS,5,False,79.0,2797.0,2.9,20.0
450847,MEMORIAL HERMANN KATY HOSPITAL,KATY,TX,FORT BEND,3,False,67.0,784.0,3.3,21.5
450848,MEMORIAL HERMANN SUGAR LAND HOSPITAL,SUGAR LAND,TX,FORT BEND,4,False,70.0,851.0,3.2,21.9
450851,BAYLOR SCOTT & WHITE HEART & VASCULAR HOSPITAL - DALLAS,DALLAS,TX,DALLAS,5,True,84.0,647.0,3.7,21.7
450853,BAYLOR SCOTT & WHITE MEDICAL CENTER - FRISCO,FRISCO,TX,DENTON,3,True,79.0,247.0,3.8,
450855,HARLINGEN MEDICAL CENTER,HARLINGEN,TX,CAMERON,4,False,73.0,400.0,3.3,20.5
450856,SOUTH TEXAS SPINE AND SURGICAL HOSPITAL,SAN ANTONIO,TX,BEXAR,Not Available,False,83.0,291.0,4.0,
450860,SUGAR LAND SURGICAL HOSPITAL LLP,SUGAR LAND,TX,FORT BEND,Not Available,False,,,3.9,
450862,ST LUKE'S THE WOODLANDS HOSPITAL,THE WOODLANDS,TX,MONTGOMERY,3,False,78.0,452.0,3.6,20.7
450864,BAYLOR SCOTT & WHITE TEXAS SPINE & JOINT HOSPITAL,TYLER,TX,SMITH,5,False,81.0,404.0,3.7,
450865,ASCENSION SETON  SOUTHWEST,AUSTIN,TX,HAYS,Not Available,False,,,3.7,
450867,ASCENSION SETON NORTHWEST,AUSTIN,TX,TRAVIS,4,False,71.0,524.0,3.7,21.2
450869,DOCTORS HOSPTAL AT RENAISSANCE,EDINBURG,TX,HIDALGO,3,False,69.0,3413.0,3.8,19.9
450872,USMD HOSPITAL AT ARLINGTON L P,ARLINGTON,TX,TARRANT,Not Available,True,70.0,131.0,5.0,
450874,BAYLOR SURGICAL HOSPITAL AT LAS COLINAS,IRVING,TX,DALLAS,Not Available,True,77.0,191.0,3.7,
450875,QUAIL CREEK SURGICAL HOSPITAL,AMARILLO,TX,POTTER,Not Available,False,90.0,260.0,4.0,
450876,LUBBOCK HEART HOSPITAL LP,LUBBOCK,TX,LUBBOCK,2,False,80.0,339.0,4.8,21.5
450880,BAYLOR SCOTT AND WHITE SURGICAL HOSPITAL FORTWORTH,FORT WORTH,TX,TARRANT,Not Available,True,75.0,296.0,3.5,
450883,BAYLOR MEDICAL CENTER AT TROPHY CLUB,TROPHY CLUB,TX,DENTON,Not Available,True,67.0,112.0,4.0,
450885,BAYLOR SCOTT &  WHITE MEDICAL CENTER - CENTENNIAL,FRISCO,TX,COLLIN,5,True,78.0,482.0,3.2,21.4
450888,TEXAS HEALTH HARRIS METHODIST HOSPITAL SOUTHLAKE,SOUTHLAKE,TX,TARRANT,Not Available,True,86.0,147.0,4.0,
450889,TEXAS INSTITUTE FOR SURGERY AT PRESBYTERIAN HOSPIT,DALLAS,TX,DALLAS,Not Available,True,87.0,124.0,3.8,
450890,BAYLOR SCOTT & WHITE MEDICAL CENTER PLANO,PLANO,TX,COLLIN,4,True,81.0,786.0,3.0,21.4
450891,TEXAS HEALTH CENTER FOR DIAGNOSTICS & SURGERY PLAN,PLANO,TX,COLLIN,Not Available,True,87.0,126.0,3.9,
450893,THE HEART HOSPITAL BAYLOR DENTON,DENTON,TX,DENTON,5,True,86.0,349.0,3.0,22.1
450895,BAYLOR SCOTT WHITE THE HEART HOSPITAL CORINTH,DENTON,TX,DENTON,Not Available,True,,,,
460001,INTERMOUNTAIN HEALTH UTAH VALLEY HOSPITAL,PROVO,UT,UTAH,5,False,81.0,1522.0,3.9,18.7
460003,HOLY CROSS HOSPITAL - SALT LAKE,SALT LAKE CITY,UT,SALT LAKE,3,False,,,3.9,
460004,INTERMOUNTAIN HEALTH MCKAY-DEE HOSPITAL,OGDEN,UT,WEBER,5,False,74.0,1127.0,4.0,19.3
460005,OGDEN REGIONAL MEDICAL CENTER,OGDEN,UT,WEBER,3,False,69.0,576.0,4.6,19.9
460006,LDS HOSPITAL,SALT LAKE CITY,UT,SALT LAKE,5,False,73.0,1168.0,3.2,21.4
460007,INTERMOUNTAIN HEALTH CEDAR CITY HOSPITAL,CEDAR CITY,UT,IRON,3,False,85.0,440.0,4.8,20.8
460009,UNIVERSITY OF UTAH HOSPITAL AND CLINICS,SALT LAKE CITY,UT,SALT LAKE,5,False,78.0,1497.0,2.7,17.5
460010,INTERMOUNTAIN MEDICAL CENTER,MURRAY,UT,SALT LAKE,5,False,76.0,1383.0,3.2,18.1
460011,CASTLEVIEW HOSPITAL,PRICE,UT,CARBON,2,False,62.0,204.0,4.6,20.8
460013,MOUNTAIN VIEW HOSPITAL,PAYSON,UT,UTAH,5,False,77.0,321.0,4.2,20.7
460014,MOUNTAIN WEST MEDICAL CENTER,TOOELE,UT,TOOELE,4,False,74.0,246.0,3.5,21.1
460015,INTERMOUNTAIN HEALTH LOGAN REGIONAL HOSPITAL,LOGAN,UT,CACHE,5,False,74.0,964.0,3.8,20.3
460017,BRIGHAM CITY COMMUNITY HOSPITAL,BRIGHAM CITY,UT,BOX ELDER,Not Available,False,77.0,146.0,3.6,
460019,UINTAH BASIN MEDICAL CENTER,ROOSEVELT,UT,DUCHESNE,2,False,61.0,124.0,4.5,21.5
460021,ST. GEORGE REGIONAL HOSPITAL,ST GEORGE,UT,WASHINGTON,5,False,80.0,1192.0,3.9,20.3
460023,AMERICAN FORK HOSPITAL,AMERICAN FORK,UT,UTAH,4,False,74.0,1115.0,4.0,21.6
460026,INTERMOUNTAIN HEALTH SEVIER VALLEY HOSPITAL,RICHFIELD,UT,SEVIER,4,False,84.0,177.0,3.9,21.3
460030,ASHLEY REGIONAL MEDICAL CENTER,VERNAL,UT,UINTAH,4,False,70.0,148.0,3.6,
460039,BEAR RIVER VALLEY HOSPITAL,TREMONTON,UT,BOX ELDER,Not Available,False,,,3.7,
460041,HOLY CROSS HOSPITAL-DAVIS,LAYTON,UT,DAVIS,5,False,59.0,301.0,4.3,21.3
460042,LAKEVIEW HOSPITAL,BOUNTIFUL,UT,DAVIS,5,False,71.0,454.0,4.0,20.0
460043,OREM COMMUNITY HOSPITAL,OREM,UT,UTAH,Not Available,False,89.0,136.0,,
460044,INTERMOUNTAIN HEALTH ALTA VIEW HOSPITAL,SANDY,UT,SALT LAKE,5,False,80.0,729.0,3.3,20.3
460047,ST MARK'S HOSPITAL,SALT LAKE CITY,UT,SALT LAKE,4,False,70.0,684.0,4.6,20.2
460051,HOLY CROSS HOSPITAL-JORDAN VALLEY,WEST JORDAN,UT,SALT LAKE,4,False,62.0,736.0,3.6,20.6
460052,TIMPANOGOS REGIONAL HOSPITAL,OREM,UT,UTAH,4,False,74.0,523.0,3.9,20.8
460054,CACHE VALLEY HOSPITAL,NORTH LOGAN,UT,CACHE,Not Available,False,81.0,167.0,4.0,
460057,PARK CITY HOSPITAL,PARK CITY,UT,SUMMIT,5,False,85.0,419.0,3.5,20.6
460058,INTERMOUNTAIN HEALTH RIVERTON HOSPITAL,RIVERTON,UT,SALT LAKE,5,False,75.0,1083.0,3.0,18.5
460060,LONE PEAK HOSPITAL,DRAPER,UT,SALT LAKE,5,False,81.0,610.0,3.7,22.9
460061,INTERMOUNTAIN HEALTH LAYTON HOSPITAL,LAYTON,UT,DAVIS,5,False,78.0,692.0,3.2,20.3
460062,INTERMOUNTAIN HEALTH SPANISH FORK HOSPITAL,SPANISH FORK,UT,UTAH,Not Available,False,79.0,455.0,3.3,20.3
460063,WESTERN PEAKS SPECIALTY HOSPITAL,BOUNTIFUL,UT,DAVIS,Not Available,False,,,,
470001,CENTRAL VERMONT MEDICAL CENTER,BARRE,VT,WASHINGTON,3,False,71.0,458.0,3.8,23.6
470003,UNIV. OF VERMONT - FLETCHER ALLEN HEALTH CARE,BURLINGTON,VT,CHITTENDEN,4,False,73.0,2347.0,3.0,19.5
470005,RUTLAND REGIONAL MEDICAL CENTER,RUTLAND,VT,RUTLAND,3,False,69.0,633.0,3.6,20.4
470011,BRATTLEBORO MEMORIAL HOSPITAL,BRATTLEBORO,VT,WINDHAM,3,False,66.0,236.0,4.3,20.9
470012,SOUTHWESTERN VERMONT MEDICAL CENTER,BENNINGTON,VT,BENNINGTON,3,False,70.0,348.0,4.1,21.1
470024,NORTHWESTERN MEDICAL CENTER INC,SAINT ALBANS,VT,FRANKLIN,4,False,72.0,424.0,4.8,21.5
480001,"ROY LESTER SCHNEIDER HOSPITAL,THE",ST THOMAS,VI,SAINT THOMAS ISLAND,2,False,,,6.0,22.0
480002,GOV JUAN F LUIS HOSPITAL & MEDICAL CTR,ST CROIX,VI,SAINT CROIX ISLAND,1,False,,,6.7,22.6
490002,RUSSELL COUNTY HOSPITAL,LEBANON,VA,RUSSELL,4,False,73.0,134.0,4.1,22.1
490004,SENTARA RMH MEDICAL CENTER,HARRISONBURG,VA,HARRISONBURG CITY,5,False,71.0,644.0,2.7,21.0
490005,WINCHESTER MEDICAL CENTER,WINCHESTER,VA,WINCHESTER CITY,4,False,71.0,1009.0,3.3,22.2
490007,SENTARA NORFOLK GENERAL HOSPITAL,NORFOLK,VA,NORFOLK CITY,4,False,72.0,994.0,2.8,19.4
490009,UNIVERSITY OF VIRGINIA MEDICAL CENTER,CHARLOTTESVILLE,VA,CHARLOTTESVILLE CITY,4,False,75.0,1521.0,3.3,19.9
490013,SENTARA HALIFAX REGIONAL HOSPITAL,SOUTH BOSTON,VA,HALIFAX,3,False,66.0,460.0,4.2,21.1
490017,BON SECOURS MARYVIEW MEDICAL CENTER,PORTSMOUTH,VA,PORTSMOUTH CITY,3,False,65.0,635.0,3.0,22.1
490018,AUGUSTA HEALTH,FISHERSVILLE,VA,AUGUSTA,4,False,63.0,841.0,3.8,19.6
490019,UVA HEALTH CULPEPER MEDICAL CENTER,CULPEPER,VA,CULPEPER,2,False,60.0,550.0,4.2,22.4
490020,JOHN RANDOLPH MEDICAL CENTER,HOPEWELL,VA,HOPEWELL CITY,3,False,68.0,471.0,4.0,22.2
490021,CENTRA HEALTH -  LYNCHBURG GEN HOSPITAL,LYNCHBURG,VA,LYNCHBURG CITY,3,False,64.0,1309.0,3.2,17.3
490022,MARY WASHINGTON HOSPITAL,FREDERICKSBURG,VA,FREDERICKSBURG CITY,3,False,63.0,2396.0,3.2,22.2
490023,FAUQUIER HOSPITAL,WARRENTON,VA,FAUQUIER,3,False,63.0,406.0,5.2,21.0
490024,CARILION MEDICAL CENTER,ROANOKE,VA,ROANOKE CITY,3,False,66.0,1048.0,3.2,21.2
490032,MEDICAL COLLEGE OF VIRGINIA HOSPITALS,RICHMOND,VA,RICHMOND CITY,4,False,73.0,1989.0,3.2,20.8
490033,WARREN MEMORIAL HOSPITAL,FRONT ROYAL,VA,WARREN,2,False,76.0,300.0,4.0,23.0
490037,RIVERSIDE SHORE MEMORIAL HOSPITAL,ONANCOCK,VA,ACCOMACK,3,False,79.0,253.0,3.9,19.5
490038,SMYTH COUNTY COMMUNITY HOSPITAL,MARION,VA,SMYTH,3,False,71.0,200.0,4.6,21.3
490040,INOVA ALEXANDRIA HOSPITAL,ALEXANDRIA,VA,ALEXANDRIA CITY,5,False,71.0,750.0,2.8,18.8
490041,MARY IMMACULATE HOSPITAL,NEWPORT NEWS,VA,NEWPORT NEWS CITY,4,False,64.0,525.0,3.7,22.9
490042,CARILION NEW RIVER VALLEY MEDICAL CENTER,CHRISTIANSBURG,VA,MONTGOMERY,4,False,69.0,867.0,3.3,20.6
490043,INOVA LOUDOUN HOSPITAL,LEESBURG,VA,LOUDOUN,5,False,76.0,641.0,2.6,18.7
490044,SENTARA OBICI HOSPITAL,SUFFOLK,VA,SUFFOLK CITY,4,False,73.0,868.0,3.2,20.5
490045,UVA HEALTH PRINCE WILLIAM MEDICAL CENTER,MANASSAS,VA,MANASSAS CITY,3,False,66.0,980.0,4.4,21.6
490046,SENTARA LEIGH HOSPITAL,NORFOLK,VA,NORFOLK CITY,3,False,77.0,816.0,3.6,21.1
490048,LEWISGALE MEDICAL CENTER,SALEM,VA,SALEM CITY,2,False,58.0,622.0,4.0,22.1
490050,VIRGINIA HOSPITAL CENTER,ARLINGTON,VA,ARLINGTON,4,False,76.0,2115.0,3.1,22.7
490052,RIVERSIDE REGIONAL MEDICAL CENTER,NEWPORT NEWS,VA,NEWPORT NEWS CITY,3,False,74.0,1537.0,3.5,19.2
490053,JOHNSTON MEMORIAL HOSPITAL,ABINGDON,VA,WASHINGTON,3,False,68.0,792.0,4.6,22.5
490057,SENTARA VIRGINIA BEACH GENERAL HOSPITAL,VIRGINIA BEACH,VA,VIRGINIA BEACH CITY,4,False,73.0,940.0,3.0,21.2
490059,BON SECOURS ST MARYS HOSPITAL,RICHMOND,VA,RICHMOND CITY,5,False,69.0,1890.0,2.9,21.5
490060,CLINCH VALLEY MEDICAL CENTER,RICHLANDS,VA,TAZEWELL,3,False,73.0,406.0,5.0,22.7
490063,INOVA FAIRFAX HOSPITAL,FALLS CHURCH,VA,FAIRFAX,5,False,77.0,877.0,2.6,20.9
490066,SENTARA WILLIAMSBURG REGIONAL MEDICAL CENTER,WILLIAMSBURG,VA,JAMES CITY,5,False,77.0,911.0,3.3,18.5
490067,BON SECOURS SOUTHSIDE MEDICAL CENTER,PETERSBURG,VA,PETERSBURG CITY,2,False,64.0,804.0,3.4,22.1
490069,BON SECOURS MEMORIAL REGIONAL MEDICAL CENTER,MECHANICSVILLE,VA,HANOVER,4,False,66.0,1320.0,2.9,21.1
490075,SOVAH HEALTH DANVILLE,DANVILLE,VA,DANVILLE CITY,2,False,58.0,1016.0,4.5,21.8
490077,SENTARA MARTHA JEFFERSON HOSPITAL,CHARLOTTESVILLE,VA,ALBEMARLE,4,False,78.0,799.0,3.5,20.7
490084,VCU HEALTH TAPPAHANNOCK HOSPITAL,TAPPAHANNOCK,VA,ESSEX,4,False,65.0,303.0,3.8,21.3
490088,CENTRA BEDFORD MEMORIAL HOSPITAL,BEDFORD,VA,BEDFORD,5,False,81.0,296.0,3.6,20.7
490089,CARILION FRANKLIN MEMORIAL HOSPITAL,ROCKY MOUNT,VA,FRANKLIN,4,False,72.0,434.0,4.1,23.4
490090,"SOUTHSIDE COMMUNITY HOSPITAL, INC",FARMVILLE,VA,PRINCE EDWARD,4,False,69.0,377.0,3.8,20.3
490092,BON SECOURS SOUTHAMPTON MEMORIAL HOSPITAL,FRANKLIN,VA,FRANKLIN CITY,3,False,64.0,105.0,4.5,22.6
490093,SENTARA CAREPLEX HOSPITAL,HAMPTON,VA,HAMPTON CITY,4,False,71.0,742.0,3.5,19.8
490094,BON SECOURS RICHMOND COMMUNITY HOSPITAL,RICHMOND,VA,RICHMOND CITY,Not Available,False,,,3.5,
490097,BON SECOURS SOUTHERN VIRGINIA MEDICAL CENTER,EMPORIA,VA,EMPORIA CITY,4,False,,,3.7,20.9
490098,COMMUNITY MEMORIAL HOSPITAL,SOUTH HILL,VA,MECKLENBURG,4,False,75.0,461.0,4.0,22.8
490101,INOVA FAIR OAKS HOSPITAL,FAIRFAX,VA,FAIRFAX,5,False,79.0,730.0,2.7,18.4
490104,HIRAM W DAVIS MEDICAL CENTER,PETERSBURG,VA,PETERSBURG CITY,Not Available,False,,,,
490107,RESTON HOSPITAL CENTER,RESTON,VA,FAIRFAX,3,False,63.0,541.0,3.4,20.3
490110,LEWISGALE HOSPITAL MONTGOMERY,BLACKSBURG,VA,MONTGOMERY,3,False,74.0,562.0,3.8,21.3
490111,WYTHE COUNTY COMMUNITY HOSPITAL,WYTHEVILLE,VA,WYTHE,3,False,71.0,254.0,4.3,19.8
490112,CJW MEDICAL CENTER,RICHMOND,VA,RICHMOND CITY,4,False,63.0,1303.0,3.9,20.5
490113,SENTARA NORTHERN VIRGINIA MEDICAL CENTER,WOODBRIDGE,VA,PRINCE WILLIAM,3,False,66.0,940.0,3.5,22.8
490114,LONESOME PINE HOSPITAL,BIG STONE GAP,VA,WISE,4,False,73.0,408.0,4.4,22.5
490115,TWIN COUNTY REGIONAL HOSPITAL,GALAX,VA,GALAX CITY,2,False,71.0,200.0,3.8,21.1
490116,LEWISGALE HOSPITAL PULASKI,PULASKI,VA,PULASKI,4,False,86.0,155.0,4.7,22.3
490117,CARILION TAZEWELL COMMUNITY HOSPITAL,TAZEWELL,VA,TAZEWELL,Not Available,False,83.0,117.0,4.5,21.4
490118,HENRICO DOCTORS' HOSPITAL,RICHMOND,VA,HENRICO,4,False,68.0,1459.0,4.5,22.3
490119,SENTARA PRINCESS ANNE HOSPITAL,VIRGINIA BEACH,VA,VIRGINIA BEACH CITY,5,False,79.0,902.0,3.2,21.6
490120,CHESAPEAKE GENERAL HOSPITAL,CHESAPEAKE,VA,CHESAPEAKE CITY,3,False,65.0,1886.0,3.6,21.4
490122,INOVA MOUNT VERNON HOSPITAL,ALEXANDRIA,VA,FAIRFAX,4,False,68.0,446.0,2.7,22.0
490126,LEWISGALE HOSPITAL ALLEGHANY,LOW MOOR,VA,ALLEGHANY,4,False,72.0,215.0,4.4,19.8
490127,BUCHANAN GENERAL HOSPITAL,GRUNDY,VA,BUCHANAN,4,False,70.0,183.0,4.3,22.1
490130,RIVERSIDE WALTER REED HOSPITAL,GLOUCESTER,VA,GLOUCESTER,4,False,74.0,354.0,3.7,20.1
490136,BON SECOURS ST FRANCIS MEDICAL CENTER,MIDLOTHIAN,VA,CHESTERFIELD,3,False,72.0,708.0,2.8,22.4
490140,"STAFFORD HOSPITAL, LLC",STAFFORD,VA,STAFFORD,4,False,71.0,814.0,3.7,21.1
490141,SPOTSYLVANIA REGIONAL MEDICAL CENTER,FREDERICKSBURG,VA,SPOTSYLVANIA,3,False,63.0,489.0,3.9,23.2
490143,RIVERSIDE DOCTORS' HOSPITAL OF WILLIAMSBURG,WILLIAMSBURG,VA,JAMES CITY,5,False,78.0,362.0,4.1,21.3
490144,UVA HEALTH HAYMARKET MEDICAL CENTER,HAYMARKET,VA,PRINCE WILLIAM,4,False,77.0,518.0,4.1,21.0
490145,STONESPRINGS HOSPITAL CENTER,DULLES,VA,LOUDOUN,4,False,76.0,551.0,3.8,21.0
490148,BON SECOURS HARBOUR VIEW MEDICAL CENTER,SUFFOLK,VA,SUFFOLK CITY,Not Available,False,,,,
500002,PROVIDENCE ST MARY MEDICAL CENTER,WALLA WALLA,WA,WALLA WALLA,3,False,69.0,457.0,3.6,21.2
500003,SKAGIT VALLEY HOSPITAL,MOUNT VERNON,WA,SKAGIT,3,False,68.0,561.0,3.9,20.1
500005,VIRGINIA MASON MEDICAL CENTER,SEATTLE,WA,KING,5,False,70.0,486.0,3.5,18.8
500007,ISLAND HOSPITAL,ANACORTES,WA,SKAGIT,4,False,77.0,329.0,4.6,20.1
500008,UNIVERSITY OF WASHINGTON MEDICAL CTR,SEATTLE,WA,KING,4,False,76.0,4925.0,2.6,20.2
500011,HIGHLINE MEDICAL CENTER,BURIEN,WA,KING,4,False,61.0,581.0,3.2,21.6
500014,PROVIDENCE REGIONAL MEDICAL CENTER EVERETT,EVERETT,WA,SNOHOMISH,4,False,58.0,549.0,3.2,20.1
500015,MULTICARE AUBURN MEDICAL CENTER,AUBURN,WA,KING,2,False,53.0,737.0,3.7,20.8
500016,CONFLUENCE HEALTH HOSPITAL,WENATCHEE,WA,CHELAN,3,False,74.0,436.0,3.7,21.6
500019,PROVIDENCE CENTRALIA HOSPITAL,CENTRALIA,WA,LEWIS,3,False,65.0,497.0,3.7,23.5
500021,ST CLARE HOSPITAL,LAKEWOOD,WA,PIERCE,4,False,66.0,637.0,2.9,21.1
500024,PROVIDENCE ST PETER HOSPITAL,OLYMPIA,WA,THURSTON,3,False,69.0,446.0,4.0,19.9
500025,SWEDISH MEDICAL CENTER / CHERRY HILL,SEATTLE,WA,KING,4,False,69.0,458.0,3.1,20.0
500026,SWEDISH EDMONDS HOSPITAL,EDMONDS,WA,SNOHOMISH,3,False,61.0,396.0,3.5,21.5
500027,SWEDISH MEDICAL CENTER,SEATTLE,WA,KING,4,False,71.0,528.0,3.0,21.6
500030,PEACEHEALTH ST JOSEPH MEDICAL CENTER,BELLINGHAM,WA,WHATCOM,4,False,61.0,436.0,3.6,21.9
500031,GRAYS HARBOR COMMUNITY HOSPITAL,ABERDEEN,WA,GRAYS HARBOR,3,False,52.0,285.0,4.8,21.9
500033,SAMARITAN HOSPITAL,MOSES LAKE,WA,GRANT,2,False,62.0,317.0,4.9,20.0
500036,YAKIMA VALLEY MEMORIAL,YAKIMA,WA,YAKIMA,1,False,54.0,677.0,3.3,23.4
500037,ASTRIA TOPPENISH HOSPITAL,TOPPENISH,WA,YAKIMA,Not Available,False,,,3.7,
500039,ST MICHAEL MEDICAL CENTER,SILVERDALE,WA,KITSAP,4,False,68.0,728.0,2.8,17.3
500041,PEACEHEALTH ST JOHN MEDICAL CENTER,LONGVIEW,WA,COWLITZ,4,False,70.0,429.0,4.2,19.7
500044,DEACONESS MEDICAL CENTER,SPOKANE,WA,SPOKANE,3,False,65.0,2040.0,3.6,18.4
500050,PEACEHEALTH SOUTHWEST MEDICAL CENTE,VANCOUVER,WA,CLARK,3,False,67.0,459.0,3.2,17.8
500051,OVERLAKE HOSPITAL MEDICAL CENTER & CLINICS,BELLEVUE,WA,KING,2,False,77.0,788.0,3.0,19.0
500052,KAISER PERMANENTE CENTRAL HOSPITAL,SEATTLE,WA,KING,Not Available,False,64.0,151.0,,
500053,TRIOS HEALTH,KENNEWICK,WA,BENTON,2,False,63.0,540.0,5.4,21.4
500054,PROV SACRED HRT MED CTR & CHILDS HOSP.,SPOKANE,WA,SPOKANE,3,False,67.0,363.0,3.4,20.4
500058,KADLEC REGIONAL MEDICAL CENTER,RICHLAND,WA,BENTON,4,False,72.0,512.0,3.2,20.3
500060,CASCADE VALLEY HOSPITAL,ARLINGTON,WA,SNOHOMISH,4,False,63.0,326.0,3.6,21.1
500064,HARBORVIEW MEDICAL CENTER,SEATTLE,WA,KING,2,False,65.0,1963.0,3.1,21.7
500072,OLYMPIC MEDICAL CENTER,PORT ANGELES,WA,CLALLAM,3,False,67.0,444.0,3.8,23.5
500077,PROVIDENCE HOLY FAMILY HOSPITAL,SPOKANE,WA,SPOKANE,3,False,70.0,455.0,3.7,20.0
500079,MULTICARE GOOD SAMARITAN HOSPITAL,PUYALLUP,WA,PIERCE,2,False,58.0,1495.0,3.2,23.0
500084,EVERGREENHEALTH MONROE,MONROE,WA,SNOHOMISH,3,False,63.0,225.0,3.5,21.6
500088,VALLEY MEDICAL CENTER,RENTON,WA,KING,2,False,71.0,904.0,3.6,20.9
500108,ST JOSEPH MEDICAL CENTER,TACOMA,WA,PIERCE,3,False,62.0,474.0,3.4,19.1
500119,MULTICARE VALLEY HOSPITAL,SPOKANE VALLEY,WA,SPOKANE,5,False,68.0,913.0,3.6,21.2
500124,EVERGREENHEALTH MEDICAL CENTER,KIRKLAND,WA,KING,5,False,77.0,481.0,3.6,21.9
500129,TACOMA GENERAL ALLENMORE HOSPITAL,TACOMA,WA,PIERCE,2,False,62.0,1937.0,3.1,24.4
500139,CAPITAL MEDICAL CENTER,OLYMPIA,WA,THURSTON,3,False,71.0,934.0,3.6,21.6
500141,ST FRANCIS COMMUNITY HOSPITAL,FEDERAL WAY,WA,KING,4,False,64.0,642.0,3.5,20.9
500150,LEGACY SALMON CREEK MEDICAL CENTER,VANCOUVER,WA,CLARK,4,False,76.0,1092.0,2.9,18.9
500151,ST ANTHONY HOSPITAL,GIG HARBOR,WA,PIERCE,5,False,75.0,749.0,3.4,20.4
500152,SWEDISH ISSAQUAH,ISSAQUAH,WA,KING,4,False,78.0,567.0,3.6,20.6
500154,MULTICARE COVINGTON MEDICAL CENTER,COVINGTON,WA,KING,3,False,69.0,447.0,3.0,21.4
510001,"WEST VIRGINIA UNIVERSITY HOSPITALS, INC",MORGANTOWN,WV,MONONGALIA,3,False,76.0,907.0,3.4,22.3
510002,"CAMC GREENBRIER VALLEY MEDICAL CENTER, INC",RONCEVERTE,WV,GREENBRIER,2,False,57.0,507.0,3.5,20.0
510006,"UNITED HOSPITAL CENTER, INC",BRIDGEPORT,WV,HARRISON,4,False,72.0,779.0,3.6,23.0
510007,ST MARYS MEDICAL CENTER,HUNTINGTON,WV,CABELL,3,False,68.0,509.0,3.8,21.7
510008,BERKELEY MEDICAL CENTER,MARTINSBURG,WV,BERKELEY,3,False,56.0,519.0,3.6,22.4
510012,RIVERS HEALTH,POINT PLEASANT,WV,MASON,1,False,67.0,129.0,5.2,21.1
510013,"REYNOLDS MEMORIAL HOSPITAL, INC",GLEN DALE,WV,MARSHALL,2,False,73.0,429.0,3.8,22.0
510022,CHARLESTON AREA MEDICAL CENTER,CHARLESTON,WV,KANAWHA,2,False,68.0,2799.0,3.5,21.7
510023,"WEIRTON MEDICAL CENTER, INC",WEIRTON,WV,HANCOCK,1,False,54.0,486.0,5.2,21.8
510024,MON HEALTH MEDICAL CENTER,MORGANTOWN,WV,MONONGALIA,4,False,75.0,1367.0,3.8,21.4
510029,THOMAS MEMORIAL HOSPITAL,SOUTH CHARLESTON,WV,KANAWHA,1,False,69.0,928.0,3.2,22.3
510030,DAVIS MEDICAL CENTER,ELKINS,WV,RANDOLPH,2,False,60.0,308.0,5.1,21.5
510038,STONEWALL JACKSON MEMORIAL HOSPITAL COMPANY,WESTON,WV,LEWIS,1,False,69.0,179.0,5.4,21.7
510046,PRINCETON COMMUNITY HOSPITAL ASSN INC,PRINCETON,WV,MERCER,2,False,63.0,395.0,3.5,24.3
510048,LOGAN REGIONAL MEDICAL CENTER,LOGAN,WV,LOGAN,2,False,60.0,312.0,4.3,22.2
510050,"WHEELING HOSPITAL, INC",WHEELING,WV,OHIO,2,False,60.0,1657.0,3.1,24.3
510055,"CABELL HUNTINGTON HOSPITAL, INC",HUNTINGTON,WV,CABELL,3,False,68.0,509.0,4.1,21.7
510058,CAMDEN CLARK MEDICAL CENTER,PARKERSBURG,WV,WOOD,2,False,64.0,947.0,3.2,25.1
510062,BECKLEY ARH HOSPITAL,BECKLEY,WV,RALEIGH,3,False,67.0,196.0,4.6,22.9
510070,RALEIGH GENERAL HOSPITAL,BECKLEY,WV,RALEIGH,2,False,57.0,1162.0,4.7,23.6
510072,WETZEL COUNTY HOSPITAL,NEW MARTINSVILLE,WV,WETZEL,3,False,77.0,118.0,3.6,22.9
510086,WELCH COMMUNITY HOSPITAL,WELCH,WV,MC DOWELL,Not Available,False,77.0,115.0,6.1,
510091,CAMC CHARLESTON SURGICAL HOSPITAL,CHARLESTON,WV,KANAWHA,Not Available,False,,,,
510093,MON HEALTH MARION,WHITEHALL,WV,MARION,Not Available,False,,,3.9,21.4
510094,WILLIAMSON MEMORIAL INC,WILLIAMSON,WV,MINGO,Not Available,False,,,,
520002,"ASPIRUS STEVENS POINT HOSPITAL & CLINICS, INC.",STEVENS POINT,WI,PORTAGE,4,False,69.0,370.0,3.5,22.4
520004,MAYO CLINIC HEALTH SYSTEM-FRANCISCAN MEDICAL CENTER INC,LA CROSSE,WI,LA CROSSE,5,False,83.0,931.0,2.8,19.8
520008,WAUKESHA MEMORIAL HOSPITAL,WAUKESHA,WI,WAUKESHA,4,False,73.0,572.0,3.7,21.0
520009,ASCENSION NE WISCONSIN - ST ELIZABETH CAMPUS,APPLETON,WI,OUTAGAMIE,4,False,69.0,548.0,3.6,20.3
520011,MARSHFIELD MEDICAL CENTER - RICE LAKE,RICE LAKE,WI,BARRON,2,False,65.0,310.0,4.0,22.6
520019,ASPIRUS RHINELANDER HOSPITAL,RHINELANDER,WI,ONEIDA,3,False,64.0,265.0,4.2,21.1
520021,FROEDTERT SOUTH INC.,KENOSHA,WI,KENOSHA,2,False,72.0,1316.0,4.0,25.5
520028,THE MONROE CLINIC,MONROE,WI,GREEN,5,False,75.0,637.0,3.8,21.4
520030,ASPIRUS WAUSAU HOSPITAL,WAUSAU,WI,MARATHON,4,False,71.0,1117.0,3.7,22.0
520033,ASPIRUS RIVERVIEW HOSPITAL & CLINICS INC,WISCONSIN RAPIDS,WI,WOOD,3,False,76.0,333.0,3.9,20.6
520034,AURORA MEDICAL CTR MANITOWOC COUNTY,TWO RIVERS,WI,MANITOWOC,5,False,79.0,502.0,3.5,21.5
520035,AURORA MEDICAL CENTER SHEBOYGAN COUNTY,SHEBOYGAN,WI,SHEBOYGAN,5,False,75.0,1028.0,3.8,22.9
520037,MARSHFIELD MEDICAL CENTER,MARSHFIELD,WI,WOOD,1,False,62.0,2813.0,3.7,23.2
520038,AURORA MEDICAL CTR WASHINGTON COUNTY,HARTFORD,WI,WASHINGTON,4,False,77.0,349.0,3.9,20.8
520041,ASPIRUS DIVINE SAVIOR HOSPITAL,PORTAGE,WI,COLUMBIA,3,False,63.0,169.0,3.7,22.8
520044,ST NICHOLAS HOSPITAL,SHEBOYGAN,WI,SHEBOYGAN,3,False,71.0,333.0,3.7,21.3
520045,THEDACARE REGIONAL MED CTR - NEENAH,NEENAH,WI,WINNEBAGO,4,False,71.0,2039.0,4.8,21.1
520049,BELLIN MEMORIAL HOSPITAL,GREEN BAY,WI,BROWN,4,False,75.0,473.0,3.6,20.0
520051,ASCENSION COLUMBIA ST MARYS HOSPITAL MILWAUKEE,MILWAUKEE,WI,MILWAUKEE,3,False,63.0,473.0,3.1,20.7
520057,SSM HEALTH ST CLARE HOSPITAL - BARABOO,BARABOO,WI,SAUK,4,False,75.0,343.0,3.4,21.3
520059,AURORA MEMORIAL HOSPITAL BURLINGTON,BURLINGTON,WI,RACINE,4,False,68.0,533.0,3.5,22.1
520062,OCONOMOWOC MEMORIAL HOSPITAL,OCONOMOWOC,WI,WAUKESHA,5,False,76.0,509.0,4.5,21.5
520063,ST JOSEPHS COMMUNITY HOSPITAL WEST BEND,WEST BEND,WI,WASHINGTON,4,False,70.0,495.0,3.2,20.1
520066,MERCY HEALTH SYSTEM CORP,JANESVILLE,WI,ROCK,3,False,66.0,346.0,4.2,20.3
520070,MAYO CLINIC HEALTH SYSTEM EAU CLAIRE HOSPITAL,EAU CLAIRE,WI,EAU CLAIRE,5,False,76.0,1159.0,2.6,22.3
520071,FORT MEMORIAL HOSPITAL,FORT ATKINSON,WI,JEFFERSON,4,False,71.0,282.0,3.9,20.0
520075,ST VINCENT HOSPITAL,GREEN BAY,WI,BROWN,4,False,67.0,498.0,4.4,19.5
520076,MARSHFIELD MEDICAL CENTER - BEAVER DAM (MMC-BD),BEAVER DAM,WI,DODGE,2,False,60.0,189.0,4.5,21.5
520078,ASCENSION ST FRANCIS HOSPITAL,MILWAUKEE,WI,MILWAUKEE,3,False,61.0,144.0,3.6,21.3
520083,SSM HEALTH ST MARY'S HOSPITAL - MADISON,MADISON,WI,DANE,4,False,73.0,1221.0,3.3,21.2
520087,GUNDERSEN LUTHERAN MEDICAL CENTER,LA CROSSE,WI,LA CROSSE,4,False,77.0,420.0,3.5,20.9
520088,SSM HEALTH ST AGNES HOSPITAL-FOND DU LAC,FOND DU LAC,WI,FOND DU LAC,4,False,72.0,582.0,3.2,21.0
520089,UNITYPOINT HEALTH - MERITER,MADISON,WI,DANE,5,False,73.0,482.0,3.0,22.6
520091,HOWARD YOUNG MEDICAL CENTER,WOODRUFF,WI,VILAS,4,False,74.0,182.0,3.5,21.9
520095,SAUK PRAIRIE HOSPITAL,PRAIRIE DU SAC,WI,SAUK,5,False,88.0,374.0,3.6,20.7
520096,ASCENSION ALL SAINTS HOSPITAL,RACINE,WI,RACINE,2,False,61.0,407.0,3.9,19.8
520097,ST MARYS HOSPITAL MEDICAL CTR,GREEN BAY,WI,BROWN,3,False,67.0,629.0,4.0,19.7
520098,UNIVERSITY OF WI  HOSPITALS & CLINICS AUTHORITY,MADISON,WI,DANE,5,False,77.0,3209.0,2.5,20.0
520100,BELOIT HEALTH SYSTEM,BELOIT,WI,ROCK,3,False,61.0,657.0,5.1,23.4
520102,AURORA LAKELAND MEDICAL CENTER,ELKHORN,WI,WALWORTH,5,False,76.0,593.0,3.5,21.0
520103,COMMUNITY MEMORIAL HOSPITAL,MENOMONEE FALLS,WI,WAUKESHA,4,False,69.0,777.0,2.9,21.1
520107,HOLY FAMILY MEMORIAL,MANITOWOC,WI,MANITOWOC,3,False,71.0,349.0,3.5,21.1
520109,MILE BLUFF MEDICAL CENTER,MAUSTON,WI,JUNEAU,4,False,75.0,110.0,4.0,21.0
520113,AURORA MEDICAL CENTER BAY AREA,MARINETTE,WI,MARINETTE,4,False,72.0,566.0,3.5,21.9
520116,WATERTOWN MEMORIAL HOSPITAL,WATERTOWN,WI,DODGE,3,False,72.0,379.0,4.4,20.0
520136,ASCENSION SE WISCONSIN HOSPITAL,MILWAUKEE,WI,MILWAUKEE,5,False,71.0,490.0,3.6,20.3
520138,AURORA ST LUKES MEDICAL CENTER,MILWAUKEE,WI,MILWAUKEE,4,False,69.0,1935.0,2.7,20.2
520139,WEST ALLIS MEMORIAL HOSPITAL,WEST ALLIS,WI,MILWAUKEE,4,False,66.0,888.0,3.1,23.0
520160,THEDACARE REGIONAL MEDICAL CENTER - APPLETON INC,APPLETON,WI,OUTAGAMIE,4,False,73.0,2419.0,4.6,20.1
520177,FROEDTERT MEMORIAL LUTHERAN HOSPITAL,MILWAUKEE,WI,MILWAUKEE,3,False,74.0,2540.0,2.5,21.3
520189,AURORA MEDICAL CENTER KENOSHA,KENOSHA,WI,KENOSHA,4,False,78.0,1031.0,3.2,20.6
520193,AURORA BAYCARE MEDICAL CTR,GREEN BAY,WI,BROWN,4,False,79.0,1210.0,3.5,20.5
520194,ORTHOPAEDIC HOSPITAL OF WISCONSIN,GLENDALE,WI,MILWAUKEE,Not Available,False,90.0,244.0,3.6,
520196,OAKLEAF SURGICAL HOSPITAL,ALTOONA,WI,EAU CLAIRE,Not Available,False,90.0,163.0,3.9,
520198,AURORA MEDICAL CTR OSHKOSH,OSHKOSH,WI,WINNEBAGO,4,False,75.0,700.0,3.5,19.7
520202,MARSHFIELD MEDICAL CENTER - WESTON,WESTON,WI,MARATHON,3,False,77.0,932.0,4.2,22.3
520205,MIDWEST ORTHOPEDIC SPECIALTY HOSPITAL,FRANKLIN,WI,MILWAUKEE,Not Available,False,82.0,215.0,4.0,
520206,AURORA MEDICAL CENTER - SUMMIT,SUMMIT,WI,WAUKESHA,5,False,80.0,1266.0,3.4,20.7
520207,AURORA MEDICAL CENTER,GRAFTON,WI,OZAUKEE,5,False,80.0,1250.0,2.9,20.1
520208,SSM HEALTH ST MARY'S HOSPITAL - JANESVILLE,JANESVILLE,WI,ROCK,4,False,80.0,514.0,3.7,21.1
520210,MARSHFIELD MEDICAL CENTER - EAU CLAIRE,EAU CLAIRE,WI,EAU CLAIRE,3,False,68.0,847.0,4.1,20.6
520212,MARSHFIELD MEDICAL CENTER - MINOCQUA,MINOCQUA,WI,ONEIDA,5,False,79.0,343.0,4.0,20.9
520213,FROEDTERT COMMUNITY HOSPITAL,NEW BERLIN,WI,WAUKESHA,Not Available,False,84.0,160.0,3.0,19.9
520214,ASCENSION WISCONSIN HOSP MENOMONEE FALLS CAMPUS,MENOMONEE FALLS,WI,WAUKESHA,Not Available,False,,,,
530002,CAMPBELL COUNTY HEALTH,GILLETTE,WY,CAMPBELL,3,False,59.0,358.0,3.9,20.2
530006,SHERIDAN MEMORIAL HOSPITAL,SHERIDAN,WY,SHERIDAN,3,False,73.0,366.0,4.2,20.9
530008,SAGEWEST HEALTH CARE,RIVERTON,WY,FREMONT,2,False,55.0,191.0,3.9,20.4
530012,BANNER WYOMING MEDICAL CENTER,CASPER,WY,NATRONA,2,False,56.0,469.0,4.3,20.9
530014,CHEYENNE REGIONAL MEDICAL CENTER,CHEYENNE,WY,LARAMIE,3,False,71.0,462.0,3.4,20.2
530015,ST JOHNS MEDICAL CENTER,JACKSON,WY,TETON,5,False,84.0,409.0,3.7,20.9
530025,IVINSON MEMORIAL HOSPITAL,LARAMIE,WY,ALBANY,3,False,69.0,289.0,3.9,21.3
530034,SUMMIT MEDICAL CENTER,CASPER,WY,NATRONA,Not Available,False,,,3.9,
530038,SUBLETTE COUNTY HEALTH,PINEDALE,WY,SUBLETTE,Not Available,False,,,,
640001,LBJ TROPICAL MEDICAL CENTER,PAGO PAGO,AS,EASTERN DISTRICT,Not Available,False,,,,
650001,GUAM MEMORIAL  HOSPITAL AUTHORITY,TAMUNING,GU,GUAM,2,False,,,5.4,21.9
650003,GUAM REGIONAL MEDICAL CITY,DEDEDO,GU,GUAM,Not Available,False,,,,
660001,COMMONWEALTH HEALTH CENTER,GARAPAN,MP,SAIPAN,Not Available,False,,,5.9,21.9
670005,MEMORIAL HERMANN SURGICAL HOSPITAL KINGWOOD,KINGWOOD,TX,HARRIS,Not Available,False,,,3.8,
670006,THE HOSPITAL AT WESTLAKE MEDICAL CENTER,AUSTIN,TX,TRAVIS,Not Available,False,62.0,143.0,3.8,
670008,MEMORIAL HERMANN HOUSTON PHYSICIANS HOSPITAL,WEBSTER,TX,HARRIS,Not Available,False,83.0,192.0,3.8,
670010,MAYHILL HOSPITAL,DENTON,TX,DENTON,Not Available,True,,,,
670023,METHODIST MANSFIELD MEDICAL CENTER,MANSFIELD,TX,TARRANT,4,True,80.0,1371.0,3.8,20.4
670025,BAYLOR SCOTT & WHITE THE HEART HOSPITAL PLANO,PLANO,TX,COLLIN,4,True,87.0,2065.0,2.0,20.2
670031,ST LUKE'S PATIENTS MEDICAL CENTER,PASADENA,TX,HARRIS,3,False,69.0,389.0,3.4,23.0
670034,BAYLOR SCOTT & WHITE MEDICAL CENTER - ROUND ROCK,ROUND ROCK,TX,WILLIAMSON,4,False,76.0,1793.0,3.0,21.6
670041,ASCENSION SETON WILLIAMSON,ROUND ROCK,TX,WILLIAMSON,4,False,70.0,459.0,2.9,20.8
670043,ASCENSION SETON CEDAR PARK,CEDAR PARK,TX,WILLIAMSON,3,False,63.0,401.0,3.9,21.5
670044,TEXAS HEALTH PRESBYTERIAN HOSPITAL ROCKWALL,ROCKWALL,TX,ROCKWALL,5,True,79.0,898.0,3.4,21.7
670047,THE HOSPITALS OF PROVIDENCE - EAST CAMPUS,EL PASO,TX,EL PASO,2,False,58.0,894.0,3.8,20.7
670049,NORTH CENTRAL SURGICAL CENTER LLP,DALLAS,TX,DALLAS,Not Available,True,77.0,361.0,3.8,
670053,ST LUKE'S SUGAR LAND HOSPITAL,SUGAR LAND,TX,FORT BEND,3,False,65.0,317.0,3.4,20.7
670054,FOUNDATION SURGICAL HOSPITAL OF SAN ANTONIO,SAN ANTONIO,TX,BEXAR,Not Available,False,,,3.9,
670055,METHODIST HOSPITAL  STONE OAK,SAN ANTONIO,TX,BEXAR,4,False,70.0,682.0,3.3,20.9
670056,ASCENSION  SETON HAYS,KYLE,TX,HAYS,3,False,67.0,504.0,3.4,20.8
670059,CHI ST LUKES LAKESIDE HOSPITAL,THE WOODLANDS,TX,MONTGOMERY,Not Available,False,83.0,159.0,3.8,
670060,BAYLOR SCOTT AND WHITE MEDICAL CENTER SUNNYVALE,SUNNYVALE,TX,DALLAS,2,True,55.0,388.0,4.6,19.5
670062,BAYLOR SCOTT & WHITE EMERGENCY HOSPITAL,AUBREY,TX,DENTON,Not Available,True,,,3.6,
670067,BAYLOR SCOTT AND WHITE ORTHOPEDIC AND SPINE HOSPI,ARLINGTON,TX,TARRANT,Not Available,True,82.0,347.0,3.4,
670068,TEXAS HEALTH PRESBYTERIAN HOSPITAL FLOWER MOUND,FLOWER MOUND,TX,DENTON,5,True,78.0,958.0,3.4,19.7
670069,METHODIST MCKINNEY HOSPITAL,MCKINNEY,TX,COLLIN,Not Available,True,,,3.8,
670071,TEXAS HEALTH HEART & VASCULAR HOSPITAL ARLINGTON,ARLINGTON,TX,TARRANT,4,True,83.0,297.0,3.6,21.7
670073,METHODIST HOSPITAL FOR SURGERY,ADDISON,TX,DALLAS,4,True,84.0,392.0,4.0,
670075,ST LUKE'S HOSPITAL AT THE VINTAGE,HOUSTON,TX,HARRIS,4,False,79.0,432.0,3.2,20.9
670076,BAYLOR SCOTT AND WHITE SURGICAL HOSPITAL AT SHERMA,SHERMAN,TX,GRAYSON,3,False,,,4.1,
670077,HOUSTON METHODIST WEST HOSPITAL,HOUSTON,TX,HARRIS,5,False,80.0,2208.0,3.5,21.9
670078,BAPTIST NEIGHBORHOOD HOSPITAL THOUSAND OAKS,SAN ANTONIO,TX,BEXAR,5,False,82.0,274.0,3.4,
670080,SETON MEDICAL CENTER HARKER HEIGHTS,HARKER HEIGHTS,TX,BELL,4,False,71.0,455.0,4.0,24.0
670082,BAYLOR SCOTT AND WHITE  MEDICAL CENTER  MCKINNEY,MC KINNEY,TX,COLLIN,4,True,79.0,1263.0,3.0,22.3
670085,TEXAS HEALTH HARRIS METHODIST HOSPITAL ALLIANCE,FORT WORTH,TX,TARRANT,5,True,71.0,650.0,3.9,21.0
670088,BAYLOR SCOTT & WHITE MEDICAL CENTER- COLLEGE STATI,COLLEGE STATION,TX,BRAZOS,4,False,80.0,1151.0,3.6,21.5
670090,CRESCENT MEDICAL CENTER LANCASTER,LANCASTER,TX,DALLAS,2,True,,,3.5,21.8
670093,ASPIRE HOSPITAL,CONROE,TX,MONTGOMERY,Not Available,False,,,,
670098,RESOLUTE HEALTH HOSPITAL,NEW BRAUNFELS,TX,COMAL,4,False,74.0,784.0,3.2,22.1
670102,"AD HOSPITAL EAST, LLC",HOUSTON,TX,HARRIS,Not Available,False,,,3.9,
670103,MEDICAL CITY ALLIANCE,FORT WORTH,TX,TARRANT,3,True,71.0,669.0,3.4,20.8
670106,HCA HOUSTON HEALTHCARE PEARLAND,PEARLAND,TX,BRAZORIA,3,False,65.0,323.0,3.4,23.5
670107,BAYLOR SCOTT AND WHITE EMERGENCY HOSPITAL,BURLESON,TX,JOHNSON,Not Available,True,,,,
670108,BAYLOR SCOTT & WHITE MEDICAL CENTER - MARBLE FALLS,MARBLE FALLS,TX,BURNET,4,False,77.0,483.0,3.5,20.5
670109,BAYTOWN MEDICAL CENTER LP,BAYTOWN,TX,HARRIS,Not Available,False,,,,
670112,LEGENT ORTHOPEDIC + SPINE,SAN ANTONIO,TX,BEXAR,Not Available,False,84.0,119.0,3.8,
670115,CLEVELAND EMERGENCY HOSPITAL,HUMBLE,TX,HARRIS,Not Available,False,,,,
670120,THE HOSPITALS OF PROVIDENCE TRANSMOUNTAIN CAMPUS,EL PASO,TX,EL PASO,2,False,66.0,731.0,4.0,20.0
670121,SAINT CAMILLUS MEDICAL CENTER,HURST,TX,TARRANT,Not Available,True,,,,
670122,HOUSTON METHODIST THE WOODLANDS HOSPITAL,THE WOODLANDS,TX,MONTGOMERY,5,False,82.0,3184.0,2.6,19.2
670124,THE HOSPITALS OF PROVIDENCE HORIZON CITY CAMPUS,HORIZON CITY,TX,EL PASO,Not Available,False,,,4.3,
670125,TEXAS CENTER FOR INFECTIOUS DISEASE,SAN ANTONIO,TX,BEXAR,Not Available,False,,,,
670128,BAYLOR SCOTT & WHITE MEDICAL CENTER PFLUGERVILLE,PFLUGERVILLE,TX,TRAVIS,4,False,78.0,162.0,3.9,21.1
670131,BAYLOR SCOTT & WHITE MEDICAL CENTER - BUDA,BUDA,TX,HAYS,Not Available,False,,,3.8,
670132,METHODIST SOUTHLAKE MEDICAL CENTER,SOUTHLAKE,TX,TARRANT,Not Available,True,90.0,111.0,3.8,21.0
670134,ALTUS LUMBERTON HOSPITAL,LUMBERTON,TX,HARDIN,Not Available,False,,,4.1,
670135,"ALTUS HOUSTON HOSPITAL, LP",HOUSTON,TX,HARRIS,Not Available,False,,,,
670136,BAYLOR SCOTT & WHITE MEDICAL CENTER- AUSTIN,AUSTIN,TX,TRAVIS,Not Available,False,,,3.9,
670260,TEXAS HEALTH HOSPITAL FRISCO,FRISCO,TX,DENTON,4,True,78.0,746.0,3.5,20.6
670265,LEGENT ORTHOPEDIC HOSPITAL,GRAPEVINE,TX,TARRANT,Not Available,True,67.0,122.0,4.4,
670266,TOWNSEN MEMORIAL HOSPITAL,HUMBLE,TX,HARRIS,Not Available,False,,,,
670267,THE WOODLANDS SPECIALTY HOSPITAL,SPRING,TX,MONTGOMERY,Not Available,False,,,3.9,
670285,ELITE HOSPITAL KINGWOOD,KINGWOOD,TX,HARRIS,Not Available,False,,,,
670300,METHODIST MIDLOTHIAN MEDICAL CENTER,MIDLOTHIAN,TX,ELLIS,4,True,83.0,382.0,3.6,19.4
670309,TEXAS HEALTH HOSPITAL MANSFIELD,MANSFIELD,TX,TARRANT,5,True,82.0,186.0,4.0,20.2
670314,ST MICHAELS MEDICAL HOSPITAL LLC,SUGAR LAND,TX,FORT BEND,Not Available,False,,,,
670320,EAST HOUSTON MEDICAL CENTER,HOUSTON,TX,HARRIS,Not Available,False,,,3.7,
670321,ADVANCED DALLAS HOSPITALS AND CLINICS,DALLAS,TX,DALLAS,Not Available,True,,,4.0,
670322,LEGENT SURGICAL HOSPITAL PLANO,PLANO,TX,COLLIN,Not Available,True,,,,
670326,BRUSHY CREEK FAMILY HOSPITAL LLC,ROUND ROCK,TX,WILLIAMSON,Not Available,False,,,,
670327,EXCEPTIONAL COMMUNITY HOSPITAL LUBBOCK,LUBBOCK,TX,LUBBOCK,Not Available,False,,,,
670331,MID COAST MEDICAL CENTER-TRINITY,TRINITY,TX,TRINITY,Not Available,False,,,,
670333,WESTOVER HILLS BAPTIST HOSPITAL,SAN ANTONIO,TX,BEXAR,Not Available,False,,,3.6,20.9
670335,UT HEALTH SAN ANTONIO MULTISPECIALTY & RESEARCH HO,SAN ANTONIO,TX,BEXAR,Not Available,False,,,4.0,
670336,BANDERA FAMILY HOSPITAL,SAN ANTONIO,TX,BEXAR,Not Available,False,,,,
670340,METHODIST CELINA MEDICAL CENTER,CELINA,TX,COLLIN,Not Available,True,,,3.8,
670342,HOUSTON METHODIST CYPRESS HOSPITAL,CYPRESS,TX,HARRIS,Not Available,False,,,3.5,21.6
670343,BAYLOR SCOTT & WHITE HOSPITAL BRENHAM,BRENHAM,TX,WASHINGTON,Not Available,False,,,,
670345,LEGENT NORTH HOUSTON SURGICAL HOSPITAL,BELLAIRE,TX,HARRIS,Not Available,False,,,,
670346,BAYLOR SCOTT AND WHITE MEDICAL CENTER FRISCO AT PG,FRISCO,TX,DENTON,Not Available,True,,,,
670347,BAYLOR SCOTT AND WHITE THE HEART HOSPITAL CORINTH,DENTON,TX,DENTON,Not Available,True,,,,
